passenger_id,age_group,gender,nationality,residence_country,residence_region,income_band,spending_power_proxy,household_type,occupation_type,language,life_stage,segment_label,preferred_route_cluster,preferred_travel_context,preferred_product_category,repeat_propensity,price_sensitivity_level,source_assumption_id
psg_0001,25-34,Female,United Kingdom,Netherlands,Western Europe,high,high,single,professional,English,early_career,Business / Commuter Travelers,channel_crossing_short,business,flex_ticket,0.466,low,src_tourism_stats_01
psg_0002,55-64,Female,Germany,Netherlands,South East England,high,high,retired_couple,retired,French,retired,Senior Mini-cruise Travelers,north_sea_overnight,mini_cruise_leisure,mini_cruise,0.324,low,src_tourism_stats_01
psg_0003,25-34,Prefer not to say,France,United Kingdom,South East England,high,mid,couple,self_employed,German,couple_stage,Car-based Cross-border Travelers,channel_crossing_short,transport_alternative,vehicle_crossing,0.424,medium,src_tourism_stats_01
psg_0004,35-44,Male,Germany,Netherlands,French North,upper_mid,mid,couple,professional,English,couple_stage,Pet-Friendly Travelers,channel_crossing_short,family_holiday,pet_travel,0.315,medium,src_tourism_stats_01
psg_0005,18-24,Female,United Kingdom,Germany,London and South East,mid,moderate,single,early_career,Dutch,early_career,Young Leisure Travelers,channel_crossing_short,weekend_getaway,mini_cruise,0.368,high,src_tourism_stats_01
psg_0006,25-34,Male,United Kingdom,United Kingdom,German North,high,high,couple,manager,Dutch,couple_stage,Business / Commuter Travelers,channel_crossing_short,business,flex_ticket,0.533,low,src_tourism_stats_01
psg_0007,25-34,Female,United Kingdom,United Kingdom,Nordics,high,upper_mid,family_with_children,self_employed,English,family_builder,Family Holiday Travelers,channel_crossing_short,family_holiday,family_package,0.5,medium,src_tourism_stats_01
psg_0008,55-64,Female,Netherlands,United Kingdom,Western Europe,mid,high,couple,retired,Danish,couple_stage,Senior Mini-cruise Travelers,north_sea_overnight,mini_cruise_leisure,mini_cruise,0.301,low,src_tourism_stats_01
psg_0009,18-24,Female,Germany,France,Western Europe,lower_mid,moderate,single,other,English,early_career,Young Leisure Travelers,channel_crossing_short,weekend_getaway,mini_cruise,0.407,high,src_tourism_stats_01
psg_0010,18-24,Male,Netherlands,France,Regional UK,lower_mid,lower_mid,single,service_worker,English,early_career,Price-sensitive Short-break Travelers,channel_crossing_short,shopping_trip,seat,0.334,high,src_tourism_stats_01
psg_0011,25-34,Male,United Kingdom,Ireland,German North,low,lower_mid,couple,early_career,English,couple_stage,Price-sensitive Short-break Travelers,channel_crossing_short,shopping_trip,seat,0.312,high,src_tourism_stats_01
psg_0012,65-74,Male,United Kingdom,United Kingdom,South East England,mid,high,retired_couple,other,English,retired,Senior Mini-cruise Travelers,north_sea_overnight,mini_cruise_leisure,mini_cruise,0.247,low,src_tourism_stats_01
psg_0013,45-54,Female,France,United Kingdom,Irish East Coast,mid,lower_mid,single,service_worker,French,working_adult,Price-sensitive Short-break Travelers,channel_crossing_short,shopping_trip,seat,0.252,high,src_tourism_stats_01
psg_0014,25-34,Female,France,Netherlands,Regional UK,lower_mid,lower_mid,family_with_children,early_career,English,family_builder,Price-sensitive Short-break Travelers,channel_crossing_short,shopping_trip,seat,0.282,high,src_tourism_stats_01
psg_0015,18-24,Female,Germany,United Kingdom,London and South East,lower_mid,moderate,couple,early_career,Dutch,couple_stage,Young Leisure Travelers,channel_crossing_short,weekend_getaway,mini_cruise,0.393,high,src_tourism_stats_01
psg_0016,18-24,Male,United Kingdom,United Kingdom,Nordics,mid,moderate,single,creative,German,early_career,Young Leisure Travelers,channel_crossing_short,weekend_getaway,mini_cruise,0.313,high,src_tourism_stats_01
psg_0017,25-34,Male,Netherlands,France,Western Europe,high,moderate,single,early_career,English,early_career,Young Leisure Travelers,channel_crossing_short,weekend_getaway,mini_cruise,0.393,high,src_tourism_stats_01
psg_0018,25-34,Male,France,United Kingdom,Northern England,high,upper_mid,family_with_children,other,French,family_builder,Family Holiday Travelers,channel_crossing_short,family_holiday,family_package,0.396,medium,src_tourism_stats_01
psg_0019,45-54,Prefer not to say,Sweden,Germany,Western Europe,upper_mid,mid,family_with_children,self_employed,English,family_builder,Pet-Friendly Travelers,channel_crossing_short,family_holiday,pet_travel,0.325,medium,src_tourism_stats_01
psg_0020,35-44,Male,France,France,German North,high,mid,couple,manager,English,couple_stage,Pet-Friendly Travelers,channel_crossing_short,family_holiday,pet_travel,0.316,medium,src_tourism_stats_01
psg_0021,35-44,Male,Netherlands,United Kingdom,South East England,upper_mid,mid,single,professional,Swedish,working_adult,Pet-Friendly Travelers,channel_crossing_short,family_holiday,pet_travel,0.29,medium,src_tourism_stats_01
psg_0022,35-44,Male,United Kingdom,United Kingdom,Nordics,mid,upper_mid,family_with_children,self_employed,English,family_builder,Family Holiday Travelers,channel_crossing_short,family_holiday,family_package,0.46,medium,src_tourism_stats_01
psg_0023,75+,Female,Germany,United Kingdom,Western Europe,high,high,couple,retired,German,retired,Senior Mini-cruise Travelers,north_sea_overnight,mini_cruise_leisure,mini_cruise,0.249,low,src_tourism_stats_01
psg_0024,75+,Prefer not to say,United Kingdom,United Kingdom,South East England,mid,high,retired_couple,other,English,retired,Senior Mini-cruise Travelers,north_sea_overnight,mini_cruise_leisure,mini_cruise,0.259,low,src_tourism_stats_01
psg_0025,35-44,Male,Ireland,Netherlands,Regional UK,mid,lower_mid,single,early_career,Other,working_adult,Price-sensitive Short-break Travelers,channel_crossing_short,shopping_trip,seat,0.236,high,src_tourism_stats_01
psg_0026,18-24,Male,United Kingdom,Germany,Western Europe,lower_mid,moderate,couple,early_career,English,couple_stage,Young Leisure Travelers,channel_crossing_short,weekend_getaway,mini_cruise,0.399,high,src_tourism_stats_01
psg_0027,18-24,Male,United Kingdom,United Kingdom,Irish East Coast,lower_mid,lower_mid,single,early_career,French,early_career,Price-sensitive Short-break Travelers,channel_crossing_short,shopping_trip,seat,0.271,high,src_tourism_stats_01
psg_0028,18-24,Non-binary,Sweden,Germany,Nordics,mid,moderate,single,student,English,early_career,Young Leisure Travelers,channel_crossing_short,weekend_getaway,mini_cruise,0.398,high,src_tourism_stats_01
psg_0029,35-44,Non-binary,United Kingdom,United Kingdom,Regional UK,mid,lower_mid,shared_household,service_worker,German,working_adult,Price-sensitive Short-break Travelers,channel_crossing_short,shopping_trip,seat,0.239,high,src_tourism_stats_01
psg_0030,45-54,Prefer not to say,Germany,Germany,Western Europe,high,mid,family_with_children,other,Dutch,family_builder,Pet-Friendly Travelers,channel_crossing_short,family_holiday,pet_travel,0.384,medium,src_tourism_stats_01
psg_0031,25-34,Male,United Kingdom,Germany,German North,low,lower_mid,shared_household,service_worker,English,early_career,Price-sensitive Short-break Travelers,channel_crossing_short,shopping_trip,seat,0.315,high,src_tourism_stats_01
psg_0032,25-34,Female,United Kingdom,Sweden,Nordics,mid,upper_mid,family_with_children,professional,Danish,family_builder,Family Holiday Travelers,channel_crossing_short,family_holiday,family_package,0.454,medium,src_tourism_stats_01
psg_0033,25-34,Prefer not to say,United Kingdom,Sweden,Western Europe,mid,mid,couple,manager,English,couple_stage,Pet-Friendly Travelers,channel_crossing_short,family_holiday,pet_travel,0.353,medium,src_tourism_stats_01
psg_0034,65-74,Male,United Kingdom,Germany,South East England,mid,high,couple,other,German,retired,Senior Mini-cruise Travelers,north_sea_overnight,mini_cruise_leisure,mini_cruise,0.32,low,src_tourism_stats_01
psg_0035,25-34,Male,France,France,Irish East Coast,high,mid,family_with_children,manager,French,family_builder,Car-based Cross-border Travelers,channel_crossing_short,transport_alternative,vehicle_crossing,0.408,medium,src_tourism_stats_01
psg_0036,25-34,Male,Denmark,Germany,Nordics,upper_mid,upper_mid,family_with_children,manager,English,family_builder,Family Holiday Travelers,channel_crossing_short,family_holiday,family_package,0.424,medium,src_tourism_stats_01
psg_0037,45-54,Male,France,France,South East England,upper_mid,mid,shared_household,self_employed,English,working_adult,Car-based Cross-border Travelers,channel_crossing_short,transport_alternative,vehicle_crossing,0.37,medium,src_tourism_stats_01
psg_0038,65-74,Female,France,Germany,Western Europe,upper_mid,high,couple,retired,English,retired,Senior Mini-cruise Travelers,north_sea_overnight,mini_cruise_leisure,mini_cruise,0.297,low,src_tourism_stats_01
psg_0039,18-24,Male,Netherlands,United Kingdom,Western Europe,lower_mid,lower_mid,single,early_career,English,early_career,Price-sensitive Short-break Travelers,channel_crossing_short,shopping_trip,seat,0.31,high,src_tourism_stats_01
psg_0040,18-24,Male,United Kingdom,Ireland,Western Europe,low,lower_mid,single,other,English,early_career,Price-sensitive Short-break Travelers,channel_crossing_short,shopping_trip,seat,0.316,high,src_tourism_stats_01
psg_0041,65-74,Male,Sweden,France,Nordics,high,very_high,retired_couple,executive,German,retired,High-value Comfort Seekers,north_sea_overnight,weekend_getaway,cabin,0.428,low,src_tourism_stats_01
psg_0042,45-54,Female,United Kingdom,Germany,London and South East,high,very_high,retired_couple,manager,English,retired,High-value Comfort Seekers,north_sea_overnight,weekend_getaway,cabin,0.354,low,src_tourism_stats_01
psg_0043,35-44,Male,United Kingdom,United Kingdom,Western Europe,upper_mid,upper_mid,family_with_children,manager,French,family_builder,Family Holiday Travelers,channel_crossing_short,family_holiday,family_package,0.44,medium,src_tourism_stats_01
psg_0044,35-44,Prefer not to say,Netherlands,Germany,Nordics,upper_mid,upper_mid,family_with_children,professional,English,family_builder,Family Holiday Travelers,channel_crossing_short,family_holiday,family_package,0.48,medium,src_tourism_stats_01
psg_0045,45-54,Male,Netherlands,France,Western Europe,low,lower_mid,single,service_worker,English,working_adult,Price-sensitive Short-break Travelers,channel_crossing_short,shopping_trip,seat,0.26,high,src_tourism_stats_01
psg_0046,45-54,Female,Netherlands,United Kingdom,Nordics,upper_mid,very_high,couple,professional,English,couple_stage,High-value Comfort Seekers,north_sea_overnight,weekend_getaway,cabin,0.397,low,src_tourism_stats_01
psg_0047,25-34,Female,United Kingdom,United Kingdom,London and South East,upper_mid,moderate,single,creative,German,early_career,Young Leisure Travelers,channel_crossing_short,weekend_getaway,mini_cruise,0.32,high,src_tourism_stats_01
psg_0048,18-24,Male,Denmark,United Kingdom,Western Europe,upper_mid,moderate,couple,creative,Dutch,couple_stage,Young Leisure Travelers,channel_crossing_short,weekend_getaway,mini_cruise,0.314,high,src_tourism_stats_01
psg_0049,18-24,Female,Germany,Germany,London and South East,mid,moderate,couple,student,English,couple_stage,Young Leisure Travelers,channel_crossing_short,weekend_getaway,mini_cruise,0.38,high,src_tourism_stats_01
psg_0050,25-34,Prefer not to say,United Kingdom,United Kingdom,London and South East,mid,moderate,shared_household,early_career,French,early_career,Young Leisure Travelers,channel_crossing_short,weekend_getaway,mini_cruise,0.299,high,src_tourism_stats_01
psg_0051,55-64,Female,Germany,France,Nordics,upper_mid,very_high,single,professional,English,working_adult,High-value Comfort Seekers,north_sea_overnight,weekend_getaway,cabin,0.371,low,src_tourism_stats_01
psg_0052,45-54,Male,Germany,Germany,South East England,high,mid,couple,self_employed,German,couple_stage,Car-based Cross-border Travelers,channel_crossing_short,transport_alternative,vehicle_crossing,0.412,medium,src_tourism_stats_01
psg_0053,65-74,Female,France,Netherlands,Western Europe,high,very_high,family_with_children,manager,French,family_builder,High-value Comfort Seekers,north_sea_overnight,weekend_getaway,cabin,0.42,low,src_tourism_stats_01
psg_0054,25-34,Female,Netherlands,Germany,London and South East,lower_mid,moderate,shared_household,student,English,early_career,Young Leisure Travelers,channel_crossing_short,weekend_getaway,mini_cruise,0.386,high,src_tourism_stats_01
psg_0055,45-54,Male,United Kingdom,United Kingdom,Scandinavia,mid,mid,couple,manager,German,couple_stage,Car-based Cross-border Travelers,channel_crossing_short,transport_alternative,vehicle_crossing,0.443,medium,src_tourism_stats_01
psg_0056,35-44,Male,United Kingdom,United Kingdom,Western Europe,upper_mid,high,couple,professional,French,couple_stage,Business / Commuter Travelers,channel_crossing_short,business,flex_ticket,0.491,low,src_tourism_stats_01
psg_0057,45-54,Male,United Kingdom,United Kingdom,Western Europe,upper_mid,very_high,couple,professional,Dutch,couple_stage,High-value Comfort Seekers,north_sea_overnight,weekend_getaway,cabin,0.342,low,src_tourism_stats_01
psg_0058,35-44,Male,Denmark,Netherlands,Northern England,mid,upper_mid,family_with_children,professional,English,family_builder,Family Holiday Travelers,channel_crossing_short,family_holiday,family_package,0.392,medium,src_tourism_stats_01
psg_0059,55-64,Prefer not to say,Netherlands,Germany,South East England,mid,high,couple,other,Dutch,couple_stage,Senior Mini-cruise Travelers,north_sea_overnight,mini_cruise_leisure,mini_cruise,0.296,low,src_tourism_stats_01
psg_0060,25-34,Female,Sweden,France,Irish East Coast,upper_mid,mid,family_with_children,skilled_trade,English,family_builder,Car-based Cross-border Travelers,channel_crossing_short,transport_alternative,vehicle_crossing,0.378,medium,src_tourism_stats_01
psg_0061,35-44,Non-binary,United Kingdom,Netherlands,Western Europe,high,high,single,manager,French,working_adult,Business / Commuter Travelers,channel_crossing_short,business,flex_ticket,0.493,low,src_tourism_stats_01
psg_0062,45-54,Female,Netherlands,Netherlands,Irish East Coast,mid,lower_mid,single,service_worker,German,working_adult,Price-sensitive Short-break Travelers,channel_crossing_short,shopping_trip,seat,0.239,high,src_tourism_stats_01
psg_0063,25-34,Female,France,Netherlands,Northern England,mid,upper_mid,couple,teacher,English,couple_stage,Family Holiday Travelers,channel_crossing_short,family_holiday,family_package,0.472,medium,src_tourism_stats_01
psg_0064,45-54,Male,Netherlands,Sweden,South East England,upper_mid,mid,couple,other,Dutch,couple_stage,Pet-Friendly Travelers,channel_crossing_short,family_holiday,pet_travel,0.289,medium,src_tourism_stats_01
psg_0065,35-44,Male,Netherlands,United Kingdom,Greater London,upper_mid,upper_mid,family_with_children,other,French,family_builder,Family Holiday Travelers,channel_crossing_short,family_holiday,family_package,0.449,medium,src_tourism_stats_01
psg_0066,18-24,Male,United Kingdom,United Kingdom,London and South East,high,moderate,shared_household,early_career,Dutch,early_career,Young Leisure Travelers,channel_crossing_short,weekend_getaway,mini_cruise,0.41,high,src_tourism_stats_01
psg_0067,45-54,Female,Germany,Netherlands,Nordics,mid,very_high,couple,professional,Dutch,couple_stage,High-value Comfort Seekers,north_sea_overnight,weekend_getaway,cabin,0.379,low,src_tourism_stats_01
psg_0068,18-24,Female,Germany,Sweden,London and South East,mid,moderate,single,other,German,early_career,Young Leisure Travelers,channel_crossing_short,weekend_getaway,mini_cruise,0.356,high,src_tourism_stats_01
psg_0069,65-74,Female,Denmark,Netherlands,Western Europe,mid,high,retired_couple,manager,English,retired,Senior Mini-cruise Travelers,north_sea_overnight,mini_cruise_leisure,mini_cruise,0.263,low,src_tourism_stats_01
psg_0070,45-54,Male,Germany,United Kingdom,Northern France,high,mid,family_with_children,skilled_trade,English,family_builder,Car-based Cross-border Travelers,channel_crossing_short,transport_alternative,vehicle_crossing,0.477,medium,src_tourism_stats_01
psg_0071,25-34,Female,France,France,London and South East,high,high,shared_household,professional,English,early_career,Business / Commuter Travelers,channel_crossing_short,business,flex_ticket,0.54,low,src_tourism_stats_01
psg_0072,65-74,Male,United Kingdom,France,Channel Islands,upper_mid,high,couple,retired,Danish,retired,Senior Mini-cruise Travelers,north_sea_overnight,mini_cruise_leisure,mini_cruise,0.301,low,src_tourism_stats_01
psg_0073,35-44,Female,Netherlands,France,French North,lower_mid,lower_mid,shared_household,service_worker,English,working_adult,Price-sensitive Short-break Travelers,channel_crossing_short,shopping_trip,seat,0.29,high,src_tourism_stats_01
psg_0074,35-44,Female,France,United Kingdom,South East England,upper_mid,mid,couple,professional,English,couple_stage,Pet-Friendly Travelers,channel_crossing_short,family_holiday,pet_travel,0.364,medium,src_tourism_stats_01
psg_0075,25-34,Male,United Kingdom,Netherlands,Nordic Capitals,high,high,single,manager,Dutch,early_career,Business / Commuter Travelers,channel_crossing_short,business,flex_ticket,0.558,low,src_tourism_stats_01
psg_0076,55-64,Male,Netherlands,France,Nordics,high,high,couple,retired,German,couple_stage,Senior Mini-cruise Travelers,north_sea_overnight,mini_cruise_leisure,mini_cruise,0.289,low,src_tourism_stats_01
psg_0077,35-44,Male,Sweden,Netherlands,Nordics,high,very_high,family_with_children,executive,French,family_builder,High-value Comfort Seekers,north_sea_overnight,weekend_getaway,cabin,0.366,low,src_tourism_stats_01
psg_0078,45-54,Male,Germany,United Kingdom,South East England,upper_mid,mid,shared_household,other,German,working_adult,Car-based Cross-border Travelers,channel_crossing_short,transport_alternative,vehicle_crossing,0.412,medium,src_tourism_stats_01
psg_0079,25-34,Non-binary,Netherlands,France,Nordics,lower_mid,moderate,couple,early_career,English,couple_stage,Young Leisure Travelers,channel_crossing_short,weekend_getaway,mini_cruise,0.307,high,src_tourism_stats_01
psg_0080,65-74,Male,United Kingdom,United Kingdom,Nordics,high,high,couple,other,English,retired,Senior Mini-cruise Travelers,north_sea_overnight,mini_cruise_leisure,mini_cruise,0.295,low,src_tourism_stats_01
psg_0081,35-44,Female,Germany,Sweden,Western Europe,mid,upper_mid,family_with_children,professional,French,family_builder,Family Holiday Travelers,channel_crossing_short,family_holiday,family_package,0.467,medium,src_tourism_stats_01
psg_0082,35-44,Non-binary,United Kingdom,France,Northern France,mid,mid,couple,skilled_trade,Dutch,couple_stage,Car-based Cross-border Travelers,channel_crossing_short,transport_alternative,vehicle_crossing,0.395,medium,src_tourism_stats_01
psg_0083,45-54,Female,France,Netherlands,Nordics,mid,mid,couple,self_employed,Swedish,couple_stage,Pet-Friendly Travelers,channel_crossing_short,family_holiday,pet_travel,0.314,medium,src_tourism_stats_01
psg_0084,35-44,Female,Netherlands,Netherlands,Western Europe,mid,lower_mid,couple,other,German,couple_stage,Price-sensitive Short-break Travelers,channel_crossing_short,shopping_trip,seat,0.328,high,src_tourism_stats_01
psg_0085,35-44,Male,France,Netherlands,London and South East,upper_mid,high,shared_household,professional,English,working_adult,Business / Commuter Travelers,channel_crossing_short,business,flex_ticket,0.505,low,src_tourism_stats_01
psg_0086,35-44,Prefer not to say,Germany,United Kingdom,French North,upper_mid,mid,single,manager,English,working_adult,Pet-Friendly Travelers,channel_crossing_short,family_holiday,pet_travel,0.294,medium,src_tourism_stats_01
psg_0087,25-34,Prefer not to say,Germany,Netherlands,German North,high,mid,single,professional,German,early_career,Pet-Friendly Travelers,channel_crossing_short,family_holiday,pet_travel,0.282,medium,src_tourism_stats_01
psg_0088,65-74,Male,Germany,Netherlands,Nordics,mid,high,couple,retired,English,retired,Senior Mini-cruise Travelers,north_sea_overnight,mini_cruise_leisure,mini_cruise,0.346,low,src_tourism_stats_01
psg_0089,55-64,Female,United Kingdom,Germany,German North,upper_mid,high,couple,professional,Dutch,couple_stage,Business / Commuter Travelers,channel_crossing_short,business,flex_ticket,0.477,low,src_tourism_stats_01
psg_0090,55-64,Prefer not to say,United Kingdom,Netherlands,Western Europe,high,high,single,retired,German,working_adult,Senior Mini-cruise Travelers,north_sea_overnight,mini_cruise_leisure,mini_cruise,0.259,low,src_tourism_stats_01
psg_0091,25-34,Male,France,Sweden,South East England,mid,mid,family_with_children,other,German,family_builder,Car-based Cross-border Travelers,channel_crossing_short,transport_alternative,vehicle_crossing,0.372,medium,src_tourism_stats_01
psg_0092,45-54,Prefer not to say,Netherlands,Netherlands,Western Europe,upper_mid,very_high,family_with_children,professional,Dutch,family_builder,High-value Comfort Seekers,north_sea_overnight,weekend_getaway,cabin,0.397,low,src_tourism_stats_01
psg_0093,25-34,Male,United Kingdom,United Kingdom,Western Europe,mid,high,shared_household,professional,English,early_career,Business / Commuter Travelers,channel_crossing_short,business,flex_ticket,0.544,low,src_tourism_stats_01
psg_0094,25-34,Prefer not to say,United Kingdom,Germany,South East England,mid,mid,family_with_children,professional,French,family_builder,Car-based Cross-border Travelers,channel_crossing_short,transport_alternative,vehicle_crossing,0.363,medium,src_tourism_stats_01
psg_0095,25-34,Female,United Kingdom,United Kingdom,London and South East,upper_mid,moderate,couple,creative,English,couple_stage,Young Leisure Travelers,channel_crossing_short,weekend_getaway,mini_cruise,0.383,high,src_tourism_stats_01
psg_0096,55-64,Male,Denmark,United Kingdom,Nordics,mid,high,couple,retired,Danish,couple_stage,Senior Mini-cruise Travelers,north_sea_overnight,mini_cruise_leisure,mini_cruise,0.247,low,src_tourism_stats_01
psg_0097,65-74,Male,Netherlands,Denmark,South East England,upper_mid,high,retired_couple,retired,English,retired,Senior Mini-cruise Travelers,north_sea_overnight,mini_cruise_leisure,mini_cruise,0.316,low,src_tourism_stats_01
psg_0098,35-44,Non-binary,France,France,Western Europe,mid,high,shared_household,consultant,German,working_adult,Business / Commuter Travelers,channel_crossing_short,business,flex_ticket,0.532,low,src_tourism_stats_01
psg_0099,45-54,Male,United Kingdom,Netherlands,Western Europe,high,very_high,couple,professional,Dutch,couple_stage,High-value Comfort Seekers,north_sea_overnight,weekend_getaway,cabin,0.365,low,src_tourism_stats_01
psg_0100,45-54,Female,Germany,United Kingdom,Greater London,upper_mid,upper_mid,couple,manager,French,couple_stage,Family Holiday Travelers,channel_crossing_short,family_holiday,family_package,0.457,medium,src_tourism_stats_01
psg_0101,25-34,Male,Ireland,Germany,Irish East Coast,high,mid,shared_household,skilled_trade,English,early_career,Car-based Cross-border Travelers,channel_crossing_short,transport_alternative,vehicle_crossing,0.429,medium,src_tourism_stats_01
psg_0102,35-44,Female,United Kingdom,Sweden,Northern England,upper_mid,upper_mid,family_with_children,other,Swedish,family_builder,Family Holiday Travelers,channel_crossing_short,family_holiday,family_package,0.507,medium,src_tourism_stats_01
psg_0103,35-44,Male,United Kingdom,Ireland,German North,low,lower_mid,single,early_career,English,working_adult,Price-sensitive Short-break Travelers,channel_crossing_short,shopping_trip,seat,0.261,high,src_tourism_stats_01
psg_0104,25-34,Male,Netherlands,United Kingdom,Western Europe,lower_mid,moderate,couple,early_career,English,couple_stage,Young Leisure Travelers,channel_crossing_short,weekend_getaway,mini_cruise,0.331,high,src_tourism_stats_01
psg_0105,45-54,Male,France,United Kingdom,South East England,mid,mid,couple,skilled_trade,English,couple_stage,Car-based Cross-border Travelers,channel_crossing_short,transport_alternative,vehicle_crossing,0.439,medium,src_tourism_stats_01
psg_0106,65-74,Female,Germany,United Kingdom,Western Europe,upper_mid,high,retired_couple,retired,German,retired,Senior Mini-cruise Travelers,north_sea_overnight,mini_cruise_leisure,mini_cruise,0.245,low,src_tourism_stats_01
psg_0107,45-54,Female,France,United Kingdom,South East England,mid,mid,family_with_children,professional,German,family_builder,Car-based Cross-border Travelers,channel_crossing_short,transport_alternative,vehicle_crossing,0.381,medium,src_tourism_stats_01
psg_0108,45-54,Male,Germany,Germany,South East England,high,mid,family_with_children,professional,Dutch,family_builder,Car-based Cross-border Travelers,channel_crossing_short,transport_alternative,vehicle_crossing,0.463,medium,src_tourism_stats_01
psg_0109,35-44,Male,France,United Kingdom,London and South East,upper_mid,high,shared_household,manager,Dutch,working_adult,Business / Commuter Travelers,channel_crossing_short,business,flex_ticket,0.55,low,src_tourism_stats_01
psg_0110,25-34,Female,Germany,Netherlands,London and South East,mid,moderate,single,early_career,English,early_career,Young Leisure Travelers,channel_crossing_short,weekend_getaway,mini_cruise,0.351,high,src_tourism_stats_01
psg_0111,25-34,Prefer not to say,United Kingdom,France,Nordics,upper_mid,moderate,single,student,English,early_career,Young Leisure Travelers,channel_crossing_short,weekend_getaway,mini_cruise,0.362,high,src_tourism_stats_01
psg_0112,55-64,Female,Germany,Netherlands,London and South East,high,very_high,couple,consultant,German,couple_stage,High-value Comfort Seekers,north_sea_overnight,weekend_getaway,cabin,0.396,low,src_tourism_stats_01
psg_0113,45-54,Male,United Kingdom,United Kingdom,Western Europe,upper_mid,high,single,professional,French,working_adult,Business / Commuter Travelers,channel_crossing_short,business,flex_ticket,0.477,low,src_tourism_stats_01
psg_0114,55-64,Prefer not to say,United Kingdom,France,Nordics,high,high,couple,retired,English,couple_stage,Senior Mini-cruise Travelers,north_sea_overnight,mini_cruise_leisure,mini_cruise,0.335,low,src_tourism_stats_01
psg_0115,25-34,Non-binary,Netherlands,United Kingdom,Western Europe,low,lower_mid,single,student,Other,early_career,Price-sensitive Short-break Travelers,channel_crossing_short,shopping_trip,seat,0.261,high,src_tourism_stats_01
psg_0116,45-54,Female,United Kingdom,Netherlands,Western Europe,high,very_high,couple,manager,English,couple_stage,High-value Comfort Seekers,north_sea_overnight,weekend_getaway,cabin,0.369,low,src_tourism_stats_01
psg_0117,45-54,Male,Ireland,United Kingdom,South East England,upper_mid,mid,family_with_children,self_employed,French,family_builder,Car-based Cross-border Travelers,channel_crossing_short,transport_alternative,vehicle_crossing,0.469,medium,src_tourism_stats_01
psg_0118,25-34,Male,United Kingdom,United Kingdom,French North,lower_mid,lower_mid,single,early_career,Other,early_career,Price-sensitive Short-break Travelers,channel_crossing_short,shopping_trip,seat,0.257,high,src_tourism_stats_01
psg_0119,45-54,Non-binary,Ireland,Germany,German North,upper_mid,mid,couple,skilled_trade,French,couple_stage,Car-based Cross-border Travelers,channel_crossing_short,transport_alternative,vehicle_crossing,0.403,medium,src_tourism_stats_01
psg_0120,25-34,Female,Sweden,France,South East England,mid,mid,family_with_children,self_employed,English,family_builder,Car-based Cross-border Travelers,channel_crossing_short,transport_alternative,vehicle_crossing,0.453,medium,src_tourism_stats_01
psg_0121,35-44,Female,United Kingdom,Netherlands,Regional UK,lower_mid,lower_mid,single,other,Dutch,working_adult,Price-sensitive Short-break Travelers,channel_crossing_short,shopping_trip,seat,0.317,high,src_tourism_stats_01
psg_0122,35-44,Male,Germany,United Kingdom,Western Europe,mid,upper_mid,couple,manager,French,couple_stage,Family Holiday Travelers,channel_crossing_short,family_holiday,family_package,0.427,medium,src_tourism_stats_01
psg_0123,25-34,Non-binary,United Kingdom,Ireland,French North,lower_mid,lower_mid,single,service_worker,French,early_career,Price-sensitive Short-break Travelers,channel_crossing_short,shopping_trip,seat,0.336,high,src_tourism_stats_01
psg_0124,35-44,Female,United Kingdom,Netherlands,German North,lower_mid,lower_mid,single,other,Other,working_adult,Price-sensitive Short-break Travelers,channel_crossing_short,shopping_trip,seat,0.254,high,src_tourism_stats_01
psg_0125,45-54,Prefer not to say,United Kingdom,Netherlands,Scandinavia,upper_mid,very_high,couple,manager,English,couple_stage,High-value Comfort Seekers,north_sea_overnight,weekend_getaway,cabin,0.326,low,src_tourism_stats_01
psg_0126,55-64,Prefer not to say,United Kingdom,United Kingdom,Channel Islands,mid,high,retired_couple,other,English,retired,Senior Mini-cruise Travelers,north_sea_overnight,mini_cruise_leisure,mini_cruise,0.274,low,src_tourism_stats_01
psg_0127,35-44,Female,Netherlands,France,Regional UK,low,lower_mid,single,other,French,working_adult,Price-sensitive Short-break Travelers,channel_crossing_short,shopping_trip,seat,0.307,high,src_tourism_stats_01
psg_0128,55-64,Female,United Kingdom,United Kingdom,Western Europe,high,high,couple,retired,Danish,couple_stage,Senior Mini-cruise Travelers,north_sea_overnight,mini_cruise_leisure,mini_cruise,0.312,low,src_tourism_stats_01
psg_0129,25-34,Female,United Kingdom,Netherlands,Western Europe,lower_mid,moderate,single,creative,English,early_career,Young Leisure Travelers,channel_crossing_short,weekend_getaway,mini_cruise,0.407,high,src_tourism_stats_01
psg_0130,25-34,Male,Denmark,Germany,London and South East,mid,moderate,couple,other,English,couple_stage,Young Leisure Travelers,channel_crossing_short,weekend_getaway,mini_cruise,0.292,high,src_tourism_stats_01
psg_0131,25-34,Male,Netherlands,Netherlands,Irish East Coast,lower_mid,lower_mid,single,early_career,Other,early_career,Price-sensitive Short-break Travelers,channel_crossing_short,shopping_trip,seat,0.241,high,src_tourism_stats_01
psg_0132,25-34,Male,Netherlands,Germany,Regional UK,mid,lower_mid,couple,service_worker,English,couple_stage,Price-sensitive Short-break Travelers,channel_crossing_short,shopping_trip,seat,0.244,high,src_tourism_stats_01
psg_0133,35-44,Male,Denmark,Germany,London and South East,upper_mid,moderate,single,early_career,French,working_adult,Young Leisure Travelers,channel_crossing_short,weekend_getaway,mini_cruise,0.394,high,src_tourism_stats_01
psg_0134,25-34,Male,Germany,Germany,Irish East Coast,mid,mid,shared_household,manager,French,early_career,Car-based Cross-border Travelers,channel_crossing_short,transport_alternative,vehicle_crossing,0.471,medium,src_tourism_stats_01
psg_0135,75+,Male,United Kingdom,Germany,Nordics,high,high,couple,retired,Dutch,retired,Senior Mini-cruise Travelers,north_sea_overnight,mini_cruise_leisure,mini_cruise,0.277,low,src_tourism_stats_01
psg_0136,35-44,Male,United Kingdom,United Kingdom,Nordic Capitals,upper_mid,high,shared_household,professional,Dutch,working_adult,Business / Commuter Travelers,channel_crossing_short,business,flex_ticket,0.554,low,src_tourism_stats_01
psg_0137,25-34,Female,France,Germany,Nordics,lower_mid,moderate,couple,creative,English,couple_stage,Young Leisure Travelers,channel_crossing_short,weekend_getaway,mini_cruise,0.298,high,src_tourism_stats_01
psg_0138,25-34,Female,France,Netherlands,Western Europe,mid,lower_mid,single,early_career,French,early_career,Price-sensitive Short-break Travelers,channel_crossing_short,shopping_trip,seat,0.284,high,src_tourism_stats_01
psg_0139,45-54,Female,United Kingdom,Germany,Northern France,mid,mid,couple,professional,English,couple_stage,Car-based Cross-border Travelers,channel_crossing_short,transport_alternative,vehicle_crossing,0.414,medium,src_tourism_stats_01
psg_0140,35-44,Prefer not to say,France,United Kingdom,French North,upper_mid,mid,single,self_employed,English,working_adult,Pet-Friendly Travelers,channel_crossing_short,family_holiday,pet_travel,0.362,medium,src_tourism_stats_01
psg_0141,25-34,Female,United Kingdom,France,German North,mid,lower_mid,shared_household,other,German,early_career,Price-sensitive Short-break Travelers,channel_crossing_short,shopping_trip,seat,0.315,high,src_tourism_stats_01
psg_0142,55-64,Female,United Kingdom,Germany,South East England,high,high,couple,other,English,couple_stage,Senior Mini-cruise Travelers,north_sea_overnight,mini_cruise_leisure,mini_cruise,0.313,low,src_tourism_stats_01
psg_0143,18-24,Prefer not to say,France,Netherlands,Western Europe,upper_mid,moderate,single,other,English,early_career,Young Leisure Travelers,channel_crossing_short,weekend_getaway,mini_cruise,0.344,high,src_tourism_stats_01
psg_0144,45-54,Prefer not to say,Germany,Germany,Western Europe,mid,very_high,couple,consultant,English,couple_stage,High-value Comfort Seekers,north_sea_overnight,weekend_getaway,cabin,0.335,low,src_tourism_stats_01
psg_0145,25-34,Female,Germany,France,Nordics,high,upper_mid,couple,professional,German,couple_stage,Family Holiday Travelers,channel_crossing_short,family_holiday,family_package,0.456,medium,src_tourism_stats_01
psg_0146,18-24,Male,Netherlands,United Kingdom,Nordics,lower_mid,moderate,couple,creative,English,couple_stage,Young Leisure Travelers,channel_crossing_short,weekend_getaway,mini_cruise,0.391,high,src_tourism_stats_01
psg_0147,45-54,Female,United Kingdom,Netherlands,Western Europe,high,high,shared_household,professional,German,working_adult,Business / Commuter Travelers,channel_crossing_short,business,flex_ticket,0.5,low,src_tourism_stats_01
psg_0148,25-34,Non-binary,France,Germany,Western Europe,upper_mid,high,single,professional,French,early_career,Business / Commuter Travelers,channel_crossing_short,business,flex_ticket,0.498,low,src_tourism_stats_01
psg_0149,35-44,Female,Germany,Germany,Nordics,high,upper_mid,family_with_children,professional,French,family_builder,Family Holiday Travelers,channel_crossing_short,family_holiday,family_package,0.428,medium,src_tourism_stats_01
psg_0150,55-64,Female,United Kingdom,United Kingdom,Western Europe,high,high,couple,other,English,couple_stage,Senior Mini-cruise Travelers,north_sea_overnight,mini_cruise_leisure,mini_cruise,0.279,low,src_tourism_stats_01
psg_0151,35-44,Male,France,France,Western Europe,upper_mid,high,single,self_employed,French,working_adult,Business / Commuter Travelers,channel_crossing_short,business,flex_ticket,0.556,low,src_tourism_stats_01
psg_0152,35-44,Female,France,Sweden,Western Europe,upper_mid,upper_mid,family_with_children,other,English,family_builder,Family Holiday Travelers,channel_crossing_short,family_holiday,family_package,0.496,medium,src_tourism_stats_01
psg_0153,55-64,Female,Netherlands,Netherlands,Western Europe,high,very_high,couple,professional,Dutch,couple_stage,High-value Comfort Seekers,north_sea_overnight,weekend_getaway,cabin,0.354,low,src_tourism_stats_01
psg_0154,45-54,Female,Sweden,United Kingdom,Nordics,mid,mid,multi_generational,manager,English,working_adult,Pet-Friendly Travelers,channel_crossing_short,family_holiday,pet_travel,0.341,medium,src_tourism_stats_01
psg_0155,55-64,Female,United Kingdom,Netherlands,Western Europe,high,high,couple,retired,Dutch,couple_stage,Senior Mini-cruise Travelers,north_sea_overnight,mini_cruise_leisure,mini_cruise,0.26,low,src_tourism_stats_01
psg_0156,45-54,Female,United Kingdom,Germany,South East England,high,mid,family_with_children,other,English,family_builder,Pet-Friendly Travelers,channel_crossing_short,family_holiday,pet_travel,0.361,medium,src_tourism_stats_01
psg_0157,35-44,Male,Netherlands,Netherlands,Western Europe,upper_mid,mid,multi_generational,manager,German,working_adult,Pet-Friendly Travelers,channel_crossing_short,family_holiday,pet_travel,0.349,medium,src_tourism_stats_01
psg_0158,45-54,Female,Germany,Germany,London and South East,upper_mid,very_high,retired_couple,manager,Swedish,retired,High-value Comfort Seekers,north_sea_overnight,weekend_getaway,cabin,0.333,low,src_tourism_stats_01
psg_0159,18-24,Female,Germany,Netherlands,Western Europe,high,moderate,shared_household,creative,English,early_career,Young Leisure Travelers,channel_crossing_short,weekend_getaway,mini_cruise,0.307,high,src_tourism_stats_01
psg_0160,35-44,Male,Netherlands,United Kingdom,Greater London,high,upper_mid,family_with_children,professional,Dutch,family_builder,Family Holiday Travelers,channel_crossing_short,family_holiday,family_package,0.477,medium,src_tourism_stats_01
psg_0161,35-44,Male,United Kingdom,United Kingdom,Western Europe,upper_mid,high,shared_household,professional,English,working_adult,Business / Commuter Travelers,channel_crossing_short,business,flex_ticket,0.465,low,src_tourism_stats_01
psg_0162,45-54,Female,Sweden,Germany,Western Europe,upper_mid,very_high,retired_couple,manager,Swedish,retired,High-value Comfort Seekers,north_sea_overnight,weekend_getaway,cabin,0.418,low,src_tourism_stats_01
psg_0163,45-54,Female,United Kingdom,Netherlands,Western Europe,upper_mid,mid,family_with_children,self_employed,English,family_builder,Pet-Friendly Travelers,channel_crossing_short,family_holiday,pet_travel,0.345,medium,src_tourism_stats_01
psg_0164,45-54,Female,Netherlands,France,Western Europe,upper_mid,mid,couple,manager,English,couple_stage,Pet-Friendly Travelers,channel_crossing_short,family_holiday,pet_travel,0.33,medium,src_tourism_stats_01
psg_0165,35-44,Male,United Kingdom,Netherlands,Scandinavia,high,very_high,single,executive,German,working_adult,High-value Comfort Seekers,north_sea_overnight,weekend_getaway,cabin,0.344,low,src_tourism_stats_01
psg_0166,35-44,Male,Sweden,United Kingdom,South East England,upper_mid,mid,couple,other,Swedish,couple_stage,Pet-Friendly Travelers,channel_crossing_short,family_holiday,pet_travel,0.301,medium,src_tourism_stats_01
psg_0167,18-24,Prefer not to say,Ireland,United Kingdom,Western Europe,mid,lower_mid,family_with_children,other,Other,family_builder,Price-sensitive Short-break Travelers,channel_crossing_short,shopping_trip,seat,0.221,high,src_tourism_stats_01
psg_0168,25-34,Non-binary,United Kingdom,Germany,Western Europe,upper_mid,high,shared_household,consultant,French,early_career,Business / Commuter Travelers,channel_crossing_short,business,flex_ticket,0.463,low,src_tourism_stats_01
psg_0169,18-24,Male,United Kingdom,United Kingdom,Western Europe,upper_mid,moderate,couple,creative,English,couple_stage,Young Leisure Travelers,channel_crossing_short,weekend_getaway,mini_cruise,0.393,high,src_tourism_stats_01
psg_0170,35-44,Male,United Kingdom,Netherlands,Regional UK,low,lower_mid,single,service_worker,English,working_adult,Price-sensitive Short-break Travelers,channel_crossing_short,shopping_trip,seat,0.248,high,src_tourism_stats_01
psg_0171,65-74,Female,Germany,United Kingdom,Nordics,high,very_high,couple,manager,English,retired,High-value Comfort Seekers,north_sea_overnight,weekend_getaway,cabin,0.369,low,src_tourism_stats_01
psg_0172,75+,Male,United Kingdom,United Kingdom,Channel Islands,upper_mid,high,retired_couple,retired,English,retired,Senior Mini-cruise Travelers,north_sea_overnight,mini_cruise_leisure,mini_cruise,0.258,low,src_tourism_stats_01
psg_0173,55-64,Male,Netherlands,Netherlands,Nordics,high,very_high,couple,manager,Dutch,couple_stage,High-value Comfort Seekers,north_sea_overnight,weekend_getaway,cabin,0.425,low,src_tourism_stats_01
psg_0174,25-34,Male,United Kingdom,Germany,London and South East,mid,moderate,couple,early_career,English,couple_stage,Young Leisure Travelers,channel_crossing_short,weekend_getaway,mini_cruise,0.329,high,src_tourism_stats_01
psg_0175,55-64,Female,Netherlands,United Kingdom,Western Europe,mid,high,couple,manager,English,couple_stage,Senior Mini-cruise Travelers,north_sea_overnight,mini_cruise_leisure,mini_cruise,0.247,low,src_tourism_stats_01
psg_0176,75+,Male,United Kingdom,France,Nordics,high,high,couple,retired,English,retired,Senior Mini-cruise Travelers,north_sea_overnight,mini_cruise_leisure,mini_cruise,0.359,low,src_tourism_stats_01
psg_0177,25-34,Prefer not to say,United Kingdom,France,Nordics,high,mid,multi_generational,manager,French,working_adult,Pet-Friendly Travelers,channel_crossing_short,family_holiday,pet_travel,0.399,medium,src_tourism_stats_01
psg_0178,45-54,Prefer not to say,France,Ireland,German North,upper_mid,mid,couple,manager,English,couple_stage,Car-based Cross-border Travelers,channel_crossing_short,transport_alternative,vehicle_crossing,0.424,medium,src_tourism_stats_01
psg_0179,65-74,Female,United Kingdom,United Kingdom,South East England,high,high,couple,manager,French,retired,Senior Mini-cruise Travelers,north_sea_overnight,mini_cruise_leisure,mini_cruise,0.27,low,src_tourism_stats_01
psg_0180,35-44,Prefer not to say,Germany,United Kingdom,Irish East Coast,upper_mid,mid,couple,self_employed,English,couple_stage,Car-based Cross-border Travelers,channel_crossing_short,transport_alternative,vehicle_crossing,0.385,medium,src_tourism_stats_01
psg_0181,18-24,Male,France,United Kingdom,Western Europe,mid,moderate,single,early_career,German,early_career,Young Leisure Travelers,channel_crossing_short,weekend_getaway,mini_cruise,0.297,high,src_tourism_stats_01
psg_0182,55-64,Prefer not to say,Germany,United Kingdom,Western Europe,high,high,couple,retired,English,couple_stage,Senior Mini-cruise Travelers,north_sea_overnight,mini_cruise_leisure,mini_cruise,0.319,low,src_tourism_stats_01
psg_0183,35-44,Female,Denmark,Sweden,Nordics,upper_mid,upper_mid,family_with_children,manager,Danish,family_builder,Family Holiday Travelers,channel_crossing_short,family_holiday,family_package,0.503,medium,src_tourism_stats_01
psg_0184,55-64,Female,Netherlands,United Kingdom,Western Europe,high,very_high,couple,executive,English,couple_stage,High-value Comfort Seekers,north_sea_overnight,weekend_getaway,cabin,0.405,low,src_tourism_stats_01
psg_0185,45-54,Male,Ireland,France,Regional UK,low,lower_mid,single,early_career,Other,working_adult,Price-sensitive Short-break Travelers,channel_crossing_short,shopping_trip,seat,0.322,high,src_tourism_stats_01
psg_0186,25-34,Female,United Kingdom,Germany,Western Europe,upper_mid,moderate,single,creative,French,early_career,Young Leisure Travelers,channel_crossing_short,weekend_getaway,mini_cruise,0.357,high,src_tourism_stats_01
psg_0187,75+,Female,Denmark,United Kingdom,Channel Islands,mid,high,couple,other,English,retired,Senior Mini-cruise Travelers,north_sea_overnight,mini_cruise_leisure,mini_cruise,0.269,low,src_tourism_stats_01
psg_0188,25-34,Non-binary,France,Netherlands,Western Europe,upper_mid,high,single,professional,French,early_career,Business / Commuter Travelers,channel_crossing_short,business,flex_ticket,0.5,low,src_tourism_stats_01
psg_0189,35-44,Male,France,Sweden,London and South East,mid,moderate,couple,early_career,English,couple_stage,Young Leisure Travelers,channel_crossing_short,weekend_getaway,mini_cruise,0.321,high,src_tourism_stats_01
psg_0190,35-44,Male,United Kingdom,United Kingdom,Western Europe,high,mid,couple,manager,German,couple_stage,Pet-Friendly Travelers,channel_crossing_short,family_holiday,pet_travel,0.311,medium,src_tourism_stats_01
psg_0191,45-54,Male,France,United Kingdom,Irish East Coast,low,lower_mid,shared_household,service_worker,Other,working_adult,Price-sensitive Short-break Travelers,channel_crossing_short,shopping_trip,seat,0.285,high,src_tourism_stats_01
psg_0192,25-34,Female,Germany,Germany,Western Europe,high,high,couple,consultant,English,couple_stage,Business / Commuter Travelers,channel_crossing_short,business,flex_ticket,0.525,low,src_tourism_stats_01
psg_0193,25-34,Female,Germany,Germany,Western Europe,mid,moderate,single,student,English,early_career,Young Leisure Travelers,channel_crossing_short,weekend_getaway,mini_cruise,0.291,high,src_tourism_stats_01
psg_0194,55-64,Prefer not to say,United Kingdom,France,Western Europe,mid,high,single,retired,English,working_adult,Senior Mini-cruise Travelers,north_sea_overnight,mini_cruise_leisure,mini_cruise,0.258,low,src_tourism_stats_01
psg_0195,35-44,Non-binary,United Kingdom,France,Northern England,upper_mid,upper_mid,family_with_children,other,English,family_builder,Family Holiday Travelers,channel_crossing_short,family_holiday,family_package,0.472,medium,src_tourism_stats_01
psg_0196,35-44,Non-binary,Netherlands,United Kingdom,Western Europe,lower_mid,lower_mid,single,student,English,working_adult,Price-sensitive Short-break Travelers,channel_crossing_short,shopping_trip,seat,0.28,high,src_tourism_stats_01
psg_0197,45-54,Male,Germany,United Kingdom,Northern France,mid,mid,family_with_children,self_employed,German,family_builder,Car-based Cross-border Travelers,channel_crossing_short,transport_alternative,vehicle_crossing,0.417,medium,src_tourism_stats_01
psg_0198,18-24,Prefer not to say,Sweden,Germany,London and South East,high,moderate,single,other,English,early_career,Young Leisure Travelers,channel_crossing_short,weekend_getaway,mini_cruise,0.38,high,src_tourism_stats_01
psg_0199,45-54,Female,United Kingdom,United Kingdom,London and South East,upper_mid,very_high,family_with_children,manager,Dutch,family_builder,High-value Comfort Seekers,north_sea_overnight,weekend_getaway,cabin,0.337,low,src_tourism_stats_01
psg_0200,45-54,Male,Sweden,United Kingdom,South East England,high,mid,family_with_children,manager,Swedish,family_builder,Pet-Friendly Travelers,channel_crossing_short,family_holiday,pet_travel,0.328,medium,src_tourism_stats_01
psg_0201,18-24,Female,Ireland,France,Western Europe,mid,lower_mid,couple,early_career,German,couple_stage,Price-sensitive Short-break Travelers,channel_crossing_short,shopping_trip,seat,0.23,high,src_tourism_stats_01
psg_0202,45-54,Male,United Kingdom,United Kingdom,Nordic Capitals,high,high,shared_household,professional,English,working_adult,Business / Commuter Travelers,channel_crossing_short,business,flex_ticket,0.441,low,src_tourism_stats_01
psg_0203,35-44,Female,United Kingdom,United Kingdom,Northern France,upper_mid,mid,family_with_children,professional,English,family_builder,Car-based Cross-border Travelers,channel_crossing_short,transport_alternative,vehicle_crossing,0.371,medium,src_tourism_stats_01
psg_0204,35-44,Female,United Kingdom,United Kingdom,London and South East,high,high,shared_household,self_employed,French,working_adult,Business / Commuter Travelers,channel_crossing_short,business,flex_ticket,0.46,low,src_tourism_stats_01
psg_0205,25-34,Male,France,United Kingdom,Northern France,upper_mid,mid,family_with_children,professional,English,family_builder,Car-based Cross-border Travelers,channel_crossing_short,transport_alternative,vehicle_crossing,0.39,medium,src_tourism_stats_01
psg_0206,35-44,Female,United Kingdom,United Kingdom,German North,upper_mid,high,couple,consultant,English,couple_stage,Business / Commuter Travelers,channel_crossing_short,business,flex_ticket,0.48,low,src_tourism_stats_01
psg_0207,35-44,Prefer not to say,United Kingdom,United Kingdom,French North,low,lower_mid,single,other,Other,working_adult,Price-sensitive Short-break Travelers,channel_crossing_short,shopping_trip,seat,0.255,high,src_tourism_stats_01
psg_0208,45-54,Male,United Kingdom,Netherlands,London and South East,upper_mid,very_high,couple,professional,German,couple_stage,High-value Comfort Seekers,north_sea_overnight,weekend_getaway,cabin,0.385,low,src_tourism_stats_01
psg_0209,45-54,Prefer not to say,Netherlands,Germany,Western Europe,upper_mid,very_high,retired_couple,executive,Dutch,retired,High-value Comfort Seekers,north_sea_overnight,weekend_getaway,cabin,0.369,low,src_tourism_stats_01
psg_0210,65-74,Female,Germany,Germany,Nordics,upper_mid,high,single,retired,English,retired,Senior Mini-cruise Travelers,north_sea_overnight,mini_cruise_leisure,mini_cruise,0.301,low,src_tourism_stats_01
psg_0211,45-54,Male,Netherlands,United Kingdom,French North,upper_mid,mid,couple,professional,German,couple_stage,Pet-Friendly Travelers,channel_crossing_short,family_holiday,pet_travel,0.359,medium,src_tourism_stats_01
psg_0212,45-54,Female,Sweden,Ireland,Northern France,high,mid,shared_household,manager,English,working_adult,Car-based Cross-border Travelers,channel_crossing_short,transport_alternative,vehicle_crossing,0.391,medium,src_tourism_stats_01
psg_0213,65-74,Male,Netherlands,Netherlands,Western Europe,high,high,couple,manager,English,retired,Senior Mini-cruise Travelers,north_sea_overnight,mini_cruise_leisure,mini_cruise,0.243,low,src_tourism_stats_01
psg_0214,25-34,Prefer not to say,United Kingdom,Denmark,London and South East,mid,moderate,single,early_career,English,early_career,Young Leisure Travelers,channel_crossing_short,weekend_getaway,mini_cruise,0.347,high,src_tourism_stats_01
psg_0215,45-54,Male,France,Germany,South East England,high,mid,couple,skilled_trade,English,couple_stage,Car-based Cross-border Travelers,channel_crossing_short,transport_alternative,vehicle_crossing,0.478,medium,src_tourism_stats_01
psg_0216,25-34,Female,Netherlands,Denmark,Northern England,upper_mid,upper_mid,family_with_children,self_employed,English,family_builder,Family Holiday Travelers,channel_crossing_short,family_holiday,family_package,0.394,medium,src_tourism_stats_01
psg_0217,25-34,Male,United Kingdom,Netherlands,London and South East,high,high,shared_household,professional,English,early_career,Business / Commuter Travelers,channel_crossing_short,business,flex_ticket,0.545,low,src_tourism_stats_01
psg_0218,35-44,Male,United Kingdom,Sweden,Western Europe,upper_mid,upper_mid,family_with_children,self_employed,French,family_builder,Family Holiday Travelers,channel_crossing_short,family_holiday,family_package,0.432,medium,src_tourism_stats_01
psg_0219,35-44,Non-binary,Netherlands,United Kingdom,Western Europe,low,lower_mid,single,student,English,working_adult,Price-sensitive Short-break Travelers,channel_crossing_short,shopping_trip,seat,0.242,high,src_tourism_stats_01
psg_0220,45-54,Male,United Kingdom,Netherlands,Western Europe,high,very_high,retired_couple,professional,Swedish,retired,High-value Comfort Seekers,north_sea_overnight,weekend_getaway,cabin,0.387,low,src_tourism_stats_01
psg_0221,55-64,Female,Netherlands,United Kingdom,Western Europe,upper_mid,high,couple,other,Danish,couple_stage,Senior Mini-cruise Travelers,north_sea_overnight,mini_cruise_leisure,mini_cruise,0.301,low,src_tourism_stats_01
psg_0222,65-74,Male,France,Netherlands,South East England,upper_mid,high,retired_couple,retired,English,retired,Senior Mini-cruise Travelers,north_sea_overnight,mini_cruise_leisure,mini_cruise,0.305,low,src_tourism_stats_01
psg_0223,35-44,Male,Germany,Netherlands,Greater London,mid,upper_mid,couple,other,English,couple_stage,Family Holiday Travelers,channel_crossing_short,family_holiday,family_package,0.489,medium,src_tourism_stats_01
psg_0224,25-34,Male,Denmark,United Kingdom,Nordics,upper_mid,moderate,single,other,English,early_career,Young Leisure Travelers,channel_crossing_short,weekend_getaway,mini_cruise,0.332,high,src_tourism_stats_01
psg_0225,25-34,Prefer not to say,Netherlands,United Kingdom,German North,lower_mid,lower_mid,single,early_career,German,early_career,Price-sensitive Short-break Travelers,channel_crossing_short,shopping_trip,seat,0.24,high,src_tourism_stats_01
psg_0226,18-24,Female,United Kingdom,United Kingdom,London and South East,mid,moderate,single,creative,English,early_career,Young Leisure Travelers,channel_crossing_short,weekend_getaway,mini_cruise,0.322,high,src_tourism_stats_01
psg_0227,45-54,Male,United Kingdom,Ireland,Irish East Coast,mid,lower_mid,family_with_children,other,English,family_builder,Price-sensitive Short-break Travelers,channel_crossing_short,shopping_trip,seat,0.324,high,src_tourism_stats_01
psg_0228,45-54,Non-binary,Germany,Germany,Western Europe,upper_mid,upper_mid,family_with_children,manager,English,family_builder,Family Holiday Travelers,channel_crossing_short,family_holiday,family_package,0.466,medium,src_tourism_stats_01
psg_0229,18-24,Male,United Kingdom,Ireland,Western Europe,mid,lower_mid,single,student,Dutch,early_career,Price-sensitive Short-break Travelers,channel_crossing_short,shopping_trip,seat,0.308,high,src_tourism_stats_01
psg_0230,45-54,Male,Netherlands,United Kingdom,Nordics,upper_mid,very_high,couple,manager,English,couple_stage,High-value Comfort Seekers,north_sea_overnight,weekend_getaway,cabin,0.419,low,src_tourism_stats_01
psg_0231,45-54,Male,France,France,German North,mid,mid,family_with_children,self_employed,French,family_builder,Car-based Cross-border Travelers,channel_crossing_short,transport_alternative,vehicle_crossing,0.375,medium,src_tourism_stats_01
psg_0232,25-34,Female,Ireland,United Kingdom,Western Europe,low,lower_mid,couple,student,Other,couple_stage,Price-sensitive Short-break Travelers,channel_crossing_short,shopping_trip,seat,0.253,high,src_tourism_stats_01
psg_0233,45-54,Female,Sweden,United Kingdom,Western Europe,upper_mid,very_high,retired_couple,manager,Dutch,retired,High-value Comfort Seekers,north_sea_overnight,weekend_getaway,cabin,0.404,low,src_tourism_stats_01
psg_0234,25-34,Female,United Kingdom,Germany,London and South East,mid,moderate,shared_household,other,English,early_career,Young Leisure Travelers,channel_crossing_short,weekend_getaway,mini_cruise,0.306,high,src_tourism_stats_01
psg_0235,18-24,Male,United Kingdom,United Kingdom,Nordics,lower_mid,moderate,couple,creative,English,couple_stage,Young Leisure Travelers,channel_crossing_short,weekend_getaway,mini_cruise,0.409,high,src_tourism_stats_01
psg_0236,25-34,Female,Germany,Netherlands,Western Europe,mid,moderate,single,early_career,English,early_career,Young Leisure Travelers,channel_crossing_short,weekend_getaway,mini_cruise,0.393,high,src_tourism_stats_01
psg_0237,18-24,Male,Germany,United Kingdom,Nordics,mid,moderate,single,early_career,English,early_career,Young Leisure Travelers,channel_crossing_short,weekend_getaway,mini_cruise,0.356,high,src_tourism_stats_01
psg_0238,35-44,Male,Netherlands,Germany,Western Europe,upper_mid,high,couple,manager,German,couple_stage,Business / Commuter Travelers,channel_crossing_short,business,flex_ticket,0.475,low,src_tourism_stats_01
psg_0239,25-34,Prefer not to say,Netherlands,United Kingdom,Western Europe,mid,moderate,couple,other,Dutch,couple_stage,Young Leisure Travelers,channel_crossing_short,weekend_getaway,mini_cruise,0.402,high,src_tourism_stats_01
psg_0240,25-34,Male,United Kingdom,Germany,Western Europe,high,moderate,couple,student,English,couple_stage,Young Leisure Travelers,channel_crossing_short,weekend_getaway,mini_cruise,0.321,high,src_tourism_stats_01
psg_0241,18-24,Male,Netherlands,Germany,Western Europe,mid,moderate,couple,student,English,couple_stage,Young Leisure Travelers,channel_crossing_short,weekend_getaway,mini_cruise,0.364,high,src_tourism_stats_01
psg_0242,35-44,Male,United Kingdom,Germany,Western Europe,mid,upper_mid,family_with_children,other,German,family_builder,Family Holiday Travelers,channel_crossing_short,family_holiday,family_package,0.398,medium,src_tourism_stats_01
psg_0243,55-64,Prefer not to say,United Kingdom,United Kingdom,Western Europe,high,very_high,retired_couple,manager,Dutch,retired,High-value Comfort Seekers,north_sea_overnight,weekend_getaway,cabin,0.409,low,src_tourism_stats_01
psg_0244,25-34,Male,United Kingdom,Denmark,Western Europe,upper_mid,moderate,couple,student,English,couple_stage,Young Leisure Travelers,channel_crossing_short,weekend_getaway,mini_cruise,0.384,high,src_tourism_stats_01
psg_0245,45-54,Male,United Kingdom,Germany,Northern England,mid,upper_mid,couple,manager,English,couple_stage,Family Holiday Travelers,channel_crossing_short,family_holiday,family_package,0.445,medium,src_tourism_stats_01
psg_0246,35-44,Male,France,United Kingdom,South East England,upper_mid,mid,couple,professional,French,couple_stage,Car-based Cross-border Travelers,channel_crossing_short,transport_alternative,vehicle_crossing,0.365,medium,src_tourism_stats_01
psg_0247,25-34,Male,United Kingdom,United Kingdom,French North,mid,lower_mid,couple,other,Dutch,couple_stage,Price-sensitive Short-break Travelers,channel_crossing_short,shopping_trip,seat,0.27,high,src_tourism_stats_01
psg_0248,35-44,Male,United Kingdom,United Kingdom,Northern France,upper_mid,mid,shared_household,professional,German,working_adult,Car-based Cross-border Travelers,channel_crossing_short,transport_alternative,vehicle_crossing,0.478,medium,src_tourism_stats_01
psg_0249,25-34,Male,United Kingdom,Germany,Western Europe,upper_mid,mid,family_with_children,professional,French,family_builder,Pet-Friendly Travelers,channel_crossing_short,family_holiday,pet_travel,0.316,medium,src_tourism_stats_01
psg_0250,35-44,Male,France,Netherlands,London and South East,high,high,shared_household,professional,English,working_adult,Business / Commuter Travelers,channel_crossing_short,business,flex_ticket,0.489,low,src_tourism_stats_01
psg_0251,35-44,Non-binary,Sweden,Denmark,Greater London,upper_mid,upper_mid,couple,teacher,English,couple_stage,Family Holiday Travelers,channel_crossing_short,family_holiday,family_package,0.454,medium,src_tourism_stats_01
psg_0252,35-44,Female,Denmark,Germany,Greater London,high,upper_mid,couple,manager,Dutch,couple_stage,Family Holiday Travelers,channel_crossing_short,family_holiday,family_package,0.435,medium,src_tourism_stats_01
psg_0253,25-34,Female,United Kingdom,Germany,Western Europe,upper_mid,mid,couple,other,English,couple_stage,Pet-Friendly Travelers,channel_crossing_short,family_holiday,pet_travel,0.311,medium,src_tourism_stats_01
psg_0254,45-54,Male,Germany,France,South East England,mid,mid,family_with_children,self_employed,French,family_builder,Car-based Cross-border Travelers,channel_crossing_short,transport_alternative,vehicle_crossing,0.379,medium,src_tourism_stats_01
psg_0255,35-44,Male,Netherlands,Denmark,Northern England,mid,upper_mid,family_with_children,professional,English,family_builder,Family Holiday Travelers,channel_crossing_short,family_holiday,family_package,0.472,medium,src_tourism_stats_01
psg_0256,35-44,Female,Germany,United Kingdom,Regional UK,low,lower_mid,single,early_career,German,working_adult,Price-sensitive Short-break Travelers,channel_crossing_short,shopping_trip,seat,0.251,high,src_tourism_stats_01
psg_0257,25-34,Male,France,Netherlands,Western Europe,upper_mid,mid,single,professional,English,early_career,Pet-Friendly Travelers,channel_crossing_short,family_holiday,pet_travel,0.38,medium,src_tourism_stats_01
psg_0258,25-34,Prefer not to say,United Kingdom,Netherlands,Nordics,upper_mid,mid,family_with_children,other,English,family_builder,Pet-Friendly Travelers,channel_crossing_short,family_holiday,pet_travel,0.288,medium,src_tourism_stats_01
psg_0259,25-34,Female,Ireland,Germany,Western Europe,low,lower_mid,couple,student,French,couple_stage,Price-sensitive Short-break Travelers,channel_crossing_short,shopping_trip,seat,0.319,high,src_tourism_stats_01
psg_0260,25-34,Male,United Kingdom,United Kingdom,South East England,mid,mid,shared_household,professional,French,early_career,Car-based Cross-border Travelers,channel_crossing_short,transport_alternative,vehicle_crossing,0.389,medium,src_tourism_stats_01
psg_0261,35-44,Male,United Kingdom,United Kingdom,Greater London,mid,upper_mid,couple,manager,German,couple_stage,Family Holiday Travelers,channel_crossing_short,family_holiday,family_package,0.486,medium,src_tourism_stats_01
psg_0262,45-54,Male,United Kingdom,France,Western Europe,mid,lower_mid,couple,service_worker,English,couple_stage,Price-sensitive Short-break Travelers,channel_crossing_short,shopping_trip,seat,0.258,high,src_tourism_stats_01
psg_0263,45-54,Male,United Kingdom,Denmark,Western Europe,upper_mid,upper_mid,multi_generational,other,English,working_adult,Family Holiday Travelers,channel_crossing_short,family_holiday,family_package,0.469,medium,src_tourism_stats_01
psg_0264,45-54,Prefer not to say,United Kingdom,Denmark,Northern England,high,upper_mid,couple,professional,Swedish,couple_stage,Family Holiday Travelers,channel_crossing_short,family_holiday,family_package,0.491,medium,src_tourism_stats_01
psg_0265,35-44,Non-binary,Germany,Sweden,Greater London,upper_mid,upper_mid,multi_generational,manager,French,working_adult,Family Holiday Travelers,channel_crossing_short,family_holiday,family_package,0.413,medium,src_tourism_stats_01
psg_0266,45-54,Male,United Kingdom,France,Western Europe,mid,mid,family_with_children,self_employed,English,family_builder,Pet-Friendly Travelers,channel_crossing_short,family_holiday,pet_travel,0.39,medium,src_tourism_stats_01
psg_0267,25-34,Male,Denmark,Sweden,Northern England,mid,upper_mid,family_with_children,other,Dutch,family_builder,Family Holiday Travelers,channel_crossing_short,family_holiday,family_package,0.492,medium,src_tourism_stats_01
psg_0268,45-54,Female,Ireland,United Kingdom,Regional UK,lower_mid,lower_mid,single,student,Other,working_adult,Price-sensitive Short-break Travelers,channel_crossing_short,shopping_trip,seat,0.315,high,src_tourism_stats_01
psg_0269,45-54,Female,Sweden,Netherlands,German North,high,mid,family_with_children,self_employed,English,family_builder,Pet-Friendly Travelers,channel_crossing_short,family_holiday,pet_travel,0.317,medium,src_tourism_stats_01
psg_0270,35-44,Male,Sweden,Sweden,Western Europe,mid,very_high,single,manager,Dutch,working_adult,High-value Comfort Seekers,north_sea_overnight,weekend_getaway,cabin,0.431,low,src_tourism_stats_01
psg_0271,35-44,Male,Sweden,United Kingdom,Nordics,mid,mid,multi_generational,professional,Dutch,working_adult,Pet-Friendly Travelers,channel_crossing_short,family_holiday,pet_travel,0.291,medium,src_tourism_stats_01
psg_0272,55-64,Prefer not to say,Netherlands,United Kingdom,Western Europe,upper_mid,very_high,couple,manager,English,couple_stage,High-value Comfort Seekers,north_sea_overnight,weekend_getaway,cabin,0.366,low,src_tourism_stats_01
psg_0273,65-74,Prefer not to say,Netherlands,Netherlands,Nordics,upper_mid,very_high,couple,executive,Dutch,retired,High-value Comfort Seekers,north_sea_overnight,weekend_getaway,cabin,0.402,low,src_tourism_stats_01
psg_0274,25-34,Non-binary,United Kingdom,United Kingdom,Nordics,mid,upper_mid,family_with_children,professional,Dutch,family_builder,Family Holiday Travelers,channel_crossing_short,family_holiday,family_package,0.456,medium,src_tourism_stats_01
psg_0275,18-24,Male,Netherlands,France,Regional UK,mid,lower_mid,single,other,English,early_career,Price-sensitive Short-break Travelers,channel_crossing_short,shopping_trip,seat,0.232,high,src_tourism_stats_01
psg_0276,25-34,Male,Germany,Germany,Northern England,mid,upper_mid,family_with_children,professional,French,family_builder,Family Holiday Travelers,channel_crossing_short,family_holiday,family_package,0.491,medium,src_tourism_stats_01
psg_0277,35-44,Male,United Kingdom,Netherlands,Western Europe,mid,upper_mid,family_with_children,professional,English,family_builder,Family Holiday Travelers,channel_crossing_short,family_holiday,family_package,0.4,medium,src_tourism_stats_01
psg_0278,25-34,Female,France,Netherlands,Regional UK,lower_mid,lower_mid,single,other,English,early_career,Price-sensitive Short-break Travelers,channel_crossing_short,shopping_trip,seat,0.273,high,src_tourism_stats_01
psg_0279,35-44,Female,United Kingdom,United Kingdom,Western Europe,upper_mid,upper_mid,family_with_children,professional,French,family_builder,Family Holiday Travelers,channel_crossing_short,family_holiday,family_package,0.506,medium,src_tourism_stats_01
psg_0280,35-44,Male,Germany,France,Western Europe,high,high,couple,consultant,French,couple_stage,Business / Commuter Travelers,channel_crossing_short,business,flex_ticket,0.449,low,src_tourism_stats_01
psg_0281,35-44,Male,Ireland,Germany,Western Europe,lower_mid,lower_mid,single,early_career,English,working_adult,Price-sensitive Short-break Travelers,channel_crossing_short,shopping_trip,seat,0.338,high,src_tourism_stats_01
psg_0282,45-54,Female,France,Sweden,South East England,high,mid,couple,other,English,couple_stage,Pet-Friendly Travelers,channel_crossing_short,family_holiday,pet_travel,0.389,medium,src_tourism_stats_01
psg_0283,25-34,Female,United Kingdom,United Kingdom,Western Europe,upper_mid,mid,single,manager,German,early_career,Pet-Friendly Travelers,channel_crossing_short,family_holiday,pet_travel,0.343,medium,src_tourism_stats_01
psg_0284,35-44,Female,France,Germany,Scandinavia,high,mid,couple,professional,English,couple_stage,Car-based Cross-border Travelers,channel_crossing_short,transport_alternative,vehicle_crossing,0.424,medium,src_tourism_stats_01
psg_0285,35-44,Male,France,Ireland,South East England,mid,mid,family_with_children,skilled_trade,French,family_builder,Car-based Cross-border Travelers,channel_crossing_short,transport_alternative,vehicle_crossing,0.365,medium,src_tourism_stats_01
psg_0286,25-34,Female,Netherlands,Ireland,German North,low,lower_mid,shared_household,service_worker,English,early_career,Price-sensitive Short-break Travelers,channel_crossing_short,shopping_trip,seat,0.279,high,src_tourism_stats_01
psg_0287,35-44,Prefer not to say,United Kingdom,Sweden,Western Europe,high,very_high,couple,professional,Dutch,couple_stage,High-value Comfort Seekers,north_sea_overnight,weekend_getaway,cabin,0.343,low,src_tourism_stats_01
psg_0288,45-54,Male,Germany,Sweden,Nordics,upper_mid,upper_mid,family_with_children,professional,French,family_builder,Family Holiday Travelers,channel_crossing_short,family_holiday,family_package,0.406,medium,src_tourism_stats_01
psg_0289,35-44,Female,United Kingdom,Germany,German North,low,lower_mid,couple,other,Dutch,couple_stage,Price-sensitive Short-break Travelers,channel_crossing_short,shopping_trip,seat,0.253,high,src_tourism_stats_01
psg_0290,25-34,Male,United Kingdom,United Kingdom,Western Europe,lower_mid,lower_mid,single,other,French,early_career,Price-sensitive Short-break Travelers,channel_crossing_short,shopping_trip,seat,0.262,high,src_tourism_stats_01
psg_0291,45-54,Male,Germany,United Kingdom,Northern England,mid,upper_mid,family_with_children,other,Swedish,family_builder,Family Holiday Travelers,channel_crossing_short,family_holiday,family_package,0.468,medium,src_tourism_stats_01
psg_0292,45-54,Male,United Kingdom,Germany,London and South East,upper_mid,very_high,single,professional,Dutch,working_adult,High-value Comfort Seekers,north_sea_overnight,weekend_getaway,cabin,0.321,low,src_tourism_stats_01
psg_0293,45-54,Female,Denmark,Netherlands,Western Europe,mid,upper_mid,family_with_children,professional,English,family_builder,Family Holiday Travelers,channel_crossing_short,family_holiday,family_package,0.471,medium,src_tourism_stats_01
psg_0294,25-34,Female,France,Netherlands,German North,lower_mid,lower_mid,couple,early_career,English,couple_stage,Price-sensitive Short-break Travelers,channel_crossing_short,shopping_trip,seat,0.233,high,src_tourism_stats_01
psg_0295,35-44,Male,Sweden,United Kingdom,Western Europe,upper_mid,moderate,single,student,French,working_adult,Young Leisure Travelers,channel_crossing_short,weekend_getaway,mini_cruise,0.398,high,src_tourism_stats_01
psg_0296,35-44,Male,Netherlands,Netherlands,Irish East Coast,lower_mid,lower_mid,family_with_children,service_worker,English,family_builder,Price-sensitive Short-break Travelers,channel_crossing_short,shopping_trip,seat,0.267,high,src_tourism_stats_01
psg_0297,25-34,Male,United Kingdom,France,London and South East,mid,moderate,couple,other,English,couple_stage,Young Leisure Travelers,channel_crossing_short,weekend_getaway,mini_cruise,0.351,high,src_tourism_stats_01
psg_0298,35-44,Non-binary,United Kingdom,United Kingdom,Regional UK,low,lower_mid,shared_household,early_career,English,working_adult,Price-sensitive Short-break Travelers,channel_crossing_short,shopping_trip,seat,0.302,high,src_tourism_stats_01
psg_0299,25-34,Male,Germany,France,German North,mid,mid,family_with_children,professional,German,family_builder,Car-based Cross-border Travelers,channel_crossing_short,transport_alternative,vehicle_crossing,0.416,medium,src_tourism_stats_01
psg_0300,25-34,Prefer not to say,United Kingdom,Germany,Western Europe,mid,lower_mid,single,service_worker,English,early_career,Price-sensitive Short-break Travelers,channel_crossing_short,shopping_trip,seat,0.323,high,src_tourism_stats_01
psg_0301,18-24,Male,Germany,Sweden,Western Europe,mid,moderate,couple,creative,English,couple_stage,Young Leisure Travelers,channel_crossing_short,weekend_getaway,mini_cruise,0.366,high,src_tourism_stats_01
psg_0302,35-44,Female,United Kingdom,Germany,Greater London,upper_mid,upper_mid,family_with_children,teacher,English,family_builder,Family Holiday Travelers,channel_crossing_short,family_holiday,family_package,0.464,medium,src_tourism_stats_01
psg_0303,35-44,Non-binary,United Kingdom,United Kingdom,London and South East,upper_mid,high,single,professional,Dutch,working_adult,Business / Commuter Travelers,channel_crossing_short,business,flex_ticket,0.463,low,src_tourism_stats_01
psg_0304,55-64,Female,Germany,Netherlands,Western Europe,upper_mid,very_high,retired_couple,manager,French,retired,High-value Comfort Seekers,north_sea_overnight,weekend_getaway,cabin,0.356,low,src_tourism_stats_01
psg_0305,45-54,Male,France,Sweden,Nordics,mid,upper_mid,multi_generational,professional,English,working_adult,Family Holiday Travelers,channel_crossing_short,family_holiday,family_package,0.504,medium,src_tourism_stats_01
psg_0306,35-44,Female,Netherlands,United Kingdom,Nordics,upper_mid,mid,family_with_children,professional,German,family_builder,Pet-Friendly Travelers,channel_crossing_short,family_holiday,pet_travel,0.284,medium,src_tourism_stats_01
psg_0307,25-34,Male,United Kingdom,Ireland,Western Europe,lower_mid,lower_mid,single,early_career,English,early_career,Price-sensitive Short-break Travelers,channel_crossing_short,shopping_trip,seat,0.266,high,src_tourism_stats_01
psg_0308,35-44,Female,Netherlands,Netherlands,Western Europe,high,high,couple,professional,German,couple_stage,Business / Commuter Travelers,channel_crossing_short,business,flex_ticket,0.456,low,src_tourism_stats_01
psg_0309,18-24,Male,United Kingdom,United Kingdom,Regional UK,low,lower_mid,single,service_worker,French,early_career,Price-sensitive Short-break Travelers,channel_crossing_short,shopping_trip,seat,0.244,high,src_tourism_stats_01
psg_0310,45-54,Female,Netherlands,United Kingdom,Scandinavia,upper_mid,very_high,couple,professional,Swedish,couple_stage,High-value Comfort Seekers,north_sea_overnight,weekend_getaway,cabin,0.42,low,src_tourism_stats_01
psg_0311,35-44,Female,Netherlands,Germany,Western Europe,upper_mid,very_high,couple,consultant,English,couple_stage,High-value Comfort Seekers,north_sea_overnight,weekend_getaway,cabin,0.376,low,src_tourism_stats_01
psg_0312,18-24,Female,United Kingdom,France,London and South East,upper_mid,moderate,single,creative,English,early_career,Young Leisure Travelers,channel_crossing_short,weekend_getaway,mini_cruise,0.392,high,src_tourism_stats_01
psg_0313,35-44,Female,Netherlands,Germany,London and South East,upper_mid,very_high,family_with_children,manager,German,family_builder,High-value Comfort Seekers,north_sea_overnight,weekend_getaway,cabin,0.435,low,src_tourism_stats_01
psg_0314,35-44,Non-binary,Germany,Netherlands,Western Europe,mid,upper_mid,family_with_children,professional,Danish,family_builder,Family Holiday Travelers,channel_crossing_short,family_holiday,family_package,0.409,medium,src_tourism_stats_01
psg_0315,45-54,Non-binary,Ireland,United Kingdom,Northern France,mid,mid,family_with_children,skilled_trade,German,family_builder,Car-based Cross-border Travelers,channel_crossing_short,transport_alternative,vehicle_crossing,0.477,medium,src_tourism_stats_01
psg_0316,35-44,Female,Netherlands,United Kingdom,London and South East,mid,moderate,couple,creative,French,couple_stage,Young Leisure Travelers,channel_crossing_short,weekend_getaway,mini_cruise,0.359,high,src_tourism_stats_01
psg_0317,55-64,Male,United Kingdom,France,Nordic Capitals,mid,high,couple,professional,English,couple_stage,Business / Commuter Travelers,channel_crossing_short,business,flex_ticket,0.521,low,src_tourism_stats_01
psg_0318,45-54,Male,Sweden,United Kingdom,German North,mid,mid,shared_household,self_employed,German,working_adult,Car-based Cross-border Travelers,channel_crossing_short,transport_alternative,vehicle_crossing,0.369,medium,src_tourism_stats_01
psg_0319,55-64,Prefer not to say,United Kingdom,United Kingdom,Western Europe,high,high,couple,retired,French,couple_stage,Senior Mini-cruise Travelers,north_sea_overnight,mini_cruise_leisure,mini_cruise,0.294,low,src_tourism_stats_01
psg_0320,25-34,Female,France,Netherlands,Regional UK,lower_mid,lower_mid,couple,student,English,couple_stage,Price-sensitive Short-break Travelers,channel_crossing_short,shopping_trip,seat,0.293,high,src_tourism_stats_01
psg_0321,35-44,Male,United Kingdom,Netherlands,German North,upper_mid,high,single,professional,French,working_adult,Business / Commuter Travelers,channel_crossing_short,business,flex_ticket,0.507,low,src_tourism_stats_01
psg_0322,35-44,Male,Netherlands,United Kingdom,Nordic Capitals,upper_mid,high,single,consultant,Dutch,working_adult,Business / Commuter Travelers,channel_crossing_short,business,flex_ticket,0.475,low,src_tourism_stats_01
psg_0323,65-74,Female,United Kingdom,United Kingdom,Nordics,high,high,couple,professional,English,retired,Senior Mini-cruise Travelers,north_sea_overnight,mini_cruise_leisure,mini_cruise,0.352,low,src_tourism_stats_01
psg_0324,35-44,Male,Germany,United Kingdom,Northern France,high,mid,shared_household,skilled_trade,German,working_adult,Car-based Cross-border Travelers,channel_crossing_short,transport_alternative,vehicle_crossing,0.414,medium,src_tourism_stats_01
psg_0325,65-74,Female,Netherlands,Netherlands,Western Europe,mid,very_high,family_with_children,professional,German,family_builder,High-value Comfort Seekers,north_sea_overnight,weekend_getaway,cabin,0.431,low,src_tourism_stats_01
psg_0326,35-44,Male,United Kingdom,France,Western Europe,high,upper_mid,family_with_children,professional,Danish,family_builder,Family Holiday Travelers,channel_crossing_short,family_holiday,family_package,0.5,medium,src_tourism_stats_01
psg_0327,45-54,Prefer not to say,Sweden,Netherlands,Western Europe,high,very_high,family_with_children,professional,English,family_builder,High-value Comfort Seekers,north_sea_overnight,weekend_getaway,cabin,0.404,low,src_tourism_stats_01
psg_0328,35-44,Prefer not to say,Netherlands,United Kingdom,Western Europe,low,lower_mid,single,early_career,Other,working_adult,Price-sensitive Short-break Travelers,channel_crossing_short,shopping_trip,seat,0.298,high,src_tourism_stats_01
psg_0329,35-44,Male,United Kingdom,United Kingdom,Western Europe,upper_mid,mid,couple,manager,French,couple_stage,Pet-Friendly Travelers,channel_crossing_short,family_holiday,pet_travel,0.37,medium,src_tourism_stats_01
psg_0330,25-34,Non-binary,Germany,France,Regional UK,low,lower_mid,couple,student,Dutch,couple_stage,Price-sensitive Short-break Travelers,channel_crossing_short,shopping_trip,seat,0.239,high,src_tourism_stats_01
psg_0331,35-44,Non-binary,Germany,United Kingdom,Western Europe,mid,upper_mid,couple,professional,Swedish,couple_stage,Family Holiday Travelers,channel_crossing_short,family_holiday,family_package,0.479,medium,src_tourism_stats_01
psg_0332,35-44,Male,United Kingdom,Netherlands,Irish East Coast,low,lower_mid,couple,other,English,couple_stage,Price-sensitive Short-break Travelers,channel_crossing_short,shopping_trip,seat,0.335,high,src_tourism_stats_01
psg_0333,35-44,Male,United Kingdom,United Kingdom,Nordics,high,mid,single,other,Swedish,working_adult,Pet-Friendly Travelers,channel_crossing_short,family_holiday,pet_travel,0.365,medium,src_tourism_stats_01
psg_0334,45-54,Male,Netherlands,Netherlands,German North,upper_mid,high,single,manager,English,working_adult,Business / Commuter Travelers,channel_crossing_short,business,flex_ticket,0.461,low,src_tourism_stats_01
psg_0335,65-74,Male,Netherlands,United Kingdom,Western Europe,upper_mid,high,couple,other,English,retired,Senior Mini-cruise Travelers,north_sea_overnight,mini_cruise_leisure,mini_cruise,0.258,low,src_tourism_stats_01
psg_0336,25-34,Prefer not to say,Ireland,Ireland,Northern France,upper_mid,mid,family_with_children,self_employed,English,family_builder,Car-based Cross-border Travelers,channel_crossing_short,transport_alternative,vehicle_crossing,0.386,medium,src_tourism_stats_01
psg_0337,25-34,Male,France,Netherlands,Greater London,mid,upper_mid,family_with_children,professional,English,family_builder,Family Holiday Travelers,channel_crossing_short,family_holiday,family_package,0.416,medium,src_tourism_stats_01
psg_0338,45-54,Prefer not to say,France,Sweden,Western Europe,high,very_high,couple,consultant,Dutch,couple_stage,High-value Comfort Seekers,north_sea_overnight,weekend_getaway,cabin,0.395,low,src_tourism_stats_01
psg_0339,45-54,Female,Sweden,Sweden,Western Europe,upper_mid,mid,family_with_children,other,Dutch,family_builder,Pet-Friendly Travelers,channel_crossing_short,family_holiday,pet_travel,0.325,medium,src_tourism_stats_01
psg_0340,25-34,Female,Germany,United Kingdom,Western Europe,mid,lower_mid,single,other,French,early_career,Price-sensitive Short-break Travelers,channel_crossing_short,shopping_trip,seat,0.221,high,src_tourism_stats_01
psg_0341,25-34,Male,Sweden,Netherlands,London and South East,mid,moderate,couple,other,French,couple_stage,Young Leisure Travelers,channel_crossing_short,weekend_getaway,mini_cruise,0.368,high,src_tourism_stats_01
psg_0342,45-54,Female,France,United Kingdom,Western Europe,mid,mid,couple,self_employed,French,couple_stage,Pet-Friendly Travelers,channel_crossing_short,family_holiday,pet_travel,0.307,medium,src_tourism_stats_01
psg_0343,35-44,Male,France,United Kingdom,Western Europe,upper_mid,upper_mid,family_with_children,self_employed,Dutch,family_builder,Family Holiday Travelers,channel_crossing_short,family_holiday,family_package,0.46,medium,src_tourism_stats_01
psg_0344,35-44,Prefer not to say,United Kingdom,Germany,Western Europe,upper_mid,very_high,family_with_children,professional,English,family_builder,High-value Comfort Seekers,north_sea_overnight,weekend_getaway,cabin,0.399,low,src_tourism_stats_01
psg_0345,65-74,Female,United Kingdom,Germany,Western Europe,mid,high,couple,professional,Danish,retired,Senior Mini-cruise Travelers,north_sea_overnight,mini_cruise_leisure,mini_cruise,0.335,low,src_tourism_stats_01
psg_0346,45-54,Prefer not to say,Netherlands,Netherlands,Western Europe,upper_mid,very_high,retired_couple,professional,Swedish,retired,High-value Comfort Seekers,north_sea_overnight,weekend_getaway,cabin,0.357,low,src_tourism_stats_01
psg_0347,65-74,Female,Netherlands,Germany,Nordics,upper_mid,very_high,couple,executive,English,retired,High-value Comfort Seekers,north_sea_overnight,weekend_getaway,cabin,0.342,low,src_tourism_stats_01
psg_0348,35-44,Non-binary,Ireland,Ireland,Western Europe,lower_mid,lower_mid,single,student,English,working_adult,Price-sensitive Short-break Travelers,channel_crossing_short,shopping_trip,seat,0.307,high,src_tourism_stats_01
psg_0349,65-74,Female,Germany,United Kingdom,Western Europe,mid,high,couple,retired,Dutch,retired,Senior Mini-cruise Travelers,north_sea_overnight,mini_cruise_leisure,mini_cruise,0.277,low,src_tourism_stats_01
psg_0350,35-44,Female,United Kingdom,France,London and South East,upper_mid,high,single,manager,French,working_adult,Business / Commuter Travelers,channel_crossing_short,business,flex_ticket,0.541,low,src_tourism_stats_01
psg_0351,25-34,Non-binary,Netherlands,United Kingdom,London and South East,mid,moderate,single,creative,German,early_career,Young Leisure Travelers,channel_crossing_short,weekend_getaway,mini_cruise,0.393,high,src_tourism_stats_01
psg_0352,25-34,Female,Sweden,United Kingdom,London and South East,lower_mid,moderate,couple,student,English,couple_stage,Young Leisure Travelers,channel_crossing_short,weekend_getaway,mini_cruise,0.339,high,src_tourism_stats_01
psg_0353,55-64,Male,France,Germany,Western Europe,high,high,single,professional,German,working_adult,Business / Commuter Travelers,channel_crossing_short,business,flex_ticket,0.528,low,src_tourism_stats_01
psg_0354,35-44,Male,France,Netherlands,Western Europe,high,upper_mid,couple,self_employed,English,couple_stage,Family Holiday Travelers,channel_crossing_short,family_holiday,family_package,0.452,medium,src_tourism_stats_01
psg_0355,55-64,Prefer not to say,Germany,Denmark,Nordics,high,high,couple,retired,English,couple_stage,Senior Mini-cruise Travelers,north_sea_overnight,mini_cruise_leisure,mini_cruise,0.248,low,src_tourism_stats_01
psg_0356,25-34,Female,Sweden,France,Northern France,upper_mid,mid,family_with_children,other,English,family_builder,Car-based Cross-border Travelers,channel_crossing_short,transport_alternative,vehicle_crossing,0.444,medium,src_tourism_stats_01
psg_0357,75+,Prefer not to say,United Kingdom,Netherlands,South East England,high,high,couple,professional,French,retired,Senior Mini-cruise Travelers,north_sea_overnight,mini_cruise_leisure,mini_cruise,0.302,low,src_tourism_stats_01
psg_0358,55-64,Male,France,Germany,Northern France,upper_mid,mid,couple,skilled_trade,English,couple_stage,Car-based Cross-border Travelers,channel_crossing_short,transport_alternative,vehicle_crossing,0.38,medium,src_tourism_stats_01
psg_0359,25-34,Female,United Kingdom,United Kingdom,Western Europe,lower_mid,moderate,single,service_worker,French,early_career,Young Leisure Travelers,channel_crossing_short,weekend_getaway,mini_cruise,0.348,high,src_tourism_stats_01
psg_0360,55-64,Female,France,United Kingdom,South East England,high,high,couple,professional,English,couple_stage,Senior Mini-cruise Travelers,north_sea_overnight,mini_cruise_leisure,mini_cruise,0.309,low,src_tourism_stats_01
psg_0361,18-24,Female,Denmark,Germany,Western Europe,lower_mid,moderate,couple,creative,English,couple_stage,Young Leisure Travelers,channel_crossing_short,weekend_getaway,mini_cruise,0.3,high,src_tourism_stats_01
psg_0362,75+,Prefer not to say,United Kingdom,France,Western Europe,high,high,retired_couple,retired,Dutch,retired,Senior Mini-cruise Travelers,north_sea_overnight,mini_cruise_leisure,mini_cruise,0.272,low,src_tourism_stats_01
psg_0363,45-54,Male,Netherlands,United Kingdom,Western Europe,upper_mid,very_high,couple,executive,German,couple_stage,High-value Comfort Seekers,north_sea_overnight,weekend_getaway,cabin,0.37,low,src_tourism_stats_01
psg_0364,25-34,Male,Netherlands,United Kingdom,Western Europe,upper_mid,upper_mid,family_with_children,manager,English,family_builder,Family Holiday Travelers,channel_crossing_short,family_holiday,family_package,0.462,medium,src_tourism_stats_01
psg_0365,35-44,Male,Netherlands,France,Western Europe,low,lower_mid,couple,service_worker,Other,couple_stage,Price-sensitive Short-break Travelers,channel_crossing_short,shopping_trip,seat,0.315,high,src_tourism_stats_01
psg_0366,45-54,Male,Germany,Ireland,South East England,mid,mid,family_with_children,professional,German,family_builder,Car-based Cross-border Travelers,channel_crossing_short,transport_alternative,vehicle_crossing,0.394,medium,src_tourism_stats_01
psg_0367,25-34,Female,Netherlands,Netherlands,Western Europe,low,lower_mid,single,early_career,German,early_career,Price-sensitive Short-break Travelers,channel_crossing_short,shopping_trip,seat,0.258,high,src_tourism_stats_01
psg_0368,25-34,Male,United Kingdom,Germany,Northern France,mid,mid,family_with_children,skilled_trade,German,family_builder,Car-based Cross-border Travelers,channel_crossing_short,transport_alternative,vehicle_crossing,0.41,medium,src_tourism_stats_01
psg_0369,25-34,Female,France,United Kingdom,Western Europe,lower_mid,lower_mid,shared_household,early_career,Other,early_career,Price-sensitive Short-break Travelers,channel_crossing_short,shopping_trip,seat,0.299,high,src_tourism_stats_01
psg_0370,45-54,Male,United Kingdom,United Kingdom,Western Europe,upper_mid,very_high,retired_couple,professional,Dutch,retired,High-value Comfort Seekers,north_sea_overnight,weekend_getaway,cabin,0.339,low,src_tourism_stats_01
psg_0371,25-34,Female,United Kingdom,Sweden,South East England,mid,mid,family_with_children,professional,English,family_builder,Pet-Friendly Travelers,channel_crossing_short,family_holiday,pet_travel,0.326,medium,src_tourism_stats_01
psg_0372,45-54,Male,Netherlands,France,German North,high,mid,couple,self_employed,English,couple_stage,Pet-Friendly Travelers,channel_crossing_short,family_holiday,pet_travel,0.359,medium,src_tourism_stats_01
psg_0373,25-34,Female,France,France,Regional UK,low,lower_mid,single,service_worker,English,early_career,Price-sensitive Short-break Travelers,channel_crossing_short,shopping_trip,seat,0.239,high,src_tourism_stats_01
psg_0374,45-54,Female,United Kingdom,France,South East England,high,mid,family_with_children,professional,English,family_builder,Pet-Friendly Travelers,channel_crossing_short,family_holiday,pet_travel,0.38,medium,src_tourism_stats_01
psg_0375,35-44,Prefer not to say,United Kingdom,Netherlands,Western Europe,high,mid,couple,professional,French,couple_stage,Pet-Friendly Travelers,channel_crossing_short,family_holiday,pet_travel,0.293,medium,src_tourism_stats_01
psg_0376,18-24,Prefer not to say,France,Denmark,Nordics,upper_mid,moderate,couple,creative,Dutch,couple_stage,Young Leisure Travelers,channel_crossing_short,weekend_getaway,mini_cruise,0.358,high,src_tourism_stats_01
psg_0377,35-44,Prefer not to say,France,France,Western Europe,low,lower_mid,single,student,German,working_adult,Price-sensitive Short-break Travelers,channel_crossing_short,shopping_trip,seat,0.339,high,src_tourism_stats_01
psg_0378,45-54,Female,Sweden,Netherlands,Western Europe,high,very_high,couple,manager,Dutch,couple_stage,High-value Comfort Seekers,north_sea_overnight,weekend_getaway,cabin,0.419,low,src_tourism_stats_01
psg_0379,35-44,Male,United Kingdom,Sweden,London and South East,high,moderate,couple,other,English,couple_stage,Young Leisure Travelers,channel_crossing_short,weekend_getaway,mini_cruise,0.314,high,src_tourism_stats_01
psg_0380,55-64,Female,United Kingdom,United Kingdom,Nordics,upper_mid,very_high,couple,consultant,Dutch,couple_stage,High-value Comfort Seekers,north_sea_overnight,weekend_getaway,cabin,0.4,low,src_tourism_stats_01
psg_0381,45-54,Male,United Kingdom,France,Western Europe,upper_mid,high,shared_household,consultant,Dutch,working_adult,Business / Commuter Travelers,channel_crossing_short,business,flex_ticket,0.499,low,src_tourism_stats_01
psg_0382,55-64,Female,United Kingdom,France,Western Europe,high,mid,couple,self_employed,French,couple_stage,Pet-Friendly Travelers,channel_crossing_short,family_holiday,pet_travel,0.327,medium,src_tourism_stats_01
psg_0383,35-44,Prefer not to say,Germany,Netherlands,Nordics,upper_mid,very_high,couple,professional,English,couple_stage,High-value Comfort Seekers,north_sea_overnight,weekend_getaway,cabin,0.394,low,src_tourism_stats_01
psg_0384,35-44,Female,France,Netherlands,Northern England,upper_mid,upper_mid,family_with_children,teacher,English,family_builder,Family Holiday Travelers,channel_crossing_short,family_holiday,family_package,0.493,medium,src_tourism_stats_01
psg_0385,25-34,Female,Netherlands,United Kingdom,Greater London,mid,upper_mid,family_with_children,manager,English,family_builder,Family Holiday Travelers,channel_crossing_short,family_holiday,family_package,0.408,medium,src_tourism_stats_01
psg_0386,25-34,Prefer not to say,United Kingdom,France,German North,high,mid,couple,manager,German,couple_stage,Pet-Friendly Travelers,channel_crossing_short,family_holiday,pet_travel,0.316,medium,src_tourism_stats_01
psg_0387,35-44,Female,Netherlands,United Kingdom,Nordic Capitals,upper_mid,high,couple,professional,English,couple_stage,Business / Commuter Travelers,channel_crossing_short,business,flex_ticket,0.483,low,src_tourism_stats_01
psg_0388,55-64,Female,United Kingdom,United Kingdom,Nordic Capitals,high,high,single,manager,German,working_adult,Business / Commuter Travelers,channel_crossing_short,business,flex_ticket,0.461,low,src_tourism_stats_01
psg_0389,25-34,Male,France,Netherlands,German North,lower_mid,lower_mid,single,early_career,English,early_career,Price-sensitive Short-break Travelers,channel_crossing_short,shopping_trip,seat,0.24,high,src_tourism_stats_01
psg_0390,25-34,Male,France,Germany,Regional UK,low,lower_mid,single,service_worker,English,early_career,Price-sensitive Short-break Travelers,channel_crossing_short,shopping_trip,seat,0.252,high,src_tourism_stats_01
psg_0391,25-34,Male,Germany,United Kingdom,Western Europe,high,high,couple,professional,English,couple_stage,Business / Commuter Travelers,channel_crossing_short,business,flex_ticket,0.527,low,src_tourism_stats_01
psg_0392,65-74,Male,United Kingdom,United Kingdom,Western Europe,upper_mid,very_high,family_with_children,professional,English,family_builder,High-value Comfort Seekers,north_sea_overnight,weekend_getaway,cabin,0.368,low,src_tourism_stats_01
psg_0393,18-24,Female,United Kingdom,Netherlands,German North,lower_mid,lower_mid,single,service_worker,German,early_career,Price-sensitive Short-break Travelers,channel_crossing_short,shopping_trip,seat,0.236,high,src_tourism_stats_01
psg_0394,18-24,Male,Germany,United Kingdom,Western Europe,mid,lower_mid,couple,service_worker,English,couple_stage,Price-sensitive Short-break Travelers,channel_crossing_short,shopping_trip,seat,0.336,high,src_tourism_stats_01
psg_0395,35-44,Male,Germany,Germany,Nordics,high,very_high,retired_couple,manager,English,retired,High-value Comfort Seekers,north_sea_overnight,weekend_getaway,cabin,0.385,low,src_tourism_stats_01
psg_0396,25-34,Female,United Kingdom,United Kingdom,Regional UK,mid,lower_mid,shared_household,service_worker,English,early_career,Price-sensitive Short-break Travelers,channel_crossing_short,shopping_trip,seat,0.221,high,src_tourism_stats_01
psg_0397,55-64,Male,United Kingdom,France,Western Europe,mid,mid,family_with_children,professional,French,family_builder,Pet-Friendly Travelers,channel_crossing_short,family_holiday,pet_travel,0.347,medium,src_tourism_stats_01
psg_0398,25-34,Male,France,France,South East England,upper_mid,mid,family_with_children,self_employed,Dutch,family_builder,Car-based Cross-border Travelers,channel_crossing_short,transport_alternative,vehicle_crossing,0.457,medium,src_tourism_stats_01
psg_0399,45-54,Male,France,Netherlands,London and South East,upper_mid,very_high,couple,professional,Dutch,couple_stage,High-value Comfort Seekers,north_sea_overnight,weekend_getaway,cabin,0.353,low,src_tourism_stats_01
psg_0400,25-34,Female,United Kingdom,France,London and South East,mid,high,single,manager,German,early_career,Business / Commuter Travelers,channel_crossing_short,business,flex_ticket,0.468,low,src_tourism_stats_01
psg_0401,35-44,Female,United Kingdom,Germany,Nordics,upper_mid,upper_mid,couple,professional,Swedish,couple_stage,Family Holiday Travelers,channel_crossing_short,family_holiday,family_package,0.504,medium,src_tourism_stats_01
psg_0402,25-34,Female,Netherlands,United Kingdom,Nordics,upper_mid,moderate,shared_household,student,French,early_career,Young Leisure Travelers,channel_crossing_short,weekend_getaway,mini_cruise,0.32,high,src_tourism_stats_01
psg_0403,25-34,Male,United Kingdom,France,Irish East Coast,lower_mid,lower_mid,family_with_children,service_worker,German,family_builder,Price-sensitive Short-break Travelers,channel_crossing_short,shopping_trip,seat,0.257,high,src_tourism_stats_01
psg_0404,45-54,Female,Sweden,France,South East England,upper_mid,mid,family_with_children,self_employed,German,family_builder,Car-based Cross-border Travelers,channel_crossing_short,transport_alternative,vehicle_crossing,0.386,medium,src_tourism_stats_01
psg_0405,25-34,Female,United Kingdom,United Kingdom,London and South East,upper_mid,moderate,single,student,French,early_career,Young Leisure Travelers,channel_crossing_short,weekend_getaway,mini_cruise,0.347,high,src_tourism_stats_01
psg_0406,35-44,Female,United Kingdom,United Kingdom,Western Europe,high,high,shared_household,manager,English,working_adult,Business / Commuter Travelers,channel_crossing_short,business,flex_ticket,0.517,low,src_tourism_stats_01
psg_0407,55-64,Female,United Kingdom,Sweden,London and South East,high,very_high,family_with_children,professional,English,family_builder,High-value Comfort Seekers,north_sea_overnight,weekend_getaway,cabin,0.403,low,src_tourism_stats_01
psg_0408,25-34,Non-binary,France,France,South East England,upper_mid,mid,family_with_children,professional,English,family_builder,Car-based Cross-border Travelers,channel_crossing_short,transport_alternative,vehicle_crossing,0.448,medium,src_tourism_stats_01
psg_0409,45-54,Prefer not to say,Netherlands,United Kingdom,Greater London,mid,upper_mid,family_with_children,professional,English,family_builder,Family Holiday Travelers,channel_crossing_short,family_holiday,family_package,0.467,medium,src_tourism_stats_01
psg_0410,25-34,Female,Germany,Germany,South East England,high,mid,couple,skilled_trade,English,couple_stage,Car-based Cross-border Travelers,channel_crossing_short,transport_alternative,vehicle_crossing,0.423,medium,src_tourism_stats_01
psg_0411,65-74,Male,United Kingdom,Germany,South East England,high,high,couple,other,English,retired,Senior Mini-cruise Travelers,north_sea_overnight,mini_cruise_leisure,mini_cruise,0.345,low,src_tourism_stats_01
psg_0412,35-44,Female,Netherlands,Sweden,Western Europe,upper_mid,upper_mid,couple,professional,English,couple_stage,Family Holiday Travelers,channel_crossing_short,family_holiday,family_package,0.463,medium,src_tourism_stats_01
psg_0413,35-44,Female,Netherlands,Sweden,London and South East,upper_mid,moderate,single,early_career,Dutch,working_adult,Young Leisure Travelers,channel_crossing_short,weekend_getaway,mini_cruise,0.34,high,src_tourism_stats_01
psg_0414,45-54,Non-binary,United Kingdom,United Kingdom,South East England,mid,mid,shared_household,other,English,working_adult,Car-based Cross-border Travelers,channel_crossing_short,transport_alternative,vehicle_crossing,0.447,medium,src_tourism_stats_01
psg_0415,55-64,Male,United Kingdom,Germany,South East England,high,high,couple,retired,Dutch,couple_stage,Senior Mini-cruise Travelers,north_sea_overnight,mini_cruise_leisure,mini_cruise,0.283,low,src_tourism_stats_01
psg_0416,65-74,Prefer not to say,United Kingdom,United Kingdom,Western Europe,upper_mid,high,couple,other,English,retired,Senior Mini-cruise Travelers,north_sea_overnight,mini_cruise_leisure,mini_cruise,0.282,low,src_tourism_stats_01
psg_0417,55-64,Male,France,Germany,Northern France,high,mid,couple,skilled_trade,English,couple_stage,Car-based Cross-border Travelers,channel_crossing_short,transport_alternative,vehicle_crossing,0.452,medium,src_tourism_stats_01
psg_0418,35-44,Prefer not to say,France,United Kingdom,Nordics,high,mid,couple,self_employed,Swedish,couple_stage,Pet-Friendly Travelers,channel_crossing_short,family_holiday,pet_travel,0.316,medium,src_tourism_stats_01
psg_0419,35-44,Non-binary,United Kingdom,Germany,German North,mid,mid,couple,skilled_trade,Dutch,couple_stage,Car-based Cross-border Travelers,channel_crossing_short,transport_alternative,vehicle_crossing,0.379,medium,src_tourism_stats_01
psg_0420,18-24,Female,United Kingdom,Germany,London and South East,upper_mid,moderate,single,early_career,Dutch,early_career,Young Leisure Travelers,channel_crossing_short,weekend_getaway,mini_cruise,0.378,high,src_tourism_stats_01
psg_0421,55-64,Female,France,Germany,Nordics,mid,very_high,retired_couple,manager,Dutch,retired,High-value Comfort Seekers,north_sea_overnight,weekend_getaway,cabin,0.389,low,src_tourism_stats_01
psg_0422,18-24,Male,United Kingdom,France,Western Europe,upper_mid,moderate,shared_household,early_career,English,early_career,Young Leisure Travelers,channel_crossing_short,weekend_getaway,mini_cruise,0.362,high,src_tourism_stats_01
psg_0423,25-34,Female,United Kingdom,United Kingdom,Western Europe,lower_mid,moderate,couple,early_career,English,couple_stage,Young Leisure Travelers,channel_crossing_short,weekend_getaway,mini_cruise,0.378,high,src_tourism_stats_01
psg_0424,35-44,Male,France,United Kingdom,South East England,mid,mid,family_with_children,professional,French,family_builder,Car-based Cross-border Travelers,channel_crossing_short,transport_alternative,vehicle_crossing,0.366,medium,src_tourism_stats_01
psg_0425,25-34,Male,Germany,United Kingdom,South East England,upper_mid,mid,family_with_children,skilled_trade,English,family_builder,Car-based Cross-border Travelers,channel_crossing_short,transport_alternative,vehicle_crossing,0.434,medium,src_tourism_stats_01
psg_0426,45-54,Female,Germany,Netherlands,Scandinavia,upper_mid,very_high,retired_couple,professional,English,retired,High-value Comfort Seekers,north_sea_overnight,weekend_getaway,cabin,0.358,low,src_tourism_stats_01
psg_0427,25-34,Female,Germany,Netherlands,German North,upper_mid,high,single,professional,Dutch,early_career,Business / Commuter Travelers,channel_crossing_short,business,flex_ticket,0.464,low,src_tourism_stats_01
psg_0428,45-54,Non-binary,United Kingdom,United Kingdom,Scandinavia,high,mid,shared_household,self_employed,English,working_adult,Car-based Cross-border Travelers,channel_crossing_short,transport_alternative,vehicle_crossing,0.443,medium,src_tourism_stats_01
psg_0429,25-34,Female,United Kingdom,Netherlands,London and South East,mid,moderate,single,early_career,French,early_career,Young Leisure Travelers,channel_crossing_short,weekend_getaway,mini_cruise,0.307,high,src_tourism_stats_01
psg_0430,35-44,Male,Germany,United Kingdom,Western Europe,upper_mid,very_high,family_with_children,professional,English,family_builder,High-value Comfort Seekers,north_sea_overnight,weekend_getaway,cabin,0.399,low,src_tourism_stats_01
psg_0431,18-24,Female,Sweden,Germany,Nordics,lower_mid,moderate,shared_household,creative,English,early_career,Young Leisure Travelers,channel_crossing_short,weekend_getaway,mini_cruise,0.336,high,src_tourism_stats_01
psg_0432,25-34,Female,Germany,France,Western Europe,upper_mid,mid,couple,other,English,couple_stage,Pet-Friendly Travelers,channel_crossing_short,family_holiday,pet_travel,0.31,medium,src_tourism_stats_01
psg_0433,65-74,Female,United Kingdom,United Kingdom,Western Europe,high,high,couple,other,English,retired,Senior Mini-cruise Travelers,north_sea_overnight,mini_cruise_leisure,mini_cruise,0.337,low,src_tourism_stats_01
psg_0434,45-54,Male,Germany,United Kingdom,Western Europe,upper_mid,high,single,consultant,German,working_adult,Business / Commuter Travelers,channel_crossing_short,business,flex_ticket,0.451,low,src_tourism_stats_01
psg_0435,55-64,Male,Ireland,United Kingdom,South East England,mid,mid,shared_household,other,English,working_adult,Car-based Cross-border Travelers,channel_crossing_short,transport_alternative,vehicle_crossing,0.425,medium,src_tourism_stats_01
psg_0436,25-34,Male,Germany,Sweden,Northern England,upper_mid,upper_mid,family_with_children,professional,Danish,family_builder,Family Holiday Travelers,channel_crossing_short,family_holiday,family_package,0.507,medium,src_tourism_stats_01
psg_0437,35-44,Prefer not to say,United Kingdom,Germany,Nordics,lower_mid,moderate,single,service_worker,French,working_adult,Young Leisure Travelers,channel_crossing_short,weekend_getaway,mini_cruise,0.382,high,src_tourism_stats_01
psg_0438,25-34,Male,France,Ireland,German North,mid,lower_mid,single,early_career,English,early_career,Price-sensitive Short-break Travelers,channel_crossing_short,shopping_trip,seat,0.242,high,src_tourism_stats_01
psg_0439,55-64,Female,Netherlands,United Kingdom,Western Europe,high,very_high,couple,professional,German,couple_stage,High-value Comfort Seekers,north_sea_overnight,weekend_getaway,cabin,0.38,low,src_tourism_stats_01
psg_0440,45-54,Female,Germany,France,London and South East,mid,high,single,manager,English,working_adult,Business / Commuter Travelers,channel_crossing_short,business,flex_ticket,0.472,low,src_tourism_stats_01
psg_0441,45-54,Prefer not to say,Germany,United Kingdom,Scandinavia,high,mid,shared_household,manager,English,working_adult,Car-based Cross-border Travelers,channel_crossing_short,transport_alternative,vehicle_crossing,0.415,medium,src_tourism_stats_01
psg_0442,35-44,Female,Germany,France,Northern England,upper_mid,upper_mid,couple,manager,French,couple_stage,Family Holiday Travelers,channel_crossing_short,family_holiday,family_package,0.495,medium,src_tourism_stats_01
psg_0443,25-34,Male,Germany,United Kingdom,French North,lower_mid,lower_mid,single,early_career,French,early_career,Price-sensitive Short-break Travelers,channel_crossing_short,shopping_trip,seat,0.282,high,src_tourism_stats_01
psg_0444,25-34,Female,United Kingdom,United Kingdom,Nordic Capitals,upper_mid,high,couple,manager,English,couple_stage,Business / Commuter Travelers,channel_crossing_short,business,flex_ticket,0.502,low,src_tourism_stats_01
psg_0445,25-34,Male,France,United Kingdom,Western Europe,high,moderate,couple,student,English,couple_stage,Young Leisure Travelers,channel_crossing_short,weekend_getaway,mini_cruise,0.344,high,src_tourism_stats_01
psg_0446,35-44,Male,United Kingdom,France,Northern England,upper_mid,upper_mid,multi_generational,teacher,Dutch,working_adult,Family Holiday Travelers,channel_crossing_short,family_holiday,family_package,0.405,medium,src_tourism_stats_01
psg_0447,25-34,Female,Netherlands,United Kingdom,Western Europe,mid,moderate,shared_household,early_career,English,early_career,Young Leisure Travelers,channel_crossing_short,weekend_getaway,mini_cruise,0.382,high,src_tourism_stats_01
psg_0448,35-44,Male,United Kingdom,Germany,Western Europe,high,mid,couple,professional,German,couple_stage,Pet-Friendly Travelers,channel_crossing_short,family_holiday,pet_travel,0.334,medium,src_tourism_stats_01
psg_0449,25-34,Female,United Kingdom,Netherlands,London and South East,upper_mid,high,shared_household,manager,English,early_career,Business / Commuter Travelers,channel_crossing_short,business,flex_ticket,0.546,low,src_tourism_stats_01
psg_0450,35-44,Male,France,United Kingdom,Western Europe,mid,upper_mid,family_with_children,self_employed,French,family_builder,Family Holiday Travelers,channel_crossing_short,family_holiday,family_package,0.489,medium,src_tourism_stats_01
psg_0451,18-24,Male,United Kingdom,Sweden,Western Europe,upper_mid,moderate,single,other,English,early_career,Young Leisure Travelers,channel_crossing_short,weekend_getaway,mini_cruise,0.34,high,src_tourism_stats_01
psg_0452,35-44,Male,Germany,Netherlands,Western Europe,mid,upper_mid,family_with_children,manager,Danish,family_builder,Family Holiday Travelers,channel_crossing_short,family_holiday,family_package,0.401,medium,src_tourism_stats_01
psg_0453,35-44,Female,United Kingdom,France,Western Europe,mid,upper_mid,family_with_children,self_employed,English,family_builder,Family Holiday Travelers,channel_crossing_short,family_holiday,family_package,0.453,medium,src_tourism_stats_01
psg_0454,65-74,Male,United Kingdom,Germany,Western Europe,mid,high,couple,professional,Danish,retired,Senior Mini-cruise Travelers,north_sea_overnight,mini_cruise_leisure,mini_cruise,0.358,low,src_tourism_stats_01
psg_0455,35-44,Female,Netherlands,Denmark,Northern England,mid,upper_mid,family_with_children,manager,German,family_builder,Family Holiday Travelers,channel_crossing_short,family_holiday,family_package,0.449,medium,src_tourism_stats_01
psg_0456,35-44,Male,Denmark,United Kingdom,Greater London,upper_mid,upper_mid,family_with_children,other,Dutch,family_builder,Family Holiday Travelers,channel_crossing_short,family_holiday,family_package,0.51,medium,src_tourism_stats_01
psg_0457,35-44,Male,Ireland,United Kingdom,South East England,mid,mid,couple,manager,French,couple_stage,Car-based Cross-border Travelers,channel_crossing_short,transport_alternative,vehicle_crossing,0.399,medium,src_tourism_stats_01
psg_0458,25-34,Female,France,Germany,London and South East,lower_mid,moderate,single,early_career,English,early_career,Young Leisure Travelers,channel_crossing_short,weekend_getaway,mini_cruise,0.4,high,src_tourism_stats_01
psg_0459,35-44,Male,Netherlands,Germany,Western Europe,lower_mid,lower_mid,shared_household,service_worker,Dutch,working_adult,Price-sensitive Short-break Travelers,channel_crossing_short,shopping_trip,seat,0.32,high,src_tourism_stats_01
psg_0460,45-54,Female,Netherlands,United Kingdom,Western Europe,upper_mid,upper_mid,couple,professional,Danish,couple_stage,Family Holiday Travelers,channel_crossing_short,family_holiday,family_package,0.424,medium,src_tourism_stats_01
psg_0461,35-44,Male,France,Germany,London and South East,mid,moderate,shared_household,creative,French,working_adult,Young Leisure Travelers,channel_crossing_short,weekend_getaway,mini_cruise,0.328,high,src_tourism_stats_01
psg_0462,25-34,Male,United Kingdom,Netherlands,Nordics,lower_mid,moderate,single,student,French,early_career,Young Leisure Travelers,channel_crossing_short,weekend_getaway,mini_cruise,0.383,high,src_tourism_stats_01
psg_0463,35-44,Female,France,France,Western Europe,high,mid,couple,self_employed,German,couple_stage,Pet-Friendly Travelers,channel_crossing_short,family_holiday,pet_travel,0.297,medium,src_tourism_stats_01
psg_0464,35-44,Prefer not to say,Netherlands,United Kingdom,Irish East Coast,lower_mid,lower_mid,shared_household,early_career,English,working_adult,Price-sensitive Short-break Travelers,channel_crossing_short,shopping_trip,seat,0.332,high,src_tourism_stats_01
psg_0465,45-54,Female,Netherlands,United Kingdom,Nordics,high,very_high,couple,professional,English,couple_stage,High-value Comfort Seekers,north_sea_overnight,weekend_getaway,cabin,0.427,low,src_tourism_stats_01
psg_0466,25-34,Female,France,France,South East England,mid,mid,family_with_children,professional,French,family_builder,Car-based Cross-border Travelers,channel_crossing_short,transport_alternative,vehicle_crossing,0.422,medium,src_tourism_stats_01
psg_0467,35-44,Female,United Kingdom,Germany,Northern England,mid,upper_mid,family_with_children,self_employed,English,family_builder,Family Holiday Travelers,channel_crossing_short,family_holiday,family_package,0.443,medium,src_tourism_stats_01
psg_0468,25-34,Male,United Kingdom,United Kingdom,Western Europe,lower_mid,moderate,couple,early_career,German,couple_stage,Young Leisure Travelers,channel_crossing_short,weekend_getaway,mini_cruise,0.374,high,src_tourism_stats_01
psg_0469,35-44,Male,Netherlands,Netherlands,Western Europe,high,high,shared_household,professional,English,working_adult,Business / Commuter Travelers,channel_crossing_short,business,flex_ticket,0.538,low,src_tourism_stats_01
psg_0470,35-44,Male,Netherlands,Netherlands,South East England,mid,mid,family_with_children,other,German,family_builder,Pet-Friendly Travelers,channel_crossing_short,family_holiday,pet_travel,0.39,medium,src_tourism_stats_01
psg_0471,45-54,Male,Germany,Germany,Northern France,mid,mid,family_with_children,manager,French,family_builder,Car-based Cross-border Travelers,channel_crossing_short,transport_alternative,vehicle_crossing,0.38,medium,src_tourism_stats_01
psg_0472,35-44,Female,United Kingdom,Germany,Irish East Coast,lower_mid,lower_mid,couple,early_career,French,couple_stage,Price-sensitive Short-break Travelers,channel_crossing_short,shopping_trip,seat,0.268,high,src_tourism_stats_01
psg_0473,45-54,Male,Sweden,France,Northern France,high,mid,couple,self_employed,French,couple_stage,Car-based Cross-border Travelers,channel_crossing_short,transport_alternative,vehicle_crossing,0.454,medium,src_tourism_stats_01
psg_0474,55-64,Male,United Kingdom,Denmark,Western Europe,high,high,couple,retired,English,couple_stage,Senior Mini-cruise Travelers,north_sea_overnight,mini_cruise_leisure,mini_cruise,0.339,low,src_tourism_stats_01
psg_0475,45-54,Female,United Kingdom,Germany,Western Europe,mid,upper_mid,family_with_children,self_employed,English,family_builder,Family Holiday Travelers,channel_crossing_short,family_holiday,family_package,0.488,medium,src_tourism_stats_01
psg_0476,45-54,Male,United Kingdom,United Kingdom,Regional UK,lower_mid,lower_mid,single,early_career,English,working_adult,Price-sensitive Short-break Travelers,channel_crossing_short,shopping_trip,seat,0.302,high,src_tourism_stats_01
psg_0477,45-54,Prefer not to say,France,Sweden,Northern France,high,mid,family_with_children,professional,English,family_builder,Car-based Cross-border Travelers,channel_crossing_short,transport_alternative,vehicle_crossing,0.478,medium,src_tourism_stats_01
psg_0478,25-34,Female,France,France,South East England,high,mid,shared_household,manager,German,early_career,Car-based Cross-border Travelers,channel_crossing_short,transport_alternative,vehicle_crossing,0.464,medium,src_tourism_stats_01
psg_0479,45-54,Female,United Kingdom,France,Northern England,upper_mid,upper_mid,family_with_children,manager,English,family_builder,Family Holiday Travelers,channel_crossing_short,family_holiday,family_package,0.436,medium,src_tourism_stats_01
psg_0480,45-54,Female,Sweden,Netherlands,Western Europe,mid,mid,family_with_children,manager,French,family_builder,Pet-Friendly Travelers,channel_crossing_short,family_holiday,pet_travel,0.332,medium,src_tourism_stats_01
psg_0481,25-34,Male,France,France,Nordics,upper_mid,mid,couple,professional,French,couple_stage,Pet-Friendly Travelers,channel_crossing_short,family_holiday,pet_travel,0.346,medium,src_tourism_stats_01
psg_0482,65-74,Female,Germany,Netherlands,Nordics,upper_mid,high,couple,retired,English,retired,Senior Mini-cruise Travelers,north_sea_overnight,mini_cruise_leisure,mini_cruise,0.284,low,src_tourism_stats_01
psg_0483,35-44,Male,United Kingdom,France,Nordics,mid,mid,couple,other,Swedish,couple_stage,Pet-Friendly Travelers,channel_crossing_short,family_holiday,pet_travel,0.373,medium,src_tourism_stats_01
psg_0484,55-64,Prefer not to say,United Kingdom,Netherlands,Nordics,mid,high,couple,professional,French,couple_stage,Senior Mini-cruise Travelers,north_sea_overnight,mini_cruise_leisure,mini_cruise,0.277,low,src_tourism_stats_01
psg_0485,18-24,Male,Netherlands,Netherlands,Western Europe,upper_mid,moderate,single,other,French,early_career,Young Leisure Travelers,channel_crossing_short,weekend_getaway,mini_cruise,0.325,high,src_tourism_stats_01
psg_0486,35-44,Male,France,Germany,London and South East,mid,moderate,single,student,Dutch,working_adult,Young Leisure Travelers,channel_crossing_short,weekend_getaway,mini_cruise,0.387,high,src_tourism_stats_01
psg_0487,25-34,Female,France,Germany,London and South East,mid,high,single,consultant,English,early_career,Business / Commuter Travelers,channel_crossing_short,business,flex_ticket,0.453,low,src_tourism_stats_01
psg_0488,35-44,Female,France,Germany,Northern England,upper_mid,upper_mid,family_with_children,teacher,Swedish,family_builder,Family Holiday Travelers,channel_crossing_short,family_holiday,family_package,0.431,medium,src_tourism_stats_01
psg_0489,18-24,Prefer not to say,United Kingdom,Netherlands,Nordics,upper_mid,moderate,single,early_career,English,early_career,Young Leisure Travelers,channel_crossing_short,weekend_getaway,mini_cruise,0.315,high,src_tourism_stats_01
psg_0490,45-54,Male,Germany,United Kingdom,Western Europe,upper_mid,very_high,couple,professional,Dutch,couple_stage,High-value Comfort Seekers,north_sea_overnight,weekend_getaway,cabin,0.384,low,src_tourism_stats_01
psg_0491,45-54,Male,United Kingdom,Germany,South East England,high,mid,family_with_children,skilled_trade,Dutch,family_builder,Car-based Cross-border Travelers,channel_crossing_short,transport_alternative,vehicle_crossing,0.442,medium,src_tourism_stats_01
psg_0492,35-44,Male,Denmark,Netherlands,Nordics,upper_mid,moderate,single,early_career,English,working_adult,Young Leisure Travelers,channel_crossing_short,weekend_getaway,mini_cruise,0.369,high,src_tourism_stats_01
psg_0493,45-54,Male,Germany,France,South East England,mid,mid,couple,professional,French,couple_stage,Car-based Cross-border Travelers,channel_crossing_short,transport_alternative,vehicle_crossing,0.441,medium,src_tourism_stats_01
psg_0494,18-24,Female,United Kingdom,France,Regional UK,low,lower_mid,single,student,English,early_career,Price-sensitive Short-break Travelers,channel_crossing_short,shopping_trip,seat,0.333,high,src_tourism_stats_01
psg_0495,55-64,Prefer not to say,Germany,Germany,Western Europe,high,very_high,couple,professional,French,couple_stage,High-value Comfort Seekers,north_sea_overnight,weekend_getaway,cabin,0.388,low,src_tourism_stats_01
psg_0496,45-54,Male,United Kingdom,France,German North,upper_mid,mid,multi_generational,professional,French,working_adult,Pet-Friendly Travelers,channel_crossing_short,family_holiday,pet_travel,0.388,medium,src_tourism_stats_01
psg_0497,25-34,Female,United Kingdom,Netherlands,Western Europe,lower_mid,lower_mid,single,other,English,early_career,Price-sensitive Short-break Travelers,channel_crossing_short,shopping_trip,seat,0.273,high,src_tourism_stats_01
psg_0498,75+,Male,United Kingdom,Netherlands,South East England,high,high,couple,professional,Danish,retired,Senior Mini-cruise Travelers,north_sea_overnight,mini_cruise_leisure,mini_cruise,0.326,low,src_tourism_stats_01
psg_0499,18-24,Male,United Kingdom,Netherlands,Nordics,lower_mid,moderate,couple,other,English,couple_stage,Young Leisure Travelers,channel_crossing_short,weekend_getaway,mini_cruise,0.322,high,src_tourism_stats_01
psg_0500,65-74,Male,Netherlands,Sweden,Western Europe,high,very_high,family_with_children,professional,Dutch,family_builder,High-value Comfort Seekers,north_sea_overnight,weekend_getaway,cabin,0.385,low,src_tourism_stats_01
psg_0501,35-44,Non-binary,Netherlands,Germany,Nordics,mid,moderate,couple,early_career,English,couple_stage,Young Leisure Travelers,channel_crossing_short,weekend_getaway,mini_cruise,0.405,high,src_tourism_stats_01
psg_0502,25-34,Prefer not to say,United Kingdom,Netherlands,Western Europe,mid,moderate,single,student,English,early_career,Young Leisure Travelers,channel_crossing_short,weekend_getaway,mini_cruise,0.313,high,src_tourism_stats_01
psg_0503,55-64,Male,Netherlands,United Kingdom,Nordics,high,very_high,couple,manager,Dutch,couple_stage,High-value Comfort Seekers,north_sea_overnight,weekend_getaway,cabin,0.391,low,src_tourism_stats_01
psg_0504,55-64,Male,United Kingdom,Netherlands,Nordics,high,high,single,retired,English,working_adult,Senior Mini-cruise Travelers,north_sea_overnight,mini_cruise_leisure,mini_cruise,0.335,low,src_tourism_stats_01
psg_0505,18-24,Non-binary,Germany,Netherlands,Western Europe,upper_mid,moderate,single,early_career,Dutch,early_career,Young Leisure Travelers,channel_crossing_short,weekend_getaway,mini_cruise,0.294,high,src_tourism_stats_01
psg_0506,25-34,Male,Sweden,United Kingdom,Western Europe,lower_mid,moderate,single,student,English,early_career,Young Leisure Travelers,channel_crossing_short,weekend_getaway,mini_cruise,0.385,high,src_tourism_stats_01
psg_0507,55-64,Male,France,United Kingdom,Western Europe,high,high,couple,other,English,couple_stage,Senior Mini-cruise Travelers,north_sea_overnight,mini_cruise_leisure,mini_cruise,0.337,low,src_tourism_stats_01
psg_0508,45-54,Female,Sweden,France,Western Europe,high,mid,couple,manager,French,couple_stage,Pet-Friendly Travelers,channel_crossing_short,family_holiday,pet_travel,0.32,medium,src_tourism_stats_01
psg_0509,18-24,Male,France,Germany,Western Europe,high,moderate,single,student,German,early_career,Young Leisure Travelers,channel_crossing_short,weekend_getaway,mini_cruise,0.363,high,src_tourism_stats_01
psg_0510,18-24,Male,United Kingdom,United Kingdom,Regional UK,lower_mid,lower_mid,shared_household,service_worker,Other,early_career,Price-sensitive Short-break Travelers,channel_crossing_short,shopping_trip,seat,0.313,high,src_tourism_stats_01
psg_0511,45-54,Male,Netherlands,Netherlands,Scandinavia,high,very_high,couple,manager,German,couple_stage,High-value Comfort Seekers,north_sea_overnight,weekend_getaway,cabin,0.434,low,src_tourism_stats_01
psg_0512,45-54,Female,United Kingdom,United Kingdom,London and South East,upper_mid,high,single,professional,German,working_adult,Business / Commuter Travelers,channel_crossing_short,business,flex_ticket,0.505,low,src_tourism_stats_01
psg_0513,45-54,Male,United Kingdom,United Kingdom,Western Europe,upper_mid,upper_mid,multi_generational,manager,English,working_adult,Family Holiday Travelers,channel_crossing_short,family_holiday,family_package,0.47,medium,src_tourism_stats_01
psg_0514,25-34,Female,Netherlands,United Kingdom,Nordics,upper_mid,moderate,single,creative,Dutch,early_career,Young Leisure Travelers,channel_crossing_short,weekend_getaway,mini_cruise,0.311,high,src_tourism_stats_01
psg_0515,25-34,Female,Germany,Netherlands,Western Europe,lower_mid,lower_mid,single,early_career,English,early_career,Price-sensitive Short-break Travelers,channel_crossing_short,shopping_trip,seat,0.313,high,src_tourism_stats_01
psg_0516,25-34,Male,Germany,France,South East England,upper_mid,mid,family_with_children,self_employed,English,family_builder,Car-based Cross-border Travelers,channel_crossing_short,transport_alternative,vehicle_crossing,0.471,medium,src_tourism_stats_01
psg_0517,65-74,Female,Germany,Germany,Channel Islands,upper_mid,high,couple,professional,English,retired,Senior Mini-cruise Travelers,north_sea_overnight,mini_cruise_leisure,mini_cruise,0.256,low,src_tourism_stats_01
psg_0518,25-34,Female,United Kingdom,Germany,Western Europe,mid,lower_mid,couple,early_career,English,couple_stage,Price-sensitive Short-break Travelers,channel_crossing_short,shopping_trip,seat,0.336,high,src_tourism_stats_01
psg_0519,18-24,Non-binary,France,Ireland,Western Europe,mid,lower_mid,single,early_career,Dutch,early_career,Price-sensitive Short-break Travelers,channel_crossing_short,shopping_trip,seat,0.25,high,src_tourism_stats_01
psg_0520,45-54,Non-binary,France,United Kingdom,Northern France,mid,mid,shared_household,professional,French,working_adult,Car-based Cross-border Travelers,channel_crossing_short,transport_alternative,vehicle_crossing,0.452,medium,src_tourism_stats_01
psg_0521,25-34,Male,France,France,Western Europe,lower_mid,moderate,couple,student,French,couple_stage,Young Leisure Travelers,channel_crossing_short,weekend_getaway,mini_cruise,0.404,high,src_tourism_stats_01
psg_0522,18-24,Male,United Kingdom,Netherlands,London and South East,upper_mid,moderate,shared_household,creative,English,early_career,Young Leisure Travelers,channel_crossing_short,weekend_getaway,mini_cruise,0.345,high,src_tourism_stats_01
psg_0523,35-44,Male,Netherlands,United Kingdom,Western Europe,lower_mid,lower_mid,shared_household,student,Other,working_adult,Price-sensitive Short-break Travelers,channel_crossing_short,shopping_trip,seat,0.26,high,src_tourism_stats_01
psg_0524,25-34,Female,Denmark,Germany,Western Europe,upper_mid,moderate,single,service_worker,French,early_career,Young Leisure Travelers,channel_crossing_short,weekend_getaway,mini_cruise,0.297,high,src_tourism_stats_01
psg_0525,45-54,Prefer not to say,United Kingdom,United Kingdom,Nordics,mid,mid,family_with_children,self_employed,English,family_builder,Pet-Friendly Travelers,channel_crossing_short,family_holiday,pet_travel,0.365,medium,src_tourism_stats_01
psg_0526,45-54,Female,United Kingdom,France,Nordics,upper_mid,upper_mid,multi_generational,professional,Dutch,working_adult,Family Holiday Travelers,channel_crossing_short,family_holiday,family_package,0.417,medium,src_tourism_stats_01
psg_0527,35-44,Male,United Kingdom,United Kingdom,Northern France,upper_mid,mid,couple,professional,German,couple_stage,Car-based Cross-border Travelers,channel_crossing_short,transport_alternative,vehicle_crossing,0.441,medium,src_tourism_stats_01
psg_0528,55-64,Male,Germany,Denmark,Nordics,mid,high,couple,other,English,couple_stage,Senior Mini-cruise Travelers,north_sea_overnight,mini_cruise_leisure,mini_cruise,0.25,low,src_tourism_stats_01
psg_0529,25-34,Prefer not to say,United Kingdom,United Kingdom,Western Europe,lower_mid,lower_mid,shared_household,early_career,German,early_career,Price-sensitive Short-break Travelers,channel_crossing_short,shopping_trip,seat,0.255,high,src_tourism_stats_01
psg_0530,35-44,Female,United Kingdom,France,Nordics,mid,mid,family_with_children,other,English,family_builder,Pet-Friendly Travelers,channel_crossing_short,family_holiday,pet_travel,0.394,medium,src_tourism_stats_01
psg_0531,35-44,Female,Netherlands,United Kingdom,Western Europe,high,high,shared_household,professional,English,working_adult,Business / Commuter Travelers,channel_crossing_short,business,flex_ticket,0.456,low,src_tourism_stats_01
psg_0532,18-24,Female,France,Ireland,Irish East Coast,low,lower_mid,single,service_worker,English,early_career,Price-sensitive Short-break Travelers,channel_crossing_short,shopping_trip,seat,0.331,high,src_tourism_stats_01
psg_0533,45-54,Prefer not to say,France,Germany,Nordics,upper_mid,very_high,couple,manager,English,couple_stage,High-value Comfort Seekers,north_sea_overnight,weekend_getaway,cabin,0.335,low,src_tourism_stats_01
psg_0534,25-34,Male,United Kingdom,United Kingdom,Northern England,mid,upper_mid,family_with_children,professional,English,family_builder,Family Holiday Travelers,channel_crossing_short,family_holiday,family_package,0.5,medium,src_tourism_stats_01
psg_0535,35-44,Female,France,France,South East England,high,mid,shared_household,manager,German,working_adult,Car-based Cross-border Travelers,channel_crossing_short,transport_alternative,vehicle_crossing,0.417,medium,src_tourism_stats_01
psg_0536,45-54,Prefer not to say,Netherlands,United Kingdom,Western Europe,high,upper_mid,family_with_children,self_employed,Dutch,family_builder,Family Holiday Travelers,channel_crossing_short,family_holiday,family_package,0.498,medium,src_tourism_stats_01
psg_0537,25-34,Female,Netherlands,France,Western Europe,lower_mid,moderate,single,creative,English,early_career,Young Leisure Travelers,channel_crossing_short,weekend_getaway,mini_cruise,0.317,high,src_tourism_stats_01
psg_0538,35-44,Female,France,France,Nordics,mid,mid,couple,professional,English,couple_stage,Pet-Friendly Travelers,channel_crossing_short,family_holiday,pet_travel,0.353,medium,src_tourism_stats_01
psg_0539,55-64,Female,United Kingdom,Germany,Western Europe,mid,mid,family_with_children,professional,Swedish,family_builder,Pet-Friendly Travelers,channel_crossing_short,family_holiday,pet_travel,0.385,medium,src_tourism_stats_01
psg_0540,25-34,Male,Denmark,France,London and South East,upper_mid,moderate,shared_household,early_career,German,early_career,Young Leisure Travelers,channel_crossing_short,weekend_getaway,mini_cruise,0.307,high,src_tourism_stats_01
psg_0541,25-34,Female,France,Germany,German North,mid,high,shared_household,manager,English,early_career,Business / Commuter Travelers,channel_crossing_short,business,flex_ticket,0.489,low,src_tourism_stats_01
psg_0542,35-44,Male,Netherlands,Netherlands,Western Europe,mid,mid,family_with_children,self_employed,English,family_builder,Pet-Friendly Travelers,channel_crossing_short,family_holiday,pet_travel,0.379,medium,src_tourism_stats_01
psg_0543,25-34,Male,France,United Kingdom,Regional UK,low,lower_mid,family_with_children,other,English,family_builder,Price-sensitive Short-break Travelers,channel_crossing_short,shopping_trip,seat,0.298,high,src_tourism_stats_01
psg_0544,25-34,Male,Netherlands,United Kingdom,Regional UK,low,lower_mid,family_with_children,student,Dutch,family_builder,Price-sensitive Short-break Travelers,channel_crossing_short,shopping_trip,seat,0.29,high,src_tourism_stats_01
psg_0545,45-54,Male,France,Netherlands,London and South East,upper_mid,high,couple,consultant,English,couple_stage,Business / Commuter Travelers,channel_crossing_short,business,flex_ticket,0.447,low,src_tourism_stats_01
psg_0546,45-54,Female,United Kingdom,United Kingdom,Northern France,high,mid,family_with_children,professional,French,family_builder,Car-based Cross-border Travelers,channel_crossing_short,transport_alternative,vehicle_crossing,0.472,medium,src_tourism_stats_01
psg_0547,65-74,Female,United Kingdom,Germany,Western Europe,mid,high,retired_couple,professional,English,retired,Senior Mini-cruise Travelers,north_sea_overnight,mini_cruise_leisure,mini_cruise,0.322,low,src_tourism_stats_01
psg_0548,35-44,Male,France,United Kingdom,Nordics,upper_mid,very_high,couple,manager,Swedish,couple_stage,High-value Comfort Seekers,north_sea_overnight,weekend_getaway,cabin,0.332,low,src_tourism_stats_01
psg_0549,35-44,Female,Sweden,Netherlands,Nordics,upper_mid,upper_mid,family_with_children,manager,Dutch,family_builder,Family Holiday Travelers,channel_crossing_short,family_holiday,family_package,0.404,medium,src_tourism_stats_01
psg_0550,55-64,Prefer not to say,Denmark,Netherlands,Western Europe,upper_mid,high,retired_couple,other,Dutch,retired,Senior Mini-cruise Travelers,north_sea_overnight,mini_cruise_leisure,mini_cruise,0.332,low,src_tourism_stats_01
psg_0551,45-54,Female,Germany,United Kingdom,Irish East Coast,mid,mid,family_with_children,professional,English,family_builder,Car-based Cross-border Travelers,channel_crossing_short,transport_alternative,vehicle_crossing,0.369,medium,src_tourism_stats_01
psg_0552,55-64,Female,Germany,Germany,Western Europe,upper_mid,very_high,family_with_children,professional,English,family_builder,High-value Comfort Seekers,north_sea_overnight,weekend_getaway,cabin,0.334,low,src_tourism_stats_01
psg_0553,25-34,Male,Germany,Germany,Nordics,mid,upper_mid,multi_generational,professional,English,working_adult,Family Holiday Travelers,channel_crossing_short,family_holiday,family_package,0.401,medium,src_tourism_stats_01
psg_0554,45-54,Prefer not to say,United Kingdom,United Kingdom,Western Europe,mid,lower_mid,single,early_career,English,working_adult,Price-sensitive Short-break Travelers,channel_crossing_short,shopping_trip,seat,0.289,high,src_tourism_stats_01
psg_0555,18-24,Female,United Kingdom,Sweden,Western Europe,high,moderate,single,early_career,English,early_career,Young Leisure Travelers,channel_crossing_short,weekend_getaway,mini_cruise,0.375,high,src_tourism_stats_01
psg_0556,45-54,Male,Sweden,United Kingdom,Northern France,mid,mid,family_with_children,professional,English,family_builder,Car-based Cross-border Travelers,channel_crossing_short,transport_alternative,vehicle_crossing,0.478,medium,src_tourism_stats_01
psg_0557,18-24,Female,France,France,Western Europe,lower_mid,moderate,single,student,English,early_career,Young Leisure Travelers,channel_crossing_short,weekend_getaway,mini_cruise,0.362,high,src_tourism_stats_01
psg_0558,55-64,Male,France,United Kingdom,Irish East Coast,mid,mid,family_with_children,self_employed,French,family_builder,Car-based Cross-border Travelers,channel_crossing_short,transport_alternative,vehicle_crossing,0.441,medium,src_tourism_stats_01
psg_0559,45-54,Male,United Kingdom,France,Western Europe,mid,upper_mid,family_with_children,manager,French,family_builder,Family Holiday Travelers,channel_crossing_short,family_holiday,family_package,0.402,medium,src_tourism_stats_01
psg_0560,55-64,Female,Sweden,United Kingdom,South East England,high,mid,family_with_children,other,German,family_builder,Pet-Friendly Travelers,channel_crossing_short,family_holiday,pet_travel,0.313,medium,src_tourism_stats_01
psg_0561,45-54,Female,Germany,Germany,Western Europe,high,very_high,retired_couple,professional,German,retired,High-value Comfort Seekers,north_sea_overnight,weekend_getaway,cabin,0.353,low,src_tourism_stats_01
psg_0562,18-24,Female,France,Netherlands,Regional UK,low,lower_mid,single,student,German,early_career,Price-sensitive Short-break Travelers,channel_crossing_short,shopping_trip,seat,0.337,high,src_tourism_stats_01
psg_0563,45-54,Female,Ireland,United Kingdom,South East England,high,mid,couple,self_employed,English,couple_stage,Car-based Cross-border Travelers,channel_crossing_short,transport_alternative,vehicle_crossing,0.439,medium,src_tourism_stats_01
psg_0564,55-64,Female,France,Netherlands,Channel Islands,upper_mid,high,couple,other,English,couple_stage,Senior Mini-cruise Travelers,north_sea_overnight,mini_cruise_leisure,mini_cruise,0.278,low,src_tourism_stats_01
psg_0565,35-44,Female,France,Germany,Northern France,high,mid,family_with_children,professional,German,family_builder,Car-based Cross-border Travelers,channel_crossing_short,transport_alternative,vehicle_crossing,0.418,medium,src_tourism_stats_01
psg_0566,25-34,Male,Germany,Germany,Western Europe,upper_mid,moderate,couple,early_career,English,couple_stage,Young Leisure Travelers,channel_crossing_short,weekend_getaway,mini_cruise,0.407,high,src_tourism_stats_01
psg_0567,35-44,Non-binary,United Kingdom,United Kingdom,London and South East,high,high,single,manager,English,working_adult,Business / Commuter Travelers,channel_crossing_short,business,flex_ticket,0.547,low,src_tourism_stats_01
psg_0568,25-34,Male,France,France,German North,mid,mid,couple,skilled_trade,Dutch,couple_stage,Car-based Cross-border Travelers,channel_crossing_short,transport_alternative,vehicle_crossing,0.368,medium,src_tourism_stats_01
psg_0569,35-44,Female,France,France,Irish East Coast,upper_mid,mid,shared_household,professional,French,working_adult,Car-based Cross-border Travelers,channel_crossing_short,transport_alternative,vehicle_crossing,0.431,medium,src_tourism_stats_01
psg_0570,35-44,Female,France,Germany,Western Europe,upper_mid,mid,family_with_children,self_employed,German,family_builder,Pet-Friendly Travelers,channel_crossing_short,family_holiday,pet_travel,0.321,medium,src_tourism_stats_01
psg_0571,35-44,Male,France,Germany,Nordic Capitals,high,high,couple,professional,English,couple_stage,Business / Commuter Travelers,channel_crossing_short,business,flex_ticket,0.56,low,src_tourism_stats_01
psg_0572,35-44,Male,United Kingdom,Germany,South East England,mid,mid,family_with_children,self_employed,French,family_builder,Car-based Cross-border Travelers,channel_crossing_short,transport_alternative,vehicle_crossing,0.385,medium,src_tourism_stats_01
psg_0573,35-44,Female,Germany,France,Western Europe,low,lower_mid,couple,early_career,English,couple_stage,Price-sensitive Short-break Travelers,channel_crossing_short,shopping_trip,seat,0.312,high,src_tourism_stats_01
psg_0574,25-34,Male,Sweden,Netherlands,Northern England,high,upper_mid,couple,manager,Danish,couple_stage,Family Holiday Travelers,channel_crossing_short,family_holiday,family_package,0.454,medium,src_tourism_stats_01
psg_0575,45-54,Male,France,Netherlands,Western Europe,upper_mid,high,single,professional,German,working_adult,Business / Commuter Travelers,channel_crossing_short,business,flex_ticket,0.476,low,src_tourism_stats_01
psg_0576,35-44,Non-binary,United Kingdom,United Kingdom,Northern France,high,mid,couple,professional,French,couple_stage,Car-based Cross-border Travelers,channel_crossing_short,transport_alternative,vehicle_crossing,0.409,medium,src_tourism_stats_01
psg_0577,18-24,Female,France,Netherlands,Western Europe,mid,moderate,couple,student,English,couple_stage,Young Leisure Travelers,channel_crossing_short,weekend_getaway,mini_cruise,0.306,high,src_tourism_stats_01
psg_0578,45-54,Male,United Kingdom,Sweden,Nordics,upper_mid,upper_mid,family_with_children,other,English,family_builder,Family Holiday Travelers,channel_crossing_short,family_holiday,family_package,0.462,medium,src_tourism_stats_01
psg_0579,45-54,Male,United Kingdom,Netherlands,Regional UK,mid,lower_mid,shared_household,student,English,working_adult,Price-sensitive Short-break Travelers,channel_crossing_short,shopping_trip,seat,0.308,high,src_tourism_stats_01
psg_0580,35-44,Prefer not to say,Sweden,Sweden,Western Europe,high,mid,family_with_children,professional,Dutch,family_builder,Pet-Friendly Travelers,channel_crossing_short,family_holiday,pet_travel,0.32,medium,src_tourism_stats_01
psg_0581,35-44,Male,United Kingdom,France,London and South East,mid,high,shared_household,professional,English,working_adult,Business / Commuter Travelers,channel_crossing_short,business,flex_ticket,0.511,low,src_tourism_stats_01
psg_0582,65-74,Prefer not to say,United Kingdom,Netherlands,Western Europe,mid,high,retired_couple,other,English,retired,Senior Mini-cruise Travelers,north_sea_overnight,mini_cruise_leisure,mini_cruise,0.326,low,src_tourism_stats_01
psg_0583,18-24,Prefer not to say,Netherlands,Germany,Western Europe,mid,lower_mid,couple,early_career,English,couple_stage,Price-sensitive Short-break Travelers,channel_crossing_short,shopping_trip,seat,0.286,high,src_tourism_stats_01
psg_0584,55-64,Male,Germany,United Kingdom,Irish East Coast,high,mid,family_with_children,other,English,family_builder,Car-based Cross-border Travelers,channel_crossing_short,transport_alternative,vehicle_crossing,0.477,medium,src_tourism_stats_01
psg_0585,25-34,Non-binary,United Kingdom,United Kingdom,Nordics,high,upper_mid,family_with_children,other,Dutch,family_builder,Family Holiday Travelers,channel_crossing_short,family_holiday,family_package,0.439,medium,src_tourism_stats_01
psg_0586,25-34,Non-binary,Denmark,Netherlands,Western Europe,upper_mid,moderate,couple,service_worker,German,couple_stage,Young Leisure Travelers,channel_crossing_short,weekend_getaway,mini_cruise,0.389,high,src_tourism_stats_01
psg_0587,45-54,Female,Germany,France,London and South East,high,very_high,couple,manager,Dutch,couple_stage,High-value Comfort Seekers,north_sea_overnight,weekend_getaway,cabin,0.396,low,src_tourism_stats_01
psg_0588,18-24,Male,Netherlands,United Kingdom,Regional UK,low,lower_mid,couple,other,Other,couple_stage,Price-sensitive Short-break Travelers,channel_crossing_short,shopping_trip,seat,0.312,high,src_tourism_stats_01
psg_0589,35-44,Male,United Kingdom,France,Irish East Coast,low,lower_mid,couple,other,Dutch,couple_stage,Price-sensitive Short-break Travelers,channel_crossing_short,shopping_trip,seat,0.244,high,src_tourism_stats_01
psg_0590,25-34,Non-binary,Sweden,Germany,South East England,high,mid,shared_household,skilled_trade,French,early_career,Car-based Cross-border Travelers,channel_crossing_short,transport_alternative,vehicle_crossing,0.469,medium,src_tourism_stats_01
psg_0591,25-34,Male,United Kingdom,France,South East England,mid,mid,family_with_children,professional,Swedish,family_builder,Pet-Friendly Travelers,channel_crossing_short,family_holiday,pet_travel,0.294,medium,src_tourism_stats_01
psg_0592,45-54,Prefer not to say,Netherlands,Germany,Western Europe,high,very_high,couple,executive,Dutch,couple_stage,High-value Comfort Seekers,north_sea_overnight,weekend_getaway,cabin,0.355,low,src_tourism_stats_01
psg_0593,55-64,Prefer not to say,Germany,Denmark,South East England,high,high,couple,retired,English,couple_stage,Senior Mini-cruise Travelers,north_sea_overnight,mini_cruise_leisure,mini_cruise,0.275,low,src_tourism_stats_01
psg_0594,35-44,Prefer not to say,France,Germany,Western Europe,mid,upper_mid,family_with_children,professional,German,family_builder,Family Holiday Travelers,channel_crossing_short,family_holiday,family_package,0.472,medium,src_tourism_stats_01
psg_0595,55-64,Male,United Kingdom,United Kingdom,Western Europe,upper_mid,very_high,couple,consultant,Swedish,couple_stage,High-value Comfort Seekers,north_sea_overnight,weekend_getaway,cabin,0.433,low,src_tourism_stats_01
psg_0596,35-44,Male,United Kingdom,United Kingdom,Nordics,mid,mid,family_with_children,professional,Swedish,family_builder,Pet-Friendly Travelers,channel_crossing_short,family_holiday,pet_travel,0.347,medium,src_tourism_stats_01
psg_0597,25-34,Male,Germany,Germany,London and South East,upper_mid,high,couple,professional,English,couple_stage,Business / Commuter Travelers,channel_crossing_short,business,flex_ticket,0.445,low,src_tourism_stats_01
psg_0598,25-34,Non-binary,France,Denmark,London and South East,upper_mid,moderate,couple,creative,English,couple_stage,Young Leisure Travelers,channel_crossing_short,weekend_getaway,mini_cruise,0.328,high,src_tourism_stats_01
psg_0599,25-34,Prefer not to say,Netherlands,United Kingdom,German North,lower_mid,lower_mid,shared_household,student,English,early_career,Price-sensitive Short-break Travelers,channel_crossing_short,shopping_trip,seat,0.248,high,src_tourism_stats_01
psg_0600,18-24,Male,Netherlands,Denmark,Nordics,lower_mid,moderate,single,creative,English,early_career,Young Leisure Travelers,channel_crossing_short,weekend_getaway,mini_cruise,0.349,high,src_tourism_stats_01
psg_0601,35-44,Female,United Kingdom,Germany,Regional UK,low,lower_mid,couple,service_worker,Other,couple_stage,Price-sensitive Short-break Travelers,channel_crossing_short,shopping_trip,seat,0.29,high,src_tourism_stats_01
psg_0602,55-64,Male,France,France,London and South East,high,high,couple,consultant,English,couple_stage,Business / Commuter Travelers,channel_crossing_short,business,flex_ticket,0.522,low,src_tourism_stats_01
psg_0603,45-54,Male,Sweden,France,Western Europe,upper_mid,very_high,family_with_children,professional,German,family_builder,High-value Comfort Seekers,north_sea_overnight,weekend_getaway,cabin,0.435,low,src_tourism_stats_01
psg_0604,25-34,Non-binary,Netherlands,Germany,Western Europe,high,high,shared_household,self_employed,French,early_career,Business / Commuter Travelers,channel_crossing_short,business,flex_ticket,0.465,low,src_tourism_stats_01
psg_0605,25-34,Female,United Kingdom,United Kingdom,Nordics,mid,moderate,single,student,Dutch,early_career,Young Leisure Travelers,channel_crossing_short,weekend_getaway,mini_cruise,0.394,high,src_tourism_stats_01
psg_0606,25-34,Female,France,United Kingdom,Western Europe,mid,moderate,single,early_career,English,early_career,Young Leisure Travelers,channel_crossing_short,weekend_getaway,mini_cruise,0.387,high,src_tourism_stats_01
psg_0607,45-54,Female,Ireland,Germany,Northern France,upper_mid,mid,shared_household,manager,French,working_adult,Car-based Cross-border Travelers,channel_crossing_short,transport_alternative,vehicle_crossing,0.411,medium,src_tourism_stats_01
psg_0608,55-64,Male,Netherlands,Netherlands,Western Europe,upper_mid,very_high,couple,manager,Dutch,couple_stage,High-value Comfort Seekers,north_sea_overnight,weekend_getaway,cabin,0.339,low,src_tourism_stats_01
psg_0609,65-74,Male,United Kingdom,Netherlands,Channel Islands,high,high,couple,retired,Danish,retired,Senior Mini-cruise Travelers,north_sea_overnight,mini_cruise_leisure,mini_cruise,0.341,low,src_tourism_stats_01
psg_0610,55-64,Female,United Kingdom,United Kingdom,South East England,high,high,couple,professional,Dutch,couple_stage,Senior Mini-cruise Travelers,north_sea_overnight,mini_cruise_leisure,mini_cruise,0.27,low,src_tourism_stats_01
psg_0611,25-34,Male,United Kingdom,Netherlands,Greater London,mid,upper_mid,family_with_children,professional,Swedish,family_builder,Family Holiday Travelers,channel_crossing_short,family_holiday,family_package,0.426,medium,src_tourism_stats_01
psg_0612,35-44,Male,Netherlands,United Kingdom,German North,high,high,single,professional,German,working_adult,Business / Commuter Travelers,channel_crossing_short,business,flex_ticket,0.512,low,src_tourism_stats_01
psg_0613,18-24,Male,United Kingdom,United Kingdom,Regional UK,lower_mid,lower_mid,couple,other,Other,couple_stage,Price-sensitive Short-break Travelers,channel_crossing_short,shopping_trip,seat,0.292,high,src_tourism_stats_01
psg_0614,65-74,Prefer not to say,United Kingdom,Germany,Western Europe,upper_mid,high,couple,retired,English,retired,Senior Mini-cruise Travelers,north_sea_overnight,mini_cruise_leisure,mini_cruise,0.253,low,src_tourism_stats_01
psg_0615,35-44,Non-binary,United Kingdom,Germany,Western Europe,mid,moderate,couple,creative,English,couple_stage,Young Leisure Travelers,channel_crossing_short,weekend_getaway,mini_cruise,0.326,high,src_tourism_stats_01
psg_0616,65-74,Female,United Kingdom,United Kingdom,Nordics,mid,high,couple,other,Dutch,retired,Senior Mini-cruise Travelers,north_sea_overnight,mini_cruise_leisure,mini_cruise,0.264,low,src_tourism_stats_01
psg_0617,45-54,Female,United Kingdom,Netherlands,Nordic Capitals,high,high,shared_household,manager,French,working_adult,Business / Commuter Travelers,channel_crossing_short,business,flex_ticket,0.507,low,src_tourism_stats_01
psg_0618,35-44,Male,Netherlands,Netherlands,Western Europe,high,upper_mid,family_with_children,teacher,French,family_builder,Family Holiday Travelers,channel_crossing_short,family_holiday,family_package,0.441,medium,src_tourism_stats_01
psg_0619,25-34,Non-binary,France,France,Northern France,high,mid,family_with_children,skilled_trade,English,family_builder,Car-based Cross-border Travelers,channel_crossing_short,transport_alternative,vehicle_crossing,0.395,medium,src_tourism_stats_01
psg_0620,35-44,Female,United Kingdom,Sweden,Northern England,upper_mid,upper_mid,couple,self_employed,English,couple_stage,Family Holiday Travelers,channel_crossing_short,family_holiday,family_package,0.425,medium,src_tourism_stats_01
psg_0621,65-74,Prefer not to say,Germany,Germany,London and South East,high,very_high,family_with_children,professional,English,family_builder,High-value Comfort Seekers,north_sea_overnight,weekend_getaway,cabin,0.41,low,src_tourism_stats_01
psg_0622,35-44,Female,Germany,United Kingdom,Western Europe,mid,very_high,couple,manager,English,couple_stage,High-value Comfort Seekers,north_sea_overnight,weekend_getaway,cabin,0.322,low,src_tourism_stats_01
psg_0623,25-34,Female,Germany,Germany,Regional UK,low,lower_mid,couple,early_career,English,couple_stage,Price-sensitive Short-break Travelers,channel_crossing_short,shopping_trip,seat,0.247,high,src_tourism_stats_01
psg_0624,35-44,Female,United Kingdom,Sweden,Northern England,mid,upper_mid,family_with_children,manager,German,family_builder,Family Holiday Travelers,channel_crossing_short,family_holiday,family_package,0.475,medium,src_tourism_stats_01
psg_0625,35-44,Male,Germany,United Kingdom,Western Europe,upper_mid,mid,couple,other,Dutch,couple_stage,Pet-Friendly Travelers,channel_crossing_short,family_holiday,pet_travel,0.285,medium,src_tourism_stats_01
psg_0626,25-34,Non-binary,Sweden,United Kingdom,London and South East,mid,moderate,couple,creative,English,couple_stage,Young Leisure Travelers,channel_crossing_short,weekend_getaway,mini_cruise,0.368,high,src_tourism_stats_01
psg_0627,25-34,Non-binary,France,France,German North,mid,mid,shared_household,manager,French,early_career,Car-based Cross-border Travelers,channel_crossing_short,transport_alternative,vehicle_crossing,0.37,medium,src_tourism_stats_01
psg_0628,45-54,Male,Ireland,United Kingdom,German North,upper_mid,mid,family_with_children,self_employed,French,family_builder,Car-based Cross-border Travelers,channel_crossing_short,transport_alternative,vehicle_crossing,0.409,medium,src_tourism_stats_01
psg_0629,75+,Male,United Kingdom,United Kingdom,South East England,upper_mid,high,retired_couple,other,English,retired,Senior Mini-cruise Travelers,north_sea_overnight,mini_cruise_leisure,mini_cruise,0.278,low,src_tourism_stats_01
psg_0630,25-34,Female,Netherlands,Netherlands,Nordics,high,mid,family_with_children,manager,German,family_builder,Pet-Friendly Travelers,channel_crossing_short,family_holiday,pet_travel,0.359,medium,src_tourism_stats_01
psg_0631,55-64,Male,Germany,Netherlands,Western Europe,high,high,single,retired,English,working_adult,Senior Mini-cruise Travelers,north_sea_overnight,mini_cruise_leisure,mini_cruise,0.303,low,src_tourism_stats_01
psg_0632,45-54,Male,United Kingdom,France,Nordics,upper_mid,mid,couple,other,German,couple_stage,Pet-Friendly Travelers,channel_crossing_short,family_holiday,pet_travel,0.329,medium,src_tourism_stats_01
psg_0633,35-44,Female,France,Germany,Western Europe,mid,upper_mid,multi_generational,professional,English,working_adult,Family Holiday Travelers,channel_crossing_short,family_holiday,family_package,0.456,medium,src_tourism_stats_01
psg_0634,65-74,Female,United Kingdom,Germany,Western Europe,upper_mid,high,retired_couple,other,Danish,retired,Senior Mini-cruise Travelers,north_sea_overnight,mini_cruise_leisure,mini_cruise,0.253,low,src_tourism_stats_01
psg_0635,18-24,Male,United Kingdom,United Kingdom,Western Europe,lower_mid,moderate,single,creative,English,early_career,Young Leisure Travelers,channel_crossing_short,weekend_getaway,mini_cruise,0.408,high,src_tourism_stats_01
psg_0636,45-54,Male,Germany,Netherlands,Western Europe,lower_mid,lower_mid,single,service_worker,Dutch,working_adult,Price-sensitive Short-break Travelers,channel_crossing_short,shopping_trip,seat,0.306,high,src_tourism_stats_01
psg_0637,55-64,Male,United Kingdom,Netherlands,Nordics,high,very_high,couple,manager,Dutch,couple_stage,High-value Comfort Seekers,north_sea_overnight,weekend_getaway,cabin,0.419,low,src_tourism_stats_01
psg_0638,18-24,Non-binary,Netherlands,Netherlands,London and South East,mid,moderate,couple,early_career,English,couple_stage,Young Leisure Travelers,channel_crossing_short,weekend_getaway,mini_cruise,0.322,high,src_tourism_stats_01
psg_0639,65-74,Male,Denmark,Netherlands,Channel Islands,mid,high,couple,retired,German,retired,Senior Mini-cruise Travelers,north_sea_overnight,mini_cruise_leisure,mini_cruise,0.256,low,src_tourism_stats_01
psg_0640,55-64,Female,United Kingdom,Netherlands,London and South East,mid,very_high,couple,consultant,Dutch,couple_stage,High-value Comfort Seekers,north_sea_overnight,weekend_getaway,cabin,0.369,low,src_tourism_stats_01
psg_0641,25-34,Female,United Kingdom,United Kingdom,Nordics,mid,moderate,single,creative,English,early_career,Young Leisure Travelers,channel_crossing_short,weekend_getaway,mini_cruise,0.361,high,src_tourism_stats_01
psg_0642,25-34,Non-binary,United Kingdom,France,Western Europe,lower_mid,moderate,single,service_worker,English,early_career,Young Leisure Travelers,channel_crossing_short,weekend_getaway,mini_cruise,0.359,high,src_tourism_stats_01
psg_0643,55-64,Male,France,Netherlands,Western Europe,high,high,couple,professional,French,couple_stage,Business / Commuter Travelers,channel_crossing_short,business,flex_ticket,0.494,low,src_tourism_stats_01
psg_0644,25-34,Male,Netherlands,France,Regional UK,lower_mid,lower_mid,couple,other,Other,couple_stage,Price-sensitive Short-break Travelers,channel_crossing_short,shopping_trip,seat,0.308,high,src_tourism_stats_01
psg_0645,45-54,Male,France,Netherlands,Nordic Capitals,upper_mid,high,single,manager,English,working_adult,Business / Commuter Travelers,channel_crossing_short,business,flex_ticket,0.514,low,src_tourism_stats_01
psg_0646,25-34,Male,United Kingdom,France,Nordic Capitals,mid,high,shared_household,professional,English,early_career,Business / Commuter Travelers,channel_crossing_short,business,flex_ticket,0.534,low,src_tourism_stats_01
psg_0647,45-54,Non-binary,France,Germany,Western Europe,upper_mid,upper_mid,family_with_children,other,English,family_builder,Family Holiday Travelers,channel_crossing_short,family_holiday,family_package,0.442,medium,src_tourism_stats_01
psg_0648,45-54,Male,United Kingdom,United Kingdom,South East England,mid,mid,family_with_children,professional,English,family_builder,Car-based Cross-border Travelers,channel_crossing_short,transport_alternative,vehicle_crossing,0.397,medium,src_tourism_stats_01
psg_0649,25-34,Male,France,United Kingdom,South East England,mid,mid,family_with_children,manager,English,family_builder,Car-based Cross-border Travelers,channel_crossing_short,transport_alternative,vehicle_crossing,0.405,medium,src_tourism_stats_01
psg_0650,18-24,Female,Netherlands,France,Western Europe,mid,lower_mid,single,student,English,early_career,Price-sensitive Short-break Travelers,channel_crossing_short,shopping_trip,seat,0.276,high,src_tourism_stats_01
psg_0651,35-44,Male,United Kingdom,Germany,South East England,high,mid,couple,professional,French,couple_stage,Car-based Cross-border Travelers,channel_crossing_short,transport_alternative,vehicle_crossing,0.454,medium,src_tourism_stats_01
psg_0652,35-44,Female,Ireland,United Kingdom,Scandinavia,mid,mid,shared_household,self_employed,French,working_adult,Car-based Cross-border Travelers,channel_crossing_short,transport_alternative,vehicle_crossing,0.411,medium,src_tourism_stats_01
psg_0653,35-44,Female,France,Germany,Western Europe,high,mid,family_with_children,other,French,family_builder,Pet-Friendly Travelers,channel_crossing_short,family_holiday,pet_travel,0.352,medium,src_tourism_stats_01
psg_0654,25-34,Female,Netherlands,France,Western Europe,low,lower_mid,shared_household,early_career,English,early_career,Price-sensitive Short-break Travelers,channel_crossing_short,shopping_trip,seat,0.267,high,src_tourism_stats_01
psg_0655,18-24,Male,United Kingdom,Netherlands,Western Europe,high,moderate,single,creative,English,early_career,Young Leisure Travelers,channel_crossing_short,weekend_getaway,mini_cruise,0.321,high,src_tourism_stats_01
psg_0656,45-54,Female,Sweden,Netherlands,Western Europe,high,very_high,couple,professional,Dutch,couple_stage,High-value Comfort Seekers,north_sea_overnight,weekend_getaway,cabin,0.32,low,src_tourism_stats_01
psg_0657,75+,Male,Netherlands,France,Nordics,high,high,couple,other,Dutch,retired,Senior Mini-cruise Travelers,north_sea_overnight,mini_cruise_leisure,mini_cruise,0.249,low,src_tourism_stats_01
psg_0658,25-34,Male,Germany,United Kingdom,Nordics,upper_mid,moderate,single,student,French,early_career,Young Leisure Travelers,channel_crossing_short,weekend_getaway,mini_cruise,0.374,high,src_tourism_stats_01
psg_0659,25-34,Prefer not to say,Netherlands,United Kingdom,London and South East,lower_mid,moderate,shared_household,early_career,English,early_career,Young Leisure Travelers,channel_crossing_short,weekend_getaway,mini_cruise,0.364,high,src_tourism_stats_01
psg_0660,45-54,Female,France,France,South East England,high,mid,couple,professional,English,couple_stage,Car-based Cross-border Travelers,channel_crossing_short,transport_alternative,vehicle_crossing,0.459,medium,src_tourism_stats_01
psg_0661,45-54,Male,France,France,German North,upper_mid,mid,couple,skilled_trade,English,couple_stage,Car-based Cross-border Travelers,channel_crossing_short,transport_alternative,vehicle_crossing,0.375,medium,src_tourism_stats_01
psg_0662,18-24,Male,United Kingdom,Netherlands,Western Europe,lower_mid,moderate,couple,other,English,couple_stage,Young Leisure Travelers,channel_crossing_short,weekend_getaway,mini_cruise,0.354,high,src_tourism_stats_01
psg_0663,35-44,Male,Denmark,Netherlands,Nordics,mid,upper_mid,multi_generational,manager,Danish,working_adult,Family Holiday Travelers,channel_crossing_short,family_holiday,family_package,0.423,medium,src_tourism_stats_01
psg_0664,45-54,Female,Germany,France,Western Europe,upper_mid,very_high,couple,professional,English,couple_stage,High-value Comfort Seekers,north_sea_overnight,weekend_getaway,cabin,0.343,low,src_tourism_stats_01
psg_0665,25-34,Female,France,Denmark,Western Europe,lower_mid,moderate,single,student,English,early_career,Young Leisure Travelers,channel_crossing_short,weekend_getaway,mini_cruise,0.365,high,src_tourism_stats_01
psg_0666,25-34,Non-binary,Germany,Germany,London and South East,lower_mid,moderate,single,early_career,English,early_career,Young Leisure Travelers,channel_crossing_short,weekend_getaway,mini_cruise,0.297,high,src_tourism_stats_01
psg_0667,45-54,Prefer not to say,Germany,Ireland,German North,upper_mid,mid,couple,professional,English,couple_stage,Car-based Cross-border Travelers,channel_crossing_short,transport_alternative,vehicle_crossing,0.364,medium,src_tourism_stats_01
psg_0668,45-54,Female,United Kingdom,Sweden,Northern France,mid,mid,couple,professional,French,couple_stage,Car-based Cross-border Travelers,channel_crossing_short,transport_alternative,vehicle_crossing,0.427,medium,src_tourism_stats_01
psg_0669,35-44,Female,Germany,United Kingdom,Western Europe,upper_mid,upper_mid,family_with_children,professional,Dutch,family_builder,Family Holiday Travelers,channel_crossing_short,family_holiday,family_package,0.496,medium,src_tourism_stats_01
psg_0670,35-44,Non-binary,Netherlands,France,Western Europe,mid,high,single,manager,English,working_adult,Business / Commuter Travelers,channel_crossing_short,business,flex_ticket,0.535,low,src_tourism_stats_01
psg_0671,35-44,Male,United Kingdom,France,Western Europe,upper_mid,upper_mid,family_with_children,teacher,English,family_builder,Family Holiday Travelers,channel_crossing_short,family_holiday,family_package,0.427,medium,src_tourism_stats_01
psg_0672,55-64,Male,France,Germany,German North,mid,mid,family_with_children,manager,English,family_builder,Car-based Cross-border Travelers,channel_crossing_short,transport_alternative,vehicle_crossing,0.361,medium,src_tourism_stats_01
psg_0673,35-44,Female,France,Germany,Nordic Capitals,upper_mid,high,single,professional,Dutch,working_adult,Business / Commuter Travelers,channel_crossing_short,business,flex_ticket,0.534,low,src_tourism_stats_01
psg_0674,45-54,Male,Sweden,France,Northern France,upper_mid,mid,shared_household,skilled_trade,French,working_adult,Car-based Cross-border Travelers,channel_crossing_short,transport_alternative,vehicle_crossing,0.379,medium,src_tourism_stats_01
psg_0675,65-74,Female,United Kingdom,United Kingdom,South East England,upper_mid,high,retired_couple,retired,German,retired,Senior Mini-cruise Travelers,north_sea_overnight,mini_cruise_leisure,mini_cruise,0.354,low,src_tourism_stats_01
psg_0676,45-54,Female,United Kingdom,Sweden,Northern France,mid,mid,family_with_children,professional,English,family_builder,Car-based Cross-border Travelers,channel_crossing_short,transport_alternative,vehicle_crossing,0.383,medium,src_tourism_stats_01
psg_0677,45-54,Female,United Kingdom,United Kingdom,London and South East,high,high,shared_household,professional,French,working_adult,Business / Commuter Travelers,channel_crossing_short,business,flex_ticket,0.461,low,src_tourism_stats_01
psg_0678,25-34,Prefer not to say,United Kingdom,Germany,London and South East,upper_mid,moderate,single,other,English,early_career,Young Leisure Travelers,channel_crossing_short,weekend_getaway,mini_cruise,0.319,high,src_tourism_stats_01
psg_0679,35-44,Prefer not to say,Ireland,Ireland,German North,mid,lower_mid,single,student,Other,working_adult,Price-sensitive Short-break Travelers,channel_crossing_short,shopping_trip,seat,0.315,high,src_tourism_stats_01
psg_0680,35-44,Female,Netherlands,Denmark,Northern England,mid,upper_mid,family_with_children,professional,French,family_builder,Family Holiday Travelers,channel_crossing_short,family_holiday,family_package,0.485,medium,src_tourism_stats_01
psg_0681,25-34,Male,Germany,Germany,Scandinavia,high,mid,family_with_children,professional,French,family_builder,Car-based Cross-border Travelers,channel_crossing_short,transport_alternative,vehicle_crossing,0.44,medium,src_tourism_stats_01
psg_0682,25-34,Male,Germany,Netherlands,Western Europe,mid,moderate,single,early_career,English,early_career,Young Leisure Travelers,channel_crossing_short,weekend_getaway,mini_cruise,0.376,high,src_tourism_stats_01
psg_0683,55-64,Male,Denmark,Netherlands,South East England,upper_mid,high,couple,other,English,couple_stage,Senior Mini-cruise Travelers,north_sea_overnight,mini_cruise_leisure,mini_cruise,0.277,low,src_tourism_stats_01
psg_0684,25-34,Prefer not to say,United Kingdom,France,Regional UK,low,lower_mid,couple,service_worker,French,couple_stage,Price-sensitive Short-break Travelers,channel_crossing_short,shopping_trip,seat,0.276,high,src_tourism_stats_01
psg_0685,35-44,Male,France,Germany,Western Europe,upper_mid,high,single,professional,German,working_adult,Business / Commuter Travelers,channel_crossing_short,business,flex_ticket,0.483,low,src_tourism_stats_01
psg_0686,25-34,Male,Germany,France,Nordics,lower_mid,moderate,single,student,English,early_career,Young Leisure Travelers,channel_crossing_short,weekend_getaway,mini_cruise,0.314,high,src_tourism_stats_01
psg_0687,35-44,Non-binary,Ireland,United Kingdom,German North,high,mid,shared_household,self_employed,German,working_adult,Car-based Cross-border Travelers,channel_crossing_short,transport_alternative,vehicle_crossing,0.469,medium,src_tourism_stats_01
psg_0688,18-24,Non-binary,France,Netherlands,Western Europe,mid,moderate,couple,early_career,English,couple_stage,Young Leisure Travelers,channel_crossing_short,weekend_getaway,mini_cruise,0.381,high,src_tourism_stats_01
psg_0689,35-44,Female,Germany,France,Western Europe,upper_mid,upper_mid,couple,teacher,English,couple_stage,Family Holiday Travelers,channel_crossing_short,family_holiday,family_package,0.485,medium,src_tourism_stats_01
psg_0690,25-34,Male,Ireland,United Kingdom,Northern France,upper_mid,mid,family_with_children,skilled_trade,English,family_builder,Car-based Cross-border Travelers,channel_crossing_short,transport_alternative,vehicle_crossing,0.473,medium,src_tourism_stats_01
psg_0691,25-34,Non-binary,United Kingdom,Netherlands,Western Europe,mid,moderate,couple,early_career,English,couple_stage,Young Leisure Travelers,channel_crossing_short,weekend_getaway,mini_cruise,0.293,high,src_tourism_stats_01
psg_0692,45-54,Female,Ireland,United Kingdom,Western Europe,lower_mid,lower_mid,couple,other,Other,couple_stage,Price-sensitive Short-break Travelers,channel_crossing_short,shopping_trip,seat,0.245,high,src_tourism_stats_01
psg_0693,45-54,Female,United Kingdom,France,Northern France,high,mid,family_with_children,professional,French,family_builder,Car-based Cross-border Travelers,channel_crossing_short,transport_alternative,vehicle_crossing,0.364,medium,src_tourism_stats_01
psg_0694,45-54,Female,United Kingdom,Sweden,Western Europe,upper_mid,very_high,retired_couple,manager,English,retired,High-value Comfort Seekers,north_sea_overnight,weekend_getaway,cabin,0.382,low,src_tourism_stats_01
psg_0695,45-54,Male,United Kingdom,United Kingdom,Western Europe,upper_mid,upper_mid,family_with_children,other,Swedish,family_builder,Family Holiday Travelers,channel_crossing_short,family_holiday,family_package,0.406,medium,src_tourism_stats_01
psg_0696,35-44,Male,France,Netherlands,Nordics,upper_mid,upper_mid,family_with_children,self_employed,English,family_builder,Family Holiday Travelers,channel_crossing_short,family_holiday,family_package,0.391,medium,src_tourism_stats_01
psg_0697,18-24,Female,France,Netherlands,Nordics,upper_mid,moderate,single,early_career,French,early_career,Young Leisure Travelers,channel_crossing_short,weekend_getaway,mini_cruise,0.325,high,src_tourism_stats_01
psg_0698,25-34,Male,Netherlands,United Kingdom,Western Europe,mid,lower_mid,single,service_worker,Other,early_career,Price-sensitive Short-break Travelers,channel_crossing_short,shopping_trip,seat,0.308,high,src_tourism_stats_01
psg_0699,75+,Female,Netherlands,United Kingdom,Channel Islands,upper_mid,high,retired_couple,retired,Dutch,retired,Senior Mini-cruise Travelers,north_sea_overnight,mini_cruise_leisure,mini_cruise,0.275,low,src_tourism_stats_01
psg_0700,45-54,Male,United Kingdom,France,German North,upper_mid,mid,multi_generational,professional,English,working_adult,Pet-Friendly Travelers,channel_crossing_short,family_holiday,pet_travel,0.372,medium,src_tourism_stats_01
psg_0701,35-44,Female,France,France,South East England,upper_mid,mid,couple,manager,German,couple_stage,Car-based Cross-border Travelers,channel_crossing_short,transport_alternative,vehicle_crossing,0.463,medium,src_tourism_stats_01
psg_0702,25-34,Female,Sweden,France,German North,upper_mid,mid,family_with_children,skilled_trade,English,family_builder,Car-based Cross-border Travelers,channel_crossing_short,transport_alternative,vehicle_crossing,0.474,medium,src_tourism_stats_01
psg_0703,25-34,Non-binary,United Kingdom,United Kingdom,London and South East,lower_mid,moderate,couple,early_career,English,couple_stage,Young Leisure Travelers,channel_crossing_short,weekend_getaway,mini_cruise,0.382,high,src_tourism_stats_01
psg_0704,35-44,Female,United Kingdom,United Kingdom,Nordics,upper_mid,very_high,retired_couple,executive,French,retired,High-value Comfort Seekers,north_sea_overnight,weekend_getaway,cabin,0.397,low,src_tourism_stats_01
psg_0705,55-64,Female,Netherlands,United Kingdom,Western Europe,high,very_high,family_with_children,consultant,English,family_builder,High-value Comfort Seekers,north_sea_overnight,weekend_getaway,cabin,0.349,low,src_tourism_stats_01
psg_0706,25-34,Prefer not to say,United Kingdom,United Kingdom,Western Europe,lower_mid,moderate,shared_household,creative,German,early_career,Young Leisure Travelers,channel_crossing_short,weekend_getaway,mini_cruise,0.31,high,src_tourism_stats_01
psg_0707,35-44,Female,United Kingdom,Netherlands,Greater London,mid,upper_mid,family_with_children,other,English,family_builder,Family Holiday Travelers,channel_crossing_short,family_holiday,family_package,0.416,medium,src_tourism_stats_01
psg_0708,25-34,Male,France,France,Northern France,mid,mid,shared_household,skilled_trade,English,early_career,Car-based Cross-border Travelers,channel_crossing_short,transport_alternative,vehicle_crossing,0.368,medium,src_tourism_stats_01
psg_0709,35-44,Male,Denmark,United Kingdom,Western Europe,high,upper_mid,couple,professional,Danish,couple_stage,Family Holiday Travelers,channel_crossing_short,family_holiday,family_package,0.462,medium,src_tourism_stats_01
psg_0710,45-54,Male,Sweden,Netherlands,Western Europe,upper_mid,mid,single,professional,Dutch,working_adult,Pet-Friendly Travelers,channel_crossing_short,family_holiday,pet_travel,0.338,medium,src_tourism_stats_01
psg_0711,45-54,Male,France,Ireland,South East England,upper_mid,mid,shared_household,professional,French,working_adult,Car-based Cross-border Travelers,channel_crossing_short,transport_alternative,vehicle_crossing,0.468,medium,src_tourism_stats_01
psg_0712,45-54,Male,Ireland,United Kingdom,Northern France,mid,mid,family_with_children,professional,English,family_builder,Car-based Cross-border Travelers,channel_crossing_short,transport_alternative,vehicle_crossing,0.471,medium,src_tourism_stats_01
psg_0713,55-64,Male,United Kingdom,United Kingdom,Western Europe,high,high,couple,self_employed,German,couple_stage,Business / Commuter Travelers,channel_crossing_short,business,flex_ticket,0.475,low,src_tourism_stats_01
psg_0714,25-34,Female,United Kingdom,Germany,Nordics,mid,moderate,single,creative,French,early_career,Young Leisure Travelers,channel_crossing_short,weekend_getaway,mini_cruise,0.363,high,src_tourism_stats_01
psg_0715,35-44,Male,United Kingdom,Germany,South East England,mid,mid,couple,professional,English,couple_stage,Car-based Cross-border Travelers,channel_crossing_short,transport_alternative,vehicle_crossing,0.371,medium,src_tourism_stats_01
psg_0716,45-54,Non-binary,United Kingdom,United Kingdom,Nordic Capitals,upper_mid,high,shared_household,professional,English,working_adult,Business / Commuter Travelers,channel_crossing_short,business,flex_ticket,0.47,low,src_tourism_stats_01
psg_0717,35-44,Male,United Kingdom,Germany,Greater London,high,upper_mid,family_with_children,professional,English,family_builder,Family Holiday Travelers,channel_crossing_short,family_holiday,family_package,0.451,medium,src_tourism_stats_01
psg_0718,55-64,Prefer not to say,Germany,United Kingdom,Western Europe,high,very_high,family_with_children,consultant,German,family_builder,High-value Comfort Seekers,north_sea_overnight,weekend_getaway,cabin,0.338,low,src_tourism_stats_01
psg_0719,45-54,Male,Netherlands,Netherlands,Nordics,upper_mid,very_high,couple,professional,English,couple_stage,High-value Comfort Seekers,north_sea_overnight,weekend_getaway,cabin,0.343,low,src_tourism_stats_01
psg_0720,25-34,Male,Netherlands,Denmark,Nordics,high,moderate,single,early_career,English,early_career,Young Leisure Travelers,channel_crossing_short,weekend_getaway,mini_cruise,0.361,high,src_tourism_stats_01
psg_0721,25-34,Prefer not to say,France,France,South East England,upper_mid,mid,family_with_children,other,German,family_builder,Car-based Cross-border Travelers,channel_crossing_short,transport_alternative,vehicle_crossing,0.421,medium,src_tourism_stats_01
psg_0722,65-74,Male,Germany,Denmark,Nordics,upper_mid,high,couple,other,Dutch,retired,Senior Mini-cruise Travelers,north_sea_overnight,mini_cruise_leisure,mini_cruise,0.321,low,src_tourism_stats_01
psg_0723,55-64,Female,Netherlands,Germany,Western Europe,high,very_high,single,executive,English,working_adult,High-value Comfort Seekers,north_sea_overnight,weekend_getaway,cabin,0.413,low,src_tourism_stats_01
psg_0724,55-64,Female,France,Germany,Western Europe,mid,high,couple,consultant,English,couple_stage,Business / Commuter Travelers,channel_crossing_short,business,flex_ticket,0.476,low,src_tourism_stats_01
psg_0725,45-54,Female,United Kingdom,France,French North,high,mid,family_with_children,manager,German,family_builder,Pet-Friendly Travelers,channel_crossing_short,family_holiday,pet_travel,0.321,medium,src_tourism_stats_01
psg_0726,25-34,Prefer not to say,Netherlands,United Kingdom,Nordics,upper_mid,moderate,single,student,English,early_career,Young Leisure Travelers,channel_crossing_short,weekend_getaway,mini_cruise,0.353,high,src_tourism_stats_01
psg_0727,45-54,Female,United Kingdom,Netherlands,London and South East,mid,high,shared_household,professional,Dutch,working_adult,Business / Commuter Travelers,channel_crossing_short,business,flex_ticket,0.462,low,src_tourism_stats_01
psg_0728,18-24,Male,United Kingdom,Sweden,Western Europe,mid,moderate,couple,service_worker,English,couple_stage,Young Leisure Travelers,channel_crossing_short,weekend_getaway,mini_cruise,0.325,high,src_tourism_stats_01
psg_0729,35-44,Male,France,France,German North,mid,mid,family_with_children,self_employed,English,family_builder,Car-based Cross-border Travelers,channel_crossing_short,transport_alternative,vehicle_crossing,0.43,medium,src_tourism_stats_01
psg_0730,25-34,Male,United Kingdom,Netherlands,German North,high,mid,multi_generational,self_employed,English,working_adult,Pet-Friendly Travelers,channel_crossing_short,family_holiday,pet_travel,0.332,medium,src_tourism_stats_01
psg_0731,45-54,Prefer not to say,Germany,Sweden,German North,mid,mid,family_with_children,manager,English,family_builder,Car-based Cross-border Travelers,channel_crossing_short,transport_alternative,vehicle_crossing,0.372,medium,src_tourism_stats_01
psg_0732,65-74,Male,France,United Kingdom,Western Europe,mid,high,couple,professional,French,retired,Senior Mini-cruise Travelers,north_sea_overnight,mini_cruise_leisure,mini_cruise,0.284,low,src_tourism_stats_01
psg_0733,35-44,Male,France,United Kingdom,German North,high,high,shared_household,professional,English,working_adult,Business / Commuter Travelers,channel_crossing_short,business,flex_ticket,0.445,low,src_tourism_stats_01
psg_0734,25-34,Male,Netherlands,France,Western Europe,low,lower_mid,couple,other,Other,couple_stage,Price-sensitive Short-break Travelers,channel_crossing_short,shopping_trip,seat,0.338,high,src_tourism_stats_01
psg_0735,45-54,Male,United Kingdom,United Kingdom,Regional UK,lower_mid,lower_mid,couple,other,French,couple_stage,Price-sensitive Short-break Travelers,channel_crossing_short,shopping_trip,seat,0.235,high,src_tourism_stats_01
psg_0736,25-34,Male,France,Germany,Regional UK,lower_mid,lower_mid,single,early_career,English,early_career,Price-sensitive Short-break Travelers,channel_crossing_short,shopping_trip,seat,0.245,high,src_tourism_stats_01
psg_0737,55-64,Female,Netherlands,Germany,Western Europe,mid,very_high,single,professional,English,working_adult,High-value Comfort Seekers,north_sea_overnight,weekend_getaway,cabin,0.351,low,src_tourism_stats_01
psg_0738,75+,Female,United Kingdom,Netherlands,Nordics,upper_mid,high,retired_couple,other,Danish,retired,Senior Mini-cruise Travelers,north_sea_overnight,mini_cruise_leisure,mini_cruise,0.332,low,src_tourism_stats_01
psg_0739,35-44,Female,Netherlands,Netherlands,Western Europe,high,high,couple,consultant,Dutch,couple_stage,Business / Commuter Travelers,channel_crossing_short,business,flex_ticket,0.467,low,src_tourism_stats_01
psg_0740,18-24,Female,France,Denmark,Western Europe,lower_mid,moderate,single,service_worker,Dutch,early_career,Young Leisure Travelers,channel_crossing_short,weekend_getaway,mini_cruise,0.359,high,src_tourism_stats_01
psg_0741,18-24,Male,Sweden,Denmark,London and South East,mid,moderate,couple,creative,English,couple_stage,Young Leisure Travelers,channel_crossing_short,weekend_getaway,mini_cruise,0.362,high,src_tourism_stats_01
psg_0742,35-44,Male,France,United Kingdom,Nordics,high,upper_mid,family_with_children,manager,German,family_builder,Family Holiday Travelers,channel_crossing_short,family_holiday,family_package,0.408,medium,src_tourism_stats_01
psg_0743,55-64,Male,Netherlands,Netherlands,Scandinavia,upper_mid,very_high,single,professional,German,working_adult,High-value Comfort Seekers,north_sea_overnight,weekend_getaway,cabin,0.419,low,src_tourism_stats_01
psg_0744,65-74,Female,Denmark,United Kingdom,Nordics,upper_mid,high,retired_couple,other,German,retired,Senior Mini-cruise Travelers,north_sea_overnight,mini_cruise_leisure,mini_cruise,0.246,low,src_tourism_stats_01
psg_0745,18-24,Male,United Kingdom,Ireland,Western Europe,mid,lower_mid,family_with_children,early_career,English,family_builder,Price-sensitive Short-break Travelers,channel_crossing_short,shopping_trip,seat,0.301,high,src_tourism_stats_01
psg_0746,45-54,Female,France,United Kingdom,Nordics,mid,mid,single,professional,English,working_adult,Pet-Friendly Travelers,channel_crossing_short,family_holiday,pet_travel,0.37,medium,src_tourism_stats_01
psg_0747,45-54,Male,Netherlands,France,London and South East,mid,high,couple,professional,English,couple_stage,Business / Commuter Travelers,channel_crossing_short,business,flex_ticket,0.466,low,src_tourism_stats_01
psg_0748,55-64,Female,Germany,Netherlands,Nordics,mid,very_high,couple,consultant,German,couple_stage,High-value Comfort Seekers,north_sea_overnight,weekend_getaway,cabin,0.421,low,src_tourism_stats_01
psg_0749,25-34,Prefer not to say,United Kingdom,United Kingdom,German North,upper_mid,mid,couple,other,German,couple_stage,Pet-Friendly Travelers,channel_crossing_short,family_holiday,pet_travel,0.328,medium,src_tourism_stats_01
psg_0750,18-24,Male,Germany,Denmark,Western Europe,mid,moderate,couple,creative,English,couple_stage,Young Leisure Travelers,channel_crossing_short,weekend_getaway,mini_cruise,0.383,high,src_tourism_stats_01
psg_0751,35-44,Female,Netherlands,United Kingdom,Regional UK,low,lower_mid,couple,early_career,French,couple_stage,Price-sensitive Short-break Travelers,channel_crossing_short,shopping_trip,seat,0.223,high,src_tourism_stats_01
psg_0752,35-44,Female,Netherlands,Netherlands,London and South East,upper_mid,high,couple,professional,French,couple_stage,Business / Commuter Travelers,channel_crossing_short,business,flex_ticket,0.452,low,src_tourism_stats_01
psg_0753,35-44,Male,United Kingdom,France,London and South East,mid,moderate,couple,service_worker,English,couple_stage,Young Leisure Travelers,channel_crossing_short,weekend_getaway,mini_cruise,0.352,high,src_tourism_stats_01
psg_0754,45-54,Male,United Kingdom,Netherlands,German North,high,high,single,manager,English,working_adult,Business / Commuter Travelers,channel_crossing_short,business,flex_ticket,0.507,low,src_tourism_stats_01
psg_0755,18-24,Female,United Kingdom,United Kingdom,Western Europe,mid,lower_mid,single,other,French,early_career,Price-sensitive Short-break Travelers,channel_crossing_short,shopping_trip,seat,0.264,high,src_tourism_stats_01
psg_0756,65-74,Prefer not to say,United Kingdom,United Kingdom,Channel Islands,high,high,retired_couple,professional,English,retired,Senior Mini-cruise Travelers,north_sea_overnight,mini_cruise_leisure,mini_cruise,0.309,low,src_tourism_stats_01
psg_0757,45-54,Prefer not to say,Netherlands,Netherlands,Western Europe,upper_mid,very_high,family_with_children,manager,English,family_builder,High-value Comfort Seekers,north_sea_overnight,weekend_getaway,cabin,0.356,low,src_tourism_stats_01
psg_0758,45-54,Male,United Kingdom,United Kingdom,Regional UK,lower_mid,lower_mid,single,service_worker,English,working_adult,Price-sensitive Short-break Travelers,channel_crossing_short,shopping_trip,seat,0.328,high,src_tourism_stats_01
psg_0759,25-34,Female,France,Ireland,Northern France,mid,mid,couple,other,French,couple_stage,Car-based Cross-border Travelers,channel_crossing_short,transport_alternative,vehicle_crossing,0.383,medium,src_tourism_stats_01
psg_0760,45-54,Non-binary,Ireland,France,South East England,high,mid,family_with_children,professional,French,family_builder,Car-based Cross-border Travelers,channel_crossing_short,transport_alternative,vehicle_crossing,0.369,medium,src_tourism_stats_01
psg_0761,18-24,Male,United Kingdom,Germany,London and South East,mid,moderate,single,service_worker,English,early_career,Young Leisure Travelers,channel_crossing_short,weekend_getaway,mini_cruise,0.291,high,src_tourism_stats_01
psg_0762,55-64,Male,United Kingdom,Sweden,South East England,high,mid,family_with_children,self_employed,French,family_builder,Car-based Cross-border Travelers,channel_crossing_short,transport_alternative,vehicle_crossing,0.423,medium,src_tourism_stats_01
psg_0763,55-64,Male,Germany,France,Western Europe,mid,very_high,couple,manager,Dutch,couple_stage,High-value Comfort Seekers,north_sea_overnight,weekend_getaway,cabin,0.436,low,src_tourism_stats_01
psg_0764,65-74,Prefer not to say,Netherlands,United Kingdom,South East England,high,high,couple,retired,English,retired,Senior Mini-cruise Travelers,north_sea_overnight,mini_cruise_leisure,mini_cruise,0.328,low,src_tourism_stats_01
psg_0765,25-34,Prefer not to say,France,United Kingdom,Western Europe,upper_mid,moderate,single,other,French,early_career,Young Leisure Travelers,channel_crossing_short,weekend_getaway,mini_cruise,0.35,high,src_tourism_stats_01
psg_0766,35-44,Prefer not to say,Sweden,Germany,Northern England,high,upper_mid,multi_generational,manager,English,working_adult,Family Holiday Travelers,channel_crossing_short,family_holiday,family_package,0.401,medium,src_tourism_stats_01
psg_0767,25-34,Prefer not to say,United Kingdom,United Kingdom,Western Europe,mid,moderate,single,service_worker,Dutch,early_career,Young Leisure Travelers,channel_crossing_short,weekend_getaway,mini_cruise,0.341,high,src_tourism_stats_01
psg_0768,65-74,Male,Netherlands,Denmark,Nordics,high,high,couple,professional,Danish,retired,Senior Mini-cruise Travelers,north_sea_overnight,mini_cruise_leisure,mini_cruise,0.33,low,src_tourism_stats_01
psg_0769,55-64,Male,United Kingdom,Germany,Scandinavia,high,very_high,family_with_children,professional,Dutch,family_builder,High-value Comfort Seekers,north_sea_overnight,weekend_getaway,cabin,0.393,low,src_tourism_stats_01
psg_0770,45-54,Prefer not to say,France,United Kingdom,Western Europe,high,mid,couple,other,French,couple_stage,Pet-Friendly Travelers,channel_crossing_short,family_holiday,pet_travel,0.325,medium,src_tourism_stats_01
psg_0771,25-34,Prefer not to say,United Kingdom,France,German North,mid,mid,family_with_children,professional,English,family_builder,Car-based Cross-border Travelers,channel_crossing_short,transport_alternative,vehicle_crossing,0.449,medium,src_tourism_stats_01
psg_0772,25-34,Female,Germany,Netherlands,Nordic Capitals,mid,high,couple,manager,French,couple_stage,Business / Commuter Travelers,channel_crossing_short,business,flex_ticket,0.483,low,src_tourism_stats_01
psg_0773,35-44,Female,United Kingdom,Germany,London and South East,upper_mid,high,single,professional,English,working_adult,Business / Commuter Travelers,channel_crossing_short,business,flex_ticket,0.502,low,src_tourism_stats_01
psg_0774,25-34,Male,United Kingdom,Netherlands,Northern England,mid,upper_mid,family_with_children,manager,English,family_builder,Family Holiday Travelers,channel_crossing_short,family_holiday,family_package,0.487,medium,src_tourism_stats_01
psg_0775,25-34,Non-binary,United Kingdom,United Kingdom,Western Europe,mid,moderate,shared_household,student,English,early_career,Young Leisure Travelers,channel_crossing_short,weekend_getaway,mini_cruise,0.295,high,src_tourism_stats_01
psg_0776,45-54,Prefer not to say,United Kingdom,United Kingdom,Northern France,upper_mid,mid,family_with_children,manager,French,family_builder,Car-based Cross-border Travelers,channel_crossing_short,transport_alternative,vehicle_crossing,0.456,medium,src_tourism_stats_01
psg_0777,45-54,Male,France,Netherlands,Scandinavia,high,very_high,couple,manager,English,couple_stage,High-value Comfort Seekers,north_sea_overnight,weekend_getaway,cabin,0.323,low,src_tourism_stats_01
psg_0778,35-44,Male,United Kingdom,Germany,Northern England,high,upper_mid,couple,manager,English,couple_stage,Family Holiday Travelers,channel_crossing_short,family_holiday,family_package,0.448,medium,src_tourism_stats_01
psg_0779,45-54,Female,Netherlands,United Kingdom,London and South East,high,very_high,single,manager,French,working_adult,High-value Comfort Seekers,north_sea_overnight,weekend_getaway,cabin,0.344,low,src_tourism_stats_01
psg_0780,55-64,Male,Netherlands,United Kingdom,Scandinavia,high,very_high,retired_couple,manager,English,retired,High-value Comfort Seekers,north_sea_overnight,weekend_getaway,cabin,0.325,low,src_tourism_stats_01
psg_0781,55-64,Male,Netherlands,United Kingdom,Western Europe,upper_mid,mid,family_with_children,manager,English,family_builder,Pet-Friendly Travelers,channel_crossing_short,family_holiday,pet_travel,0.32,medium,src_tourism_stats_01
psg_0782,65-74,Male,United Kingdom,United Kingdom,South East England,upper_mid,high,couple,retired,English,retired,Senior Mini-cruise Travelers,north_sea_overnight,mini_cruise_leisure,mini_cruise,0.245,low,src_tourism_stats_01
psg_0783,25-34,Female,Netherlands,Sweden,London and South East,lower_mid,moderate,shared_household,early_career,English,early_career,Young Leisure Travelers,channel_crossing_short,weekend_getaway,mini_cruise,0.302,high,src_tourism_stats_01
psg_0784,25-34,Non-binary,United Kingdom,France,London and South East,upper_mid,moderate,couple,early_career,English,couple_stage,Young Leisure Travelers,channel_crossing_short,weekend_getaway,mini_cruise,0.315,high,src_tourism_stats_01
psg_0785,45-54,Female,Germany,United Kingdom,Northern France,high,mid,couple,professional,German,couple_stage,Car-based Cross-border Travelers,channel_crossing_short,transport_alternative,vehicle_crossing,0.471,medium,src_tourism_stats_01
psg_0786,25-34,Female,France,Denmark,London and South East,upper_mid,moderate,single,student,English,early_career,Young Leisure Travelers,channel_crossing_short,weekend_getaway,mini_cruise,0.32,high,src_tourism_stats_01
psg_0787,35-44,Prefer not to say,Ireland,Germany,Western Europe,mid,lower_mid,family_with_children,student,English,family_builder,Price-sensitive Short-break Travelers,channel_crossing_short,shopping_trip,seat,0.332,high,src_tourism_stats_01
psg_0788,55-64,Male,Germany,United Kingdom,South East England,high,high,retired_couple,professional,German,retired,Senior Mini-cruise Travelers,north_sea_overnight,mini_cruise_leisure,mini_cruise,0.288,low,src_tourism_stats_01
psg_0789,55-64,Prefer not to say,United Kingdom,Germany,Western Europe,high,very_high,couple,manager,English,couple_stage,High-value Comfort Seekers,north_sea_overnight,weekend_getaway,cabin,0.339,low,src_tourism_stats_01
psg_0790,35-44,Non-binary,Germany,France,Western Europe,upper_mid,upper_mid,family_with_children,professional,Dutch,family_builder,Family Holiday Travelers,channel_crossing_short,family_holiday,family_package,0.456,medium,src_tourism_stats_01
psg_0791,25-34,Female,United Kingdom,United Kingdom,Nordics,high,upper_mid,family_with_children,teacher,German,family_builder,Family Holiday Travelers,channel_crossing_short,family_holiday,family_package,0.42,medium,src_tourism_stats_01
psg_0792,25-34,Female,United Kingdom,Netherlands,Western Europe,low,lower_mid,shared_household,early_career,Dutch,early_career,Price-sensitive Short-break Travelers,channel_crossing_short,shopping_trip,seat,0.269,high,src_tourism_stats_01
psg_0793,35-44,Female,Germany,Germany,London and South East,high,high,single,self_employed,French,working_adult,Business / Commuter Travelers,channel_crossing_short,business,flex_ticket,0.557,low,src_tourism_stats_01
psg_0794,35-44,Female,Netherlands,United Kingdom,Western Europe,mid,lower_mid,couple,early_career,Other,couple_stage,Price-sensitive Short-break Travelers,channel_crossing_short,shopping_trip,seat,0.246,high,src_tourism_stats_01
psg_0795,35-44,Non-binary,Germany,United Kingdom,Northern England,upper_mid,upper_mid,family_with_children,other,English,family_builder,Family Holiday Travelers,channel_crossing_short,family_holiday,family_package,0.412,medium,src_tourism_stats_01
psg_0796,45-54,Female,France,Germany,Western Europe,mid,upper_mid,family_with_children,professional,English,family_builder,Family Holiday Travelers,channel_crossing_short,family_holiday,family_package,0.463,medium,src_tourism_stats_01
psg_0797,18-24,Female,Sweden,Denmark,London and South East,mid,moderate,couple,service_worker,English,couple_stage,Young Leisure Travelers,channel_crossing_short,weekend_getaway,mini_cruise,0.335,high,src_tourism_stats_01
psg_0798,25-34,Male,Germany,United Kingdom,London and South East,lower_mid,moderate,single,creative,English,early_career,Young Leisure Travelers,channel_crossing_short,weekend_getaway,mini_cruise,0.406,high,src_tourism_stats_01
psg_0799,25-34,Male,United Kingdom,Netherlands,Western Europe,upper_mid,mid,couple,self_employed,English,couple_stage,Pet-Friendly Travelers,channel_crossing_short,family_holiday,pet_travel,0.32,medium,src_tourism_stats_01
psg_0800,25-34,Male,Netherlands,United Kingdom,Nordics,mid,upper_mid,family_with_children,manager,Swedish,family_builder,Family Holiday Travelers,channel_crossing_short,family_holiday,family_package,0.407,medium,src_tourism_stats_01
psg_0801,25-34,Male,United Kingdom,Netherlands,Western Europe,high,mid,family_with_children,other,Dutch,family_builder,Pet-Friendly Travelers,channel_crossing_short,family_holiday,pet_travel,0.293,medium,src_tourism_stats_01
psg_0802,25-34,Female,Denmark,France,Western Europe,mid,upper_mid,multi_generational,other,Swedish,working_adult,Family Holiday Travelers,channel_crossing_short,family_holiday,family_package,0.463,medium,src_tourism_stats_01
psg_0803,35-44,Male,Germany,United Kingdom,Western Europe,mid,upper_mid,couple,professional,English,couple_stage,Family Holiday Travelers,channel_crossing_short,family_holiday,family_package,0.5,medium,src_tourism_stats_01
psg_0804,65-74,Prefer not to say,Germany,United Kingdom,Western Europe,mid,very_high,couple,professional,English,retired,High-value Comfort Seekers,north_sea_overnight,weekend_getaway,cabin,0.367,low,src_tourism_stats_01
psg_0805,55-64,Male,United Kingdom,Netherlands,Scandinavia,upper_mid,very_high,couple,consultant,English,couple_stage,High-value Comfort Seekers,north_sea_overnight,weekend_getaway,cabin,0.366,low,src_tourism_stats_01
psg_0806,35-44,Male,France,Germany,Northern France,high,mid,couple,professional,French,couple_stage,Car-based Cross-border Travelers,channel_crossing_short,transport_alternative,vehicle_crossing,0.42,medium,src_tourism_stats_01
psg_0807,65-74,Prefer not to say,United Kingdom,Netherlands,Western Europe,high,high,retired_couple,other,German,retired,Senior Mini-cruise Travelers,north_sea_overnight,mini_cruise_leisure,mini_cruise,0.268,low,src_tourism_stats_01
psg_0808,35-44,Female,Germany,Denmark,Nordics,lower_mid,moderate,single,service_worker,German,working_adult,Young Leisure Travelers,channel_crossing_short,weekend_getaway,mini_cruise,0.388,high,src_tourism_stats_01
psg_0809,25-34,Non-binary,Denmark,Sweden,Northern England,high,upper_mid,family_with_children,professional,Danish,family_builder,Family Holiday Travelers,channel_crossing_short,family_holiday,family_package,0.474,medium,src_tourism_stats_01
psg_0810,25-34,Prefer not to say,France,Germany,German North,mid,mid,shared_household,self_employed,English,early_career,Car-based Cross-border Travelers,channel_crossing_short,transport_alternative,vehicle_crossing,0.404,medium,src_tourism_stats_01
psg_0811,18-24,Male,France,United Kingdom,London and South East,upper_mid,moderate,couple,creative,English,couple_stage,Young Leisure Travelers,channel_crossing_short,weekend_getaway,mini_cruise,0.339,high,src_tourism_stats_01
psg_0812,45-54,Male,United Kingdom,United Kingdom,Irish East Coast,mid,mid,couple,skilled_trade,English,couple_stage,Car-based Cross-border Travelers,channel_crossing_short,transport_alternative,vehicle_crossing,0.46,medium,src_tourism_stats_01
psg_0813,55-64,Male,France,Sweden,Nordics,high,very_high,couple,manager,Swedish,couple_stage,High-value Comfort Seekers,north_sea_overnight,weekend_getaway,cabin,0.383,low,src_tourism_stats_01
psg_0814,25-34,Female,Netherlands,United Kingdom,Western Europe,high,mid,couple,other,Dutch,couple_stage,Pet-Friendly Travelers,channel_crossing_short,family_holiday,pet_travel,0.336,medium,src_tourism_stats_01
psg_0815,45-54,Non-binary,United Kingdom,Germany,German North,mid,mid,family_with_children,professional,French,family_builder,Car-based Cross-border Travelers,channel_crossing_short,transport_alternative,vehicle_crossing,0.462,medium,src_tourism_stats_01
psg_0816,18-24,Male,United Kingdom,Germany,Western Europe,mid,moderate,couple,creative,English,couple_stage,Young Leisure Travelers,channel_crossing_short,weekend_getaway,mini_cruise,0.322,high,src_tourism_stats_01
psg_0817,35-44,Male,Netherlands,United Kingdom,Western Europe,high,mid,family_with_children,professional,English,family_builder,Pet-Friendly Travelers,channel_crossing_short,family_holiday,pet_travel,0.328,medium,src_tourism_stats_01
psg_0818,45-54,Male,Denmark,Germany,Greater London,upper_mid,upper_mid,couple,professional,Swedish,couple_stage,Family Holiday Travelers,channel_crossing_short,family_holiday,family_package,0.408,medium,src_tourism_stats_01
psg_0819,35-44,Male,Germany,United Kingdom,London and South East,upper_mid,high,shared_household,professional,German,working_adult,Business / Commuter Travelers,channel_crossing_short,business,flex_ticket,0.546,low,src_tourism_stats_01
psg_0820,35-44,Male,United Kingdom,Ireland,Western Europe,mid,lower_mid,couple,other,English,couple_stage,Price-sensitive Short-break Travelers,channel_crossing_short,shopping_trip,seat,0.314,high,src_tourism_stats_01
psg_0821,35-44,Non-binary,France,Germany,German North,mid,mid,family_with_children,skilled_trade,English,family_builder,Car-based Cross-border Travelers,channel_crossing_short,transport_alternative,vehicle_crossing,0.378,medium,src_tourism_stats_01
psg_0822,35-44,Male,United Kingdom,Germany,Western Europe,high,high,shared_household,professional,English,working_adult,Business / Commuter Travelers,channel_crossing_short,business,flex_ticket,0.478,low,src_tourism_stats_01
psg_0823,25-34,Female,United Kingdom,United Kingdom,Western Europe,high,mid,family_with_children,self_employed,English,family_builder,Pet-Friendly Travelers,channel_crossing_short,family_holiday,pet_travel,0.385,medium,src_tourism_stats_01
psg_0824,25-34,Female,France,United Kingdom,Nordic Capitals,upper_mid,high,shared_household,self_employed,English,early_career,Business / Commuter Travelers,channel_crossing_short,business,flex_ticket,0.484,low,src_tourism_stats_01
psg_0825,45-54,Female,Netherlands,France,Regional UK,mid,lower_mid,couple,early_career,German,couple_stage,Price-sensitive Short-break Travelers,channel_crossing_short,shopping_trip,seat,0.309,high,src_tourism_stats_01
psg_0826,45-54,Female,Sweden,United Kingdom,Greater London,mid,upper_mid,family_with_children,professional,English,family_builder,Family Holiday Travelers,channel_crossing_short,family_holiday,family_package,0.401,medium,src_tourism_stats_01
psg_0827,65-74,Prefer not to say,Netherlands,United Kingdom,Nordics,mid,high,single,other,English,retired,Senior Mini-cruise Travelers,north_sea_overnight,mini_cruise_leisure,mini_cruise,0.279,low,src_tourism_stats_01
psg_0828,55-64,Male,Germany,France,South East England,mid,mid,family_with_children,manager,French,family_builder,Car-based Cross-border Travelers,channel_crossing_short,transport_alternative,vehicle_crossing,0.398,medium,src_tourism_stats_01
psg_0829,25-34,Female,Denmark,United Kingdom,Western Europe,mid,moderate,single,service_worker,Dutch,early_career,Young Leisure Travelers,channel_crossing_short,weekend_getaway,mini_cruise,0.372,high,src_tourism_stats_01
psg_0830,35-44,Female,United Kingdom,France,Northern England,upper_mid,upper_mid,couple,manager,German,couple_stage,Family Holiday Travelers,channel_crossing_short,family_holiday,family_package,0.421,medium,src_tourism_stats_01
psg_0831,18-24,Prefer not to say,United Kingdom,Netherlands,Regional UK,lower_mid,lower_mid,couple,service_worker,German,couple_stage,Price-sensitive Short-break Travelers,channel_crossing_short,shopping_trip,seat,0.239,high,src_tourism_stats_01
psg_0832,45-54,Male,Netherlands,United Kingdom,London and South East,high,very_high,couple,professional,Dutch,couple_stage,High-value Comfort Seekers,north_sea_overnight,weekend_getaway,cabin,0.359,low,src_tourism_stats_01
psg_0833,55-64,Male,Netherlands,United Kingdom,Western Europe,upper_mid,mid,family_with_children,other,English,family_builder,Pet-Friendly Travelers,channel_crossing_short,family_holiday,pet_travel,0.396,medium,src_tourism_stats_01
psg_0834,45-54,Female,France,Germany,South East England,upper_mid,mid,shared_household,professional,English,working_adult,Car-based Cross-border Travelers,channel_crossing_short,transport_alternative,vehicle_crossing,0.477,medium,src_tourism_stats_01
psg_0835,45-54,Female,France,France,Scandinavia,high,mid,couple,professional,German,couple_stage,Car-based Cross-border Travelers,channel_crossing_short,transport_alternative,vehicle_crossing,0.362,medium,src_tourism_stats_01
psg_0836,25-34,Non-binary,Netherlands,Netherlands,Western Europe,lower_mid,lower_mid,single,early_career,French,early_career,Price-sensitive Short-break Travelers,channel_crossing_short,shopping_trip,seat,0.312,high,src_tourism_stats_01
psg_0837,18-24,Male,United Kingdom,Germany,Western Europe,mid,moderate,shared_household,creative,English,early_career,Young Leisure Travelers,channel_crossing_short,weekend_getaway,mini_cruise,0.324,high,src_tourism_stats_01
psg_0838,55-64,Male,Germany,Germany,London and South East,high,high,couple,professional,French,couple_stage,Business / Commuter Travelers,channel_crossing_short,business,flex_ticket,0.53,low,src_tourism_stats_01
psg_0839,25-34,Male,France,United Kingdom,Western Europe,upper_mid,mid,family_with_children,self_employed,English,family_builder,Pet-Friendly Travelers,channel_crossing_short,family_holiday,pet_travel,0.303,medium,src_tourism_stats_01
psg_0840,55-64,Prefer not to say,Denmark,Netherlands,Nordics,high,high,retired_couple,retired,English,retired,Senior Mini-cruise Travelers,north_sea_overnight,mini_cruise_leisure,mini_cruise,0.267,low,src_tourism_stats_01
psg_0841,45-54,Female,Sweden,Germany,Western Europe,mid,upper_mid,multi_generational,manager,English,working_adult,Family Holiday Travelers,channel_crossing_short,family_holiday,family_package,0.408,medium,src_tourism_stats_01
psg_0842,45-54,Non-binary,France,France,Scandinavia,high,mid,family_with_children,other,English,family_builder,Car-based Cross-border Travelers,channel_crossing_short,transport_alternative,vehicle_crossing,0.437,medium,src_tourism_stats_01
psg_0843,35-44,Male,United Kingdom,Netherlands,French North,low,lower_mid,family_with_children,early_career,English,family_builder,Price-sensitive Short-break Travelers,channel_crossing_short,shopping_trip,seat,0.232,high,src_tourism_stats_01
psg_0844,25-34,Male,Netherlands,Germany,Western Europe,low,lower_mid,couple,other,English,couple_stage,Price-sensitive Short-break Travelers,channel_crossing_short,shopping_trip,seat,0.231,high,src_tourism_stats_01
psg_0845,45-54,Male,United Kingdom,Germany,Scandinavia,mid,mid,family_with_children,self_employed,English,family_builder,Car-based Cross-border Travelers,channel_crossing_short,transport_alternative,vehicle_crossing,0.414,medium,src_tourism_stats_01
psg_0846,35-44,Female,Germany,United Kingdom,Western Europe,upper_mid,high,shared_household,manager,German,working_adult,Business / Commuter Travelers,channel_crossing_short,business,flex_ticket,0.519,low,src_tourism_stats_01
psg_0847,45-54,Male,Netherlands,Netherlands,Greater London,upper_mid,upper_mid,family_with_children,professional,English,family_builder,Family Holiday Travelers,channel_crossing_short,family_holiday,family_package,0.497,medium,src_tourism_stats_01
psg_0848,25-34,Female,France,Netherlands,Western Europe,lower_mid,moderate,single,other,English,early_career,Young Leisure Travelers,channel_crossing_short,weekend_getaway,mini_cruise,0.372,high,src_tourism_stats_01
psg_0849,35-44,Prefer not to say,Germany,United Kingdom,South East England,mid,mid,couple,skilled_trade,English,couple_stage,Car-based Cross-border Travelers,channel_crossing_short,transport_alternative,vehicle_crossing,0.477,medium,src_tourism_stats_01
psg_0850,35-44,Male,France,United Kingdom,Nordics,high,mid,family_with_children,professional,English,family_builder,Pet-Friendly Travelers,channel_crossing_short,family_holiday,pet_travel,0.341,medium,src_tourism_stats_01
psg_0851,45-54,Female,United Kingdom,United Kingdom,Northern England,upper_mid,upper_mid,multi_generational,professional,English,working_adult,Family Holiday Travelers,channel_crossing_short,family_holiday,family_package,0.504,medium,src_tourism_stats_01
psg_0852,45-54,Female,Germany,France,Northern France,mid,mid,family_with_children,professional,French,family_builder,Car-based Cross-border Travelers,channel_crossing_short,transport_alternative,vehicle_crossing,0.466,medium,src_tourism_stats_01
psg_0853,35-44,Male,Germany,United Kingdom,Western Europe,high,upper_mid,family_with_children,other,English,family_builder,Family Holiday Travelers,channel_crossing_short,family_holiday,family_package,0.48,medium,src_tourism_stats_01
psg_0854,35-44,Male,France,France,Western Europe,lower_mid,lower_mid,single,student,English,working_adult,Price-sensitive Short-break Travelers,channel_crossing_short,shopping_trip,seat,0.281,high,src_tourism_stats_01
psg_0855,25-34,Male,Netherlands,Germany,Western Europe,mid,high,single,professional,German,early_career,Business / Commuter Travelers,channel_crossing_short,business,flex_ticket,0.483,low,src_tourism_stats_01
psg_0856,25-34,Female,France,United Kingdom,London and South East,lower_mid,moderate,single,early_career,French,early_career,Young Leisure Travelers,channel_crossing_short,weekend_getaway,mini_cruise,0.398,high,src_tourism_stats_01
psg_0857,35-44,Male,France,United Kingdom,London and South East,high,high,shared_household,consultant,English,working_adult,Business / Commuter Travelers,channel_crossing_short,business,flex_ticket,0.547,low,src_tourism_stats_01
psg_0858,45-54,Male,France,United Kingdom,Irish East Coast,upper_mid,mid,shared_household,manager,English,working_adult,Car-based Cross-border Travelers,channel_crossing_short,transport_alternative,vehicle_crossing,0.381,medium,src_tourism_stats_01
psg_0859,35-44,Male,United Kingdom,Ireland,Irish East Coast,high,mid,shared_household,professional,German,working_adult,Car-based Cross-border Travelers,channel_crossing_short,transport_alternative,vehicle_crossing,0.408,medium,src_tourism_stats_01
psg_0860,45-54,Female,Netherlands,United Kingdom,Regional UK,mid,lower_mid,shared_household,service_worker,Dutch,working_adult,Price-sensitive Short-break Travelers,channel_crossing_short,shopping_trip,seat,0.268,high,src_tourism_stats_01
psg_0861,35-44,Male,United Kingdom,Netherlands,Western Europe,high,high,shared_household,professional,English,working_adult,Business / Commuter Travelers,channel_crossing_short,business,flex_ticket,0.514,low,src_tourism_stats_01
psg_0862,18-24,Female,United Kingdom,United Kingdom,Western Europe,mid,moderate,single,student,Dutch,early_career,Young Leisure Travelers,channel_crossing_short,weekend_getaway,mini_cruise,0.334,high,src_tourism_stats_01
psg_0863,45-54,Prefer not to say,Germany,United Kingdom,Irish East Coast,low,lower_mid,family_with_children,student,English,family_builder,Price-sensitive Short-break Travelers,channel_crossing_short,shopping_trip,seat,0.294,high,src_tourism_stats_01
psg_0864,25-34,Female,United Kingdom,France,Regional UK,mid,lower_mid,shared_household,other,Other,early_career,Price-sensitive Short-break Travelers,channel_crossing_short,shopping_trip,seat,0.27,high,src_tourism_stats_01
psg_0865,55-64,Male,Netherlands,Germany,Channel Islands,upper_mid,high,retired_couple,retired,English,retired,Senior Mini-cruise Travelers,north_sea_overnight,mini_cruise_leisure,mini_cruise,0.276,low,src_tourism_stats_01
psg_0866,25-34,Non-binary,Germany,France,London and South East,lower_mid,moderate,shared_household,student,English,early_career,Young Leisure Travelers,channel_crossing_short,weekend_getaway,mini_cruise,0.316,high,src_tourism_stats_01
psg_0867,18-24,Female,United Kingdom,France,Western Europe,mid,lower_mid,shared_household,service_worker,English,early_career,Price-sensitive Short-break Travelers,channel_crossing_short,shopping_trip,seat,0.238,high,src_tourism_stats_01
psg_0868,75+,Female,United Kingdom,Denmark,Nordics,high,high,retired_couple,retired,English,retired,Senior Mini-cruise Travelers,north_sea_overnight,mini_cruise_leisure,mini_cruise,0.26,low,src_tourism_stats_01
psg_0869,45-54,Male,United Kingdom,Germany,German North,mid,mid,shared_household,professional,English,working_adult,Car-based Cross-border Travelers,channel_crossing_short,transport_alternative,vehicle_crossing,0.439,medium,src_tourism_stats_01
psg_0870,55-64,Prefer not to say,United Kingdom,Netherlands,South East England,high,high,couple,retired,English,couple_stage,Senior Mini-cruise Travelers,north_sea_overnight,mini_cruise_leisure,mini_cruise,0.252,low,src_tourism_stats_01
psg_0871,45-54,Male,United Kingdom,France,Western Europe,upper_mid,high,couple,professional,German,couple_stage,Business / Commuter Travelers,channel_crossing_short,business,flex_ticket,0.518,low,src_tourism_stats_01
psg_0872,35-44,Female,United Kingdom,United Kingdom,Western Europe,mid,mid,family_with_children,manager,German,family_builder,Pet-Friendly Travelers,channel_crossing_short,family_holiday,pet_travel,0.327,medium,src_tourism_stats_01
psg_0873,25-34,Non-binary,United Kingdom,United Kingdom,Western Europe,mid,moderate,single,early_career,French,early_career,Young Leisure Travelers,channel_crossing_short,weekend_getaway,mini_cruise,0.301,high,src_tourism_stats_01
psg_0874,65-74,Male,United Kingdom,Denmark,South East England,upper_mid,high,couple,retired,Danish,retired,Senior Mini-cruise Travelers,north_sea_overnight,mini_cruise_leisure,mini_cruise,0.257,low,src_tourism_stats_01
psg_0875,25-34,Female,United Kingdom,United Kingdom,London and South East,mid,moderate,shared_household,early_career,Dutch,early_career,Young Leisure Travelers,channel_crossing_short,weekend_getaway,mini_cruise,0.36,high,src_tourism_stats_01
psg_0876,55-64,Female,France,Netherlands,Channel Islands,mid,high,couple,retired,English,couple_stage,Senior Mini-cruise Travelers,north_sea_overnight,mini_cruise_leisure,mini_cruise,0.251,low,src_tourism_stats_01
psg_0877,45-54,Male,Germany,Sweden,South East England,upper_mid,mid,family_with_children,professional,English,family_builder,Car-based Cross-border Travelers,channel_crossing_short,transport_alternative,vehicle_crossing,0.445,medium,src_tourism_stats_01
psg_0878,35-44,Non-binary,Ireland,France,Regional UK,lower_mid,lower_mid,shared_household,student,Other,working_adult,Price-sensitive Short-break Travelers,channel_crossing_short,shopping_trip,seat,0.323,high,src_tourism_stats_01
psg_0879,35-44,Male,United Kingdom,Germany,Scandinavia,upper_mid,very_high,family_with_children,manager,Swedish,family_builder,High-value Comfort Seekers,north_sea_overnight,weekend_getaway,cabin,0.397,low,src_tourism_stats_01
psg_0880,45-54,Male,Germany,France,German North,upper_mid,mid,family_with_children,manager,Dutch,family_builder,Pet-Friendly Travelers,channel_crossing_short,family_holiday,pet_travel,0.327,medium,src_tourism_stats_01
psg_0881,55-64,Male,United Kingdom,France,Northern France,upper_mid,mid,family_with_children,manager,Dutch,family_builder,Car-based Cross-border Travelers,channel_crossing_short,transport_alternative,vehicle_crossing,0.455,medium,src_tourism_stats_01
psg_0882,45-54,Male,Germany,France,Greater London,high,upper_mid,family_with_children,self_employed,English,family_builder,Family Holiday Travelers,channel_crossing_short,family_holiday,family_package,0.425,medium,src_tourism_stats_01
psg_0883,18-24,Female,United Kingdom,France,Regional UK,lower_mid,lower_mid,couple,early_career,English,couple_stage,Price-sensitive Short-break Travelers,channel_crossing_short,shopping_trip,seat,0.25,high,src_tourism_stats_01
psg_0884,35-44,Non-binary,Ireland,Germany,South East England,mid,mid,family_with_children,other,English,family_builder,Car-based Cross-border Travelers,channel_crossing_short,transport_alternative,vehicle_crossing,0.43,medium,src_tourism_stats_01
psg_0885,18-24,Male,United Kingdom,France,Western Europe,mid,moderate,shared_household,student,English,early_career,Young Leisure Travelers,channel_crossing_short,weekend_getaway,mini_cruise,0.326,high,src_tourism_stats_01
psg_0886,45-54,Male,France,France,German North,mid,mid,family_with_children,skilled_trade,English,family_builder,Car-based Cross-border Travelers,channel_crossing_short,transport_alternative,vehicle_crossing,0.37,medium,src_tourism_stats_01
psg_0887,35-44,Male,United Kingdom,Germany,Western Europe,mid,high,couple,professional,Dutch,couple_stage,Business / Commuter Travelers,channel_crossing_short,business,flex_ticket,0.526,low,src_tourism_stats_01
psg_0888,65-74,Male,Netherlands,United Kingdom,Western Europe,mid,high,couple,other,Dutch,retired,Senior Mini-cruise Travelers,north_sea_overnight,mini_cruise_leisure,mini_cruise,0.276,low,src_tourism_stats_01
psg_0889,35-44,Female,Netherlands,Netherlands,Northern England,upper_mid,upper_mid,family_with_children,manager,English,family_builder,Family Holiday Travelers,channel_crossing_short,family_holiday,family_package,0.487,medium,src_tourism_stats_01
psg_0890,25-34,Female,United Kingdom,Germany,Western Europe,lower_mid,lower_mid,single,service_worker,English,early_career,Price-sensitive Short-break Travelers,channel_crossing_short,shopping_trip,seat,0.26,high,src_tourism_stats_01
psg_0891,25-34,Male,France,United Kingdom,London and South East,lower_mid,moderate,couple,early_career,English,couple_stage,Young Leisure Travelers,channel_crossing_short,weekend_getaway,mini_cruise,0.371,high,src_tourism_stats_01
psg_0892,25-34,Female,Ireland,United Kingdom,Western Europe,lower_mid,lower_mid,single,student,German,early_career,Price-sensitive Short-break Travelers,channel_crossing_short,shopping_trip,seat,0.235,high,src_tourism_stats_01
psg_0893,18-24,Male,France,Netherlands,London and South East,lower_mid,moderate,single,other,German,early_career,Young Leisure Travelers,channel_crossing_short,weekend_getaway,mini_cruise,0.391,high,src_tourism_stats_01
psg_0894,45-54,Male,Germany,Netherlands,Western Europe,high,high,single,consultant,German,working_adult,Business / Commuter Travelers,channel_crossing_short,business,flex_ticket,0.46,low,src_tourism_stats_01
psg_0895,45-54,Male,United Kingdom,Germany,Scandinavia,high,very_high,retired_couple,manager,Dutch,retired,High-value Comfort Seekers,north_sea_overnight,weekend_getaway,cabin,0.333,low,src_tourism_stats_01
psg_0896,35-44,Female,France,France,South East England,mid,mid,couple,self_employed,French,couple_stage,Car-based Cross-border Travelers,channel_crossing_short,transport_alternative,vehicle_crossing,0.365,medium,src_tourism_stats_01
psg_0897,45-54,Male,Netherlands,United Kingdom,French North,lower_mid,lower_mid,shared_household,early_career,English,working_adult,Price-sensitive Short-break Travelers,channel_crossing_short,shopping_trip,seat,0.305,high,src_tourism_stats_01
psg_0898,25-34,Male,France,Germany,Northern France,high,mid,couple,professional,German,couple_stage,Car-based Cross-border Travelers,channel_crossing_short,transport_alternative,vehicle_crossing,0.396,medium,src_tourism_stats_01
psg_0899,55-64,Male,France,France,German North,upper_mid,mid,shared_household,self_employed,French,working_adult,Car-based Cross-border Travelers,channel_crossing_short,transport_alternative,vehicle_crossing,0.376,medium,src_tourism_stats_01
psg_0900,55-64,Male,Ireland,France,South East England,high,mid,family_with_children,professional,English,family_builder,Car-based Cross-border Travelers,channel_crossing_short,transport_alternative,vehicle_crossing,0.472,medium,src_tourism_stats_01
psg_0901,65-74,Prefer not to say,France,Germany,South East England,mid,high,couple,other,German,retired,Senior Mini-cruise Travelers,north_sea_overnight,mini_cruise_leisure,mini_cruise,0.29,low,src_tourism_stats_01
psg_0902,25-34,Female,Sweden,United Kingdom,Western Europe,mid,moderate,shared_household,other,English,early_career,Young Leisure Travelers,channel_crossing_short,weekend_getaway,mini_cruise,0.374,high,src_tourism_stats_01
psg_0903,55-64,Male,United Kingdom,United Kingdom,Northern France,mid,mid,family_with_children,professional,German,family_builder,Car-based Cross-border Travelers,channel_crossing_short,transport_alternative,vehicle_crossing,0.457,medium,src_tourism_stats_01
psg_0904,35-44,Male,Germany,United Kingdom,Nordics,high,upper_mid,family_with_children,manager,French,family_builder,Family Holiday Travelers,channel_crossing_short,family_holiday,family_package,0.399,medium,src_tourism_stats_01
psg_0905,45-54,Prefer not to say,Netherlands,France,Nordics,upper_mid,upper_mid,family_with_children,professional,German,family_builder,Family Holiday Travelers,channel_crossing_short,family_holiday,family_package,0.457,medium,src_tourism_stats_01
psg_0906,18-24,Male,United Kingdom,United Kingdom,London and South East,upper_mid,moderate,single,student,English,early_career,Young Leisure Travelers,channel_crossing_short,weekend_getaway,mini_cruise,0.362,high,src_tourism_stats_01
psg_0907,35-44,Prefer not to say,Sweden,United Kingdom,German North,mid,mid,shared_household,other,English,working_adult,Car-based Cross-border Travelers,channel_crossing_short,transport_alternative,vehicle_crossing,0.429,medium,src_tourism_stats_01
psg_0908,45-54,Male,United Kingdom,United Kingdom,Western Europe,low,lower_mid,couple,other,English,couple_stage,Price-sensitive Short-break Travelers,channel_crossing_short,shopping_trip,seat,0.224,high,src_tourism_stats_01
psg_0909,35-44,Male,Germany,United Kingdom,Northern France,high,mid,shared_household,skilled_trade,German,working_adult,Car-based Cross-border Travelers,channel_crossing_short,transport_alternative,vehicle_crossing,0.388,medium,src_tourism_stats_01
psg_0910,35-44,Prefer not to say,France,France,London and South East,high,moderate,shared_household,early_career,English,working_adult,Young Leisure Travelers,channel_crossing_short,weekend_getaway,mini_cruise,0.3,high,src_tourism_stats_01
psg_0911,55-64,Female,United Kingdom,United Kingdom,Western Europe,high,high,couple,professional,Dutch,couple_stage,Business / Commuter Travelers,channel_crossing_short,business,flex_ticket,0.557,low,src_tourism_stats_01
psg_0912,18-24,Male,France,Netherlands,Nordics,mid,moderate,couple,early_career,English,couple_stage,Young Leisure Travelers,channel_crossing_short,weekend_getaway,mini_cruise,0.382,high,src_tourism_stats_01
psg_0913,45-54,Male,United Kingdom,Netherlands,London and South East,mid,very_high,couple,manager,German,couple_stage,High-value Comfort Seekers,north_sea_overnight,weekend_getaway,cabin,0.327,low,src_tourism_stats_01
psg_0914,35-44,Female,Germany,Sweden,Western Europe,upper_mid,upper_mid,multi_generational,professional,Dutch,working_adult,Family Holiday Travelers,channel_crossing_short,family_holiday,family_package,0.488,medium,src_tourism_stats_01
psg_0915,18-24,Female,United Kingdom,United Kingdom,Western Europe,lower_mid,moderate,single,creative,English,early_career,Young Leisure Travelers,channel_crossing_short,weekend_getaway,mini_cruise,0.305,high,src_tourism_stats_01
psg_0916,18-24,Male,Netherlands,France,London and South East,high,moderate,single,creative,Dutch,early_career,Young Leisure Travelers,channel_crossing_short,weekend_getaway,mini_cruise,0.384,high,src_tourism_stats_01
psg_0917,35-44,Male,United Kingdom,Germany,Western Europe,mid,upper_mid,multi_generational,teacher,German,working_adult,Family Holiday Travelers,channel_crossing_short,family_holiday,family_package,0.424,medium,src_tourism_stats_01
psg_0918,25-34,Prefer not to say,United Kingdom,Germany,Northern England,mid,upper_mid,couple,professional,Danish,couple_stage,Family Holiday Travelers,channel_crossing_short,family_holiday,family_package,0.474,medium,src_tourism_stats_01
psg_0919,35-44,Female,France,United Kingdom,London and South East,upper_mid,high,shared_household,professional,English,working_adult,Business / Commuter Travelers,channel_crossing_short,business,flex_ticket,0.513,low,src_tourism_stats_01
psg_0920,75+,Female,United Kingdom,United Kingdom,South East England,high,high,couple,retired,English,retired,Senior Mini-cruise Travelers,north_sea_overnight,mini_cruise_leisure,mini_cruise,0.282,low,src_tourism_stats_01
psg_0921,25-34,Non-binary,Sweden,Sweden,Nordics,mid,moderate,couple,early_career,German,couple_stage,Young Leisure Travelers,channel_crossing_short,weekend_getaway,mini_cruise,0.342,high,src_tourism_stats_01
psg_0922,45-54,Male,United Kingdom,United Kingdom,Northern France,high,mid,couple,self_employed,Dutch,couple_stage,Car-based Cross-border Travelers,channel_crossing_short,transport_alternative,vehicle_crossing,0.416,medium,src_tourism_stats_01
psg_0923,35-44,Male,United Kingdom,United Kingdom,Nordic Capitals,high,high,single,professional,German,working_adult,Business / Commuter Travelers,channel_crossing_short,business,flex_ticket,0.554,low,src_tourism_stats_01
psg_0924,18-24,Male,United Kingdom,Netherlands,Western Europe,mid,moderate,couple,creative,German,couple_stage,Young Leisure Travelers,channel_crossing_short,weekend_getaway,mini_cruise,0.363,high,src_tourism_stats_01
psg_0925,25-34,Female,United Kingdom,United Kingdom,Western Europe,mid,moderate,single,other,English,early_career,Young Leisure Travelers,channel_crossing_short,weekend_getaway,mini_cruise,0.391,high,src_tourism_stats_01
psg_0926,25-34,Prefer not to say,United Kingdom,Netherlands,Northern England,mid,upper_mid,family_with_children,teacher,English,family_builder,Family Holiday Travelers,channel_crossing_short,family_holiday,family_package,0.494,medium,src_tourism_stats_01
psg_0927,25-34,Female,Germany,United Kingdom,London and South East,lower_mid,moderate,couple,service_worker,English,couple_stage,Young Leisure Travelers,channel_crossing_short,weekend_getaway,mini_cruise,0.295,high,src_tourism_stats_01
psg_0928,35-44,Male,United Kingdom,United Kingdom,Nordics,high,very_high,couple,professional,Dutch,couple_stage,High-value Comfort Seekers,north_sea_overnight,weekend_getaway,cabin,0.362,low,src_tourism_stats_01
psg_0929,25-34,Male,United Kingdom,United Kingdom,London and South East,upper_mid,moderate,single,creative,German,early_career,Young Leisure Travelers,channel_crossing_short,weekend_getaway,mini_cruise,0.307,high,src_tourism_stats_01
psg_0930,45-54,Male,France,Ireland,Northern France,high,mid,couple,professional,English,couple_stage,Car-based Cross-border Travelers,channel_crossing_short,transport_alternative,vehicle_crossing,0.472,medium,src_tourism_stats_01
psg_0931,25-34,Male,Germany,France,Nordics,upper_mid,mid,couple,professional,English,couple_stage,Pet-Friendly Travelers,channel_crossing_short,family_holiday,pet_travel,0.38,medium,src_tourism_stats_01
psg_0932,25-34,Female,Denmark,United Kingdom,London and South East,high,moderate,single,early_career,English,early_career,Young Leisure Travelers,channel_crossing_short,weekend_getaway,mini_cruise,0.356,high,src_tourism_stats_01
psg_0933,45-54,Non-binary,France,United Kingdom,Northern France,upper_mid,mid,family_with_children,professional,German,family_builder,Car-based Cross-border Travelers,channel_crossing_short,transport_alternative,vehicle_crossing,0.395,medium,src_tourism_stats_01
psg_0934,35-44,Male,France,France,Western Europe,mid,upper_mid,family_with_children,teacher,Swedish,family_builder,Family Holiday Travelers,channel_crossing_short,family_holiday,family_package,0.433,medium,src_tourism_stats_01
psg_0935,45-54,Prefer not to say,Ireland,Ireland,Northern France,upper_mid,mid,couple,self_employed,English,couple_stage,Car-based Cross-border Travelers,channel_crossing_short,transport_alternative,vehicle_crossing,0.425,medium,src_tourism_stats_01
psg_0936,25-34,Male,United Kingdom,United Kingdom,Regional UK,lower_mid,lower_mid,single,service_worker,Other,early_career,Price-sensitive Short-break Travelers,channel_crossing_short,shopping_trip,seat,0.289,high,src_tourism_stats_01
psg_0937,45-54,Male,Germany,United Kingdom,London and South East,upper_mid,high,couple,self_employed,German,couple_stage,Business / Commuter Travelers,channel_crossing_short,business,flex_ticket,0.455,low,src_tourism_stats_01
psg_0938,25-34,Male,Denmark,United Kingdom,Nordics,high,moderate,shared_household,early_career,English,early_career,Young Leisure Travelers,channel_crossing_short,weekend_getaway,mini_cruise,0.357,high,src_tourism_stats_01
psg_0939,35-44,Prefer not to say,France,Netherlands,Nordics,mid,very_high,couple,professional,English,couple_stage,High-value Comfort Seekers,north_sea_overnight,weekend_getaway,cabin,0.374,low,src_tourism_stats_01
psg_0940,35-44,Non-binary,United Kingdom,France,South East England,mid,mid,couple,other,Dutch,couple_stage,Car-based Cross-border Travelers,channel_crossing_short,transport_alternative,vehicle_crossing,0.37,medium,src_tourism_stats_01
psg_0941,25-34,Female,Netherlands,United Kingdom,Western Europe,lower_mid,lower_mid,couple,other,English,couple_stage,Price-sensitive Short-break Travelers,channel_crossing_short,shopping_trip,seat,0.256,high,src_tourism_stats_01
psg_0942,45-54,Non-binary,France,Germany,Northern France,mid,mid,family_with_children,professional,English,family_builder,Car-based Cross-border Travelers,channel_crossing_short,transport_alternative,vehicle_crossing,0.458,medium,src_tourism_stats_01
psg_0943,65-74,Female,Netherlands,Netherlands,Nordics,upper_mid,very_high,couple,manager,English,retired,High-value Comfort Seekers,north_sea_overnight,weekend_getaway,cabin,0.373,low,src_tourism_stats_01
psg_0944,25-34,Prefer not to say,Ireland,Netherlands,French North,lower_mid,lower_mid,single,service_worker,Other,early_career,Price-sensitive Short-break Travelers,channel_crossing_short,shopping_trip,seat,0.311,high,src_tourism_stats_01
psg_0945,35-44,Prefer not to say,Germany,France,London and South East,upper_mid,moderate,single,early_career,Dutch,working_adult,Young Leisure Travelers,channel_crossing_short,weekend_getaway,mini_cruise,0.359,high,src_tourism_stats_01
psg_0946,45-54,Prefer not to say,United Kingdom,United Kingdom,London and South East,high,very_high,couple,professional,English,couple_stage,High-value Comfort Seekers,north_sea_overnight,weekend_getaway,cabin,0.424,low,src_tourism_stats_01
psg_0947,45-54,Female,United Kingdom,United Kingdom,Nordics,high,mid,family_with_children,self_employed,English,family_builder,Pet-Friendly Travelers,channel_crossing_short,family_holiday,pet_travel,0.356,medium,src_tourism_stats_01
psg_0948,65-74,Male,United Kingdom,Denmark,Western Europe,mid,high,retired_couple,retired,French,retired,Senior Mini-cruise Travelers,north_sea_overnight,mini_cruise_leisure,mini_cruise,0.319,low,src_tourism_stats_01
psg_0949,18-24,Male,United Kingdom,United Kingdom,Western Europe,mid,lower_mid,couple,service_worker,English,couple_stage,Price-sensitive Short-break Travelers,channel_crossing_short,shopping_trip,seat,0.318,high,src_tourism_stats_01
psg_0950,45-54,Female,France,Sweden,London and South East,high,very_high,couple,manager,German,couple_stage,High-value Comfort Seekers,north_sea_overnight,weekend_getaway,cabin,0.345,low,src_tourism_stats_01
psg_0951,35-44,Female,France,Netherlands,Western Europe,upper_mid,upper_mid,family_with_children,professional,English,family_builder,Family Holiday Travelers,channel_crossing_short,family_holiday,family_package,0.418,medium,src_tourism_stats_01
psg_0952,35-44,Male,France,France,Western Europe,mid,upper_mid,family_with_children,other,Dutch,family_builder,Family Holiday Travelers,channel_crossing_short,family_holiday,family_package,0.424,medium,src_tourism_stats_01
psg_0953,35-44,Male,United Kingdom,France,Western Europe,mid,mid,couple,manager,German,couple_stage,Pet-Friendly Travelers,channel_crossing_short,family_holiday,pet_travel,0.338,medium,src_tourism_stats_01
psg_0954,25-34,Male,United Kingdom,United Kingdom,Western Europe,mid,lower_mid,shared_household,student,Dutch,early_career,Price-sensitive Short-break Travelers,channel_crossing_short,shopping_trip,seat,0.251,high,src_tourism_stats_01
psg_0955,35-44,Male,France,Sweden,South East England,high,mid,family_with_children,self_employed,English,family_builder,Car-based Cross-border Travelers,channel_crossing_short,transport_alternative,vehicle_crossing,0.409,medium,src_tourism_stats_01
psg_0956,25-34,Female,Netherlands,Germany,Western Europe,upper_mid,high,couple,professional,German,couple_stage,Business / Commuter Travelers,channel_crossing_short,business,flex_ticket,0.536,low,src_tourism_stats_01
psg_0957,25-34,Prefer not to say,France,Germany,Western Europe,mid,moderate,single,student,English,early_career,Young Leisure Travelers,channel_crossing_short,weekend_getaway,mini_cruise,0.354,high,src_tourism_stats_01
psg_0958,25-34,Non-binary,Ireland,United Kingdom,Regional UK,mid,lower_mid,family_with_children,student,English,family_builder,Price-sensitive Short-break Travelers,channel_crossing_short,shopping_trip,seat,0.333,high,src_tourism_stats_01
psg_0959,18-24,Male,United Kingdom,United Kingdom,London and South East,upper_mid,moderate,single,early_career,English,early_career,Young Leisure Travelers,channel_crossing_short,weekend_getaway,mini_cruise,0.384,high,src_tourism_stats_01
psg_0960,35-44,Male,United Kingdom,United Kingdom,Western Europe,high,very_high,family_with_children,professional,English,family_builder,High-value Comfort Seekers,north_sea_overnight,weekend_getaway,cabin,0.42,low,src_tourism_stats_01
psg_0961,25-34,Male,Netherlands,United Kingdom,Western Europe,upper_mid,high,single,manager,English,early_career,Business / Commuter Travelers,channel_crossing_short,business,flex_ticket,0.473,low,src_tourism_stats_01
psg_0962,35-44,Male,France,United Kingdom,Greater London,high,upper_mid,family_with_children,manager,Danish,family_builder,Family Holiday Travelers,channel_crossing_short,family_holiday,family_package,0.454,medium,src_tourism_stats_01
psg_0963,25-34,Male,France,France,Western Europe,mid,upper_mid,family_with_children,other,English,family_builder,Family Holiday Travelers,channel_crossing_short,family_holiday,family_package,0.418,medium,src_tourism_stats_01
psg_0964,45-54,Male,France,Germany,Scandinavia,mid,mid,family_with_children,self_employed,French,family_builder,Car-based Cross-border Travelers,channel_crossing_short,transport_alternative,vehicle_crossing,0.39,medium,src_tourism_stats_01
psg_0965,25-34,Male,France,Germany,London and South East,upper_mid,moderate,single,early_career,English,early_career,Young Leisure Travelers,channel_crossing_short,weekend_getaway,mini_cruise,0.308,high,src_tourism_stats_01
psg_0966,45-54,Male,United Kingdom,Ireland,German North,high,mid,couple,manager,French,couple_stage,Car-based Cross-border Travelers,channel_crossing_short,transport_alternative,vehicle_crossing,0.399,medium,src_tourism_stats_01
psg_0967,45-54,Prefer not to say,Sweden,United Kingdom,Western Europe,high,very_high,couple,professional,English,couple_stage,High-value Comfort Seekers,north_sea_overnight,weekend_getaway,cabin,0.41,low,src_tourism_stats_01
psg_0968,35-44,Prefer not to say,United Kingdom,France,Greater London,high,upper_mid,family_with_children,teacher,French,family_builder,Family Holiday Travelers,channel_crossing_short,family_holiday,family_package,0.438,medium,src_tourism_stats_01
psg_0969,35-44,Female,Denmark,Germany,Western Europe,upper_mid,upper_mid,family_with_children,self_employed,English,family_builder,Family Holiday Travelers,channel_crossing_short,family_holiday,family_package,0.453,medium,src_tourism_stats_01
psg_0970,35-44,Male,Netherlands,United Kingdom,Western Europe,high,upper_mid,multi_generational,teacher,Swedish,working_adult,Family Holiday Travelers,channel_crossing_short,family_holiday,family_package,0.406,medium,src_tourism_stats_01
psg_0971,75+,Female,Netherlands,United Kingdom,South East England,mid,high,couple,retired,German,retired,Senior Mini-cruise Travelers,north_sea_overnight,mini_cruise_leisure,mini_cruise,0.305,low,src_tourism_stats_01
psg_0972,25-34,Male,United Kingdom,France,Northern France,mid,mid,couple,other,English,couple_stage,Car-based Cross-border Travelers,channel_crossing_short,transport_alternative,vehicle_crossing,0.458,medium,src_tourism_stats_01
psg_0973,25-34,Female,Netherlands,France,Regional UK,lower_mid,lower_mid,couple,student,English,couple_stage,Price-sensitive Short-break Travelers,channel_crossing_short,shopping_trip,seat,0.308,high,src_tourism_stats_01
psg_0974,35-44,Female,Germany,Netherlands,Western Europe,mid,upper_mid,couple,manager,English,couple_stage,Family Holiday Travelers,channel_crossing_short,family_holiday,family_package,0.487,medium,src_tourism_stats_01
psg_0975,35-44,Male,United Kingdom,Netherlands,French North,low,lower_mid,shared_household,student,English,working_adult,Price-sensitive Short-break Travelers,channel_crossing_short,shopping_trip,seat,0.325,high,src_tourism_stats_01
psg_0976,45-54,Female,France,France,German North,mid,mid,couple,professional,French,couple_stage,Car-based Cross-border Travelers,channel_crossing_short,transport_alternative,vehicle_crossing,0.405,medium,src_tourism_stats_01
psg_0977,35-44,Male,France,France,Irish East Coast,high,mid,shared_household,other,German,working_adult,Car-based Cross-border Travelers,channel_crossing_short,transport_alternative,vehicle_crossing,0.445,medium,src_tourism_stats_01
psg_0978,25-34,Male,Netherlands,Netherlands,Western Europe,lower_mid,lower_mid,single,student,English,early_career,Price-sensitive Short-break Travelers,channel_crossing_short,shopping_trip,seat,0.276,high,src_tourism_stats_01
psg_0979,55-64,Female,Netherlands,Sweden,Scandinavia,upper_mid,very_high,couple,professional,English,couple_stage,High-value Comfort Seekers,north_sea_overnight,weekend_getaway,cabin,0.373,low,src_tourism_stats_01
psg_0980,55-64,Female,United Kingdom,United Kingdom,South East England,mid,high,retired_couple,retired,English,retired,Senior Mini-cruise Travelers,north_sea_overnight,mini_cruise_leisure,mini_cruise,0.297,low,src_tourism_stats_01
psg_0981,25-34,Female,Germany,Denmark,Nordics,upper_mid,moderate,shared_household,other,English,early_career,Young Leisure Travelers,channel_crossing_short,weekend_getaway,mini_cruise,0.349,high,src_tourism_stats_01
psg_0982,75+,Male,France,United Kingdom,South East England,mid,high,couple,other,French,retired,Senior Mini-cruise Travelers,north_sea_overnight,mini_cruise_leisure,mini_cruise,0.256,low,src_tourism_stats_01
psg_0983,45-54,Female,Ireland,United Kingdom,South East England,upper_mid,mid,shared_household,professional,French,working_adult,Car-based Cross-border Travelers,channel_crossing_short,transport_alternative,vehicle_crossing,0.362,medium,src_tourism_stats_01
psg_0984,35-44,Female,Netherlands,Ireland,Western Europe,mid,lower_mid,couple,other,English,couple_stage,Price-sensitive Short-break Travelers,channel_crossing_short,shopping_trip,seat,0.321,high,src_tourism_stats_01
psg_0985,35-44,Prefer not to say,Netherlands,Germany,Western Europe,high,very_high,couple,manager,German,couple_stage,High-value Comfort Seekers,north_sea_overnight,weekend_getaway,cabin,0.341,low,src_tourism_stats_01
psg_0986,55-64,Female,United Kingdom,Netherlands,Western Europe,high,very_high,retired_couple,professional,German,retired,High-value Comfort Seekers,north_sea_overnight,weekend_getaway,cabin,0.334,low,src_tourism_stats_01
psg_0987,25-34,Female,Germany,Denmark,Western Europe,upper_mid,moderate,single,early_career,English,early_career,Young Leisure Travelers,channel_crossing_short,weekend_getaway,mini_cruise,0.377,high,src_tourism_stats_01
psg_0988,45-54,Male,Sweden,United Kingdom,Western Europe,mid,upper_mid,family_with_children,teacher,English,family_builder,Family Holiday Travelers,channel_crossing_short,family_holiday,family_package,0.407,medium,src_tourism_stats_01
psg_0989,35-44,Female,Germany,United Kingdom,South East England,upper_mid,mid,family_with_children,manager,French,family_builder,Car-based Cross-border Travelers,channel_crossing_short,transport_alternative,vehicle_crossing,0.402,medium,src_tourism_stats_01
psg_0990,35-44,Male,Germany,United Kingdom,Nordic Capitals,upper_mid,high,couple,professional,German,couple_stage,Business / Commuter Travelers,channel_crossing_short,business,flex_ticket,0.482,low,src_tourism_stats_01
psg_0991,35-44,Female,Netherlands,France,German North,mid,lower_mid,single,early_career,English,working_adult,Price-sensitive Short-break Travelers,channel_crossing_short,shopping_trip,seat,0.276,high,src_tourism_stats_01
psg_0992,18-24,Male,United Kingdom,United Kingdom,Western Europe,mid,moderate,single,early_career,English,early_career,Young Leisure Travelers,channel_crossing_short,weekend_getaway,mini_cruise,0.374,high,src_tourism_stats_01
psg_0993,45-54,Female,France,United Kingdom,Western Europe,mid,high,shared_household,professional,French,working_adult,Business / Commuter Travelers,channel_crossing_short,business,flex_ticket,0.462,low,src_tourism_stats_01
psg_0994,25-34,Male,Germany,Netherlands,London and South East,upper_mid,moderate,single,early_career,English,early_career,Young Leisure Travelers,channel_crossing_short,weekend_getaway,mini_cruise,0.371,high,src_tourism_stats_01
psg_0995,55-64,Non-binary,Germany,Sweden,Northern France,upper_mid,mid,couple,other,French,couple_stage,Car-based Cross-border Travelers,channel_crossing_short,transport_alternative,vehicle_crossing,0.363,medium,src_tourism_stats_01
psg_0996,75+,Prefer not to say,Denmark,Denmark,South East England,mid,high,retired_couple,retired,English,retired,Senior Mini-cruise Travelers,north_sea_overnight,mini_cruise_leisure,mini_cruise,0.355,low,src_tourism_stats_01
psg_0997,35-44,Male,Germany,France,Western Europe,mid,mid,family_with_children,other,English,family_builder,Pet-Friendly Travelers,channel_crossing_short,family_holiday,pet_travel,0.29,medium,src_tourism_stats_01
psg_0998,35-44,Female,United Kingdom,Germany,Nordics,mid,upper_mid,family_with_children,professional,English,family_builder,Family Holiday Travelers,channel_crossing_short,family_holiday,family_package,0.472,medium,src_tourism_stats_01
psg_0999,65-74,Male,France,Germany,London and South East,upper_mid,very_high,couple,professional,English,retired,High-value Comfort Seekers,north_sea_overnight,weekend_getaway,cabin,0.413,low,src_tourism_stats_01
psg_1000,35-44,Male,France,United Kingdom,Regional UK,lower_mid,lower_mid,shared_household,early_career,English,working_adult,Price-sensitive Short-break Travelers,channel_crossing_short,shopping_trip,seat,0.293,high,src_tourism_stats_01
