trip_id,passenger_id,route_id,date_id,travel_context_id,product_id,booking_channel_id,source_assumption_id,trip_sequence,party_size,adult_count,child_count,senior_count,vehicle_included,vehicle_type,booking_lead_days,cabin_booked_flag,ticket_price,ancillary_spend,total_order_value,discount_used,repeat_trip_flag,synthetic_confidence_score
trp_00001,psg_0001,rte_karlshamn_klaipeda,20260725,ctx_transport,prd_premium_lounge_pass,chn_website,src_behavior_model_01,1,2,2,0,0,False,foot,1,True,583.04,74.53,657.57,True,False,0.797
trp_00002,psg_0001,rte_calais_dover,20251119,ctx_business,prd_basic_seat,chn_returning_portal,src_behavior_model_01,2,2,2,0,0,True,car,9,False,143.99,50.29,194.28,True,True,0.913
trp_00003,psg_0002,rte_dieppe_newhaven,20241004,ctx_visiting_friends,prd_premium_lounge_pass,chn_call_center,src_behavior_model_01,1,2,0,0,2,False,foot,118,True,188.9,98.69,287.59,True,False,0.872
trp_00004,psg_0003,rte_dunkirk_dover,20260704,ctx_visiting_friends,prd_flexible_combi_ticket,chn_website,src_behavior_model_01,1,1,1,0,0,True,car,26,False,101.57,50.59,152.16,True,False,0.864
trp_00005,psg_0004,rte_amsterdam_newcastle,20260819,ctx_transport,prd_mini_cruise_package,chn_website,src_behavior_model_01,1,4,3,1,0,False,foot,55,True,1012.35,90.87,1103.22,True,False,0.793
trp_00006,psg_0005,rte_amsterdam_newcastle,20250802,ctx_shopping,prd_mini_cruise_package,chn_mobile_app,src_behavior_model_01,1,2,2,0,0,False,foot,17,True,446.87,69.6,516.47,True,False,0.831
trp_00007,psg_0006,rte_karlshamn_klaipeda,20240311,ctx_business,prd_mini_cruise_package,chn_returning_portal,src_behavior_model_01,1,2,2,0,0,False,foot,8,True,571.58,87.36,658.94,True,False,0.836
trp_00008,psg_0007,rte_dunkirk_dover,20251101,ctx_shopping,prd_standard_inside_cabin,chn_website,src_behavior_model_01,1,3,2,1,0,True,car,34,True,258.0,74.56,332.56,True,False,0.952
trp_00009,psg_0007,rte_rosslare_dunkirk,20250204,ctx_family_holiday,prd_standard_inside_cabin,chn_email_campaign,src_behavior_model_01,2,3,1,2,0,True,car,88,True,449.44,80.2,529.64,True,True,0.893
trp_00010,psg_0007,rte_dunkirk_dover,20250730,ctx_family_holiday,prd_vehicle_crossing_basic,chn_mobile_app,src_behavior_model_01,3,5,1,4,0,True,car,83,True,318.11,80.41,398.52,True,True,0.949
trp_00011,psg_0007,rte_calais_dover,20261105,ctx_transport,prd_standard_inside_cabin,chn_mobile_app,src_behavior_model_01,4,3,1,2,0,False,foot,68,True,223.34,77.92,301.26,True,True,0.93
trp_00012,psg_0008,rte_dieppe_newhaven,20240416,ctx_mini_cruise,prd_mini_cruise_package,chn_website,src_behavior_model_01,1,2,2,0,0,False,foot,76,True,203.35,111.24,314.59,True,False,0.861
trp_00013,psg_0009,rte_jersey_portsmouth,20251111,ctx_shopping,prd_flexible_combi_ticket,chn_website,src_behavior_model_01,1,2,2,0,0,False,foot,8,False,172.28,52.61,224.89,True,False,0.732
trp_00014,psg_0010,rte_jersey_portsmouth,20251230,ctx_weekend_getaway,prd_basic_seat,chn_email_campaign,src_behavior_model_01,1,1,1,0,0,False,foot,21,False,67.87,27.72,95.59,True,False,0.83
trp_00015,psg_0011,rte_dieppe_newhaven,20260713,ctx_shopping,prd_vehicle_crossing_basic,chn_search_engine,src_behavior_model_01,1,1,1,0,0,False,foot,13,True,59.52,35.07,94.59,True,False,0.88
trp_00016,psg_0012,rte_dieppe_newhaven,20260520,ctx_mini_cruise,prd_mini_cruise_package,chn_travel_agency,src_behavior_model_01,1,2,0,0,2,False,foot,101,True,217.08,101.17,318.25,True,False,0.899
trp_00017,psg_0013,rte_calais_dover,20250401,ctx_shopping,prd_flexible_combi_ticket,chn_search_engine,src_behavior_model_01,1,1,1,0,0,True,car,28,False,83.39,26.33,109.72,True,False,0.892
trp_00018,psg_0013,rte_calais_dover,20251127,ctx_weekend_getaway,prd_vehicle_crossing_basic,chn_search_engine,src_behavior_model_01,2,2,2,0,0,False,foot,12,True,97.34,33.59,130.93,True,True,0.899
trp_00019,psg_0014,rte_jersey_stmalo,20251004,ctx_shopping,prd_sea_view_cabin,chn_website,src_behavior_model_01,1,2,2,0,0,False,foot,4,True,185.01,51.03,236.04,True,False,0.807
trp_00020,psg_0014,rte_dunkirk_dover,20250622,ctx_transport,prd_vehicle_crossing_basic,chn_search_engine,src_behavior_model_01,2,3,3,0,0,False,foot,5,True,156.18,31.92,188.1,True,True,0.833
trp_00021,psg_0015,rte_dieppe_newhaven,20250329,ctx_mini_cruise,prd_mini_cruise_package,chn_website,src_behavior_model_01,1,3,1,1,1,False,foot,19,True,275.44,73.75,349.19,True,False,0.827
trp_00022,psg_0015,rte_dunkirk_dover,20260616,ctx_shopping,prd_flexible_combi_ticket,chn_mobile_app,src_behavior_model_01,2,2,2,0,0,False,foot,17,False,120.89,37.45,158.34,True,True,0.863
trp_00023,psg_0016,rte_dieppe_newhaven,20240828,ctx_mini_cruise,prd_basic_seat,chn_mobile_app,src_behavior_model_01,1,1,1,0,0,True,bicycle,21,False,56.4,25.84,82.24,True,False,0.839
trp_00024,psg_0016,rte_dieppe_newhaven,20240802,ctx_shopping,prd_standard_inside_cabin,chn_social_media,src_behavior_model_01,2,1,1,0,0,False,foot,27,True,69.26,46.93,116.19,True,True,0.9
trp_00025,psg_0017,rte_amsterdam_newcastle,20261014,ctx_shopping,prd_standard_inside_cabin,chn_mobile_app,src_behavior_model_01,1,2,2,0,0,False,foot,23,True,378.96,51.94,430.9,True,False,0.833
trp_00026,psg_0018,rte_karlshamn_klaipeda,20261216,ctx_shopping,prd_standard_inside_cabin,chn_website,src_behavior_model_01,1,5,1,4,0,False,foot,43,True,1106.05,89.5,1195.55,True,False,0.866
trp_00027,psg_0018,rte_rosslare_dunkirk,20250601,ctx_family_holiday,prd_family_cabin_package,chn_mobile_app,src_behavior_model_01,2,3,2,1,0,True,van,58,True,583.4,66.82,650.22,True,True,0.837
trp_00028,psg_0019,rte_rosslare_dunkirk,20261107,ctx_visiting_friends,prd_pet_friendly_travel,chn_returning_portal,src_behavior_model_01,1,4,3,1,0,False,foot,60,True,536.39,54.07,590.46,True,False,0.756
trp_00029,psg_0019,rte_amsterdam_newcastle,20250809,ctx_family_holiday,prd_vehicle_crossing_basic,chn_email_campaign,src_behavior_model_01,2,4,4,0,0,True,van,25,True,790.48,63.35,853.83,True,True,0.823
trp_00030,psg_0019,rte_calais_dover,20260413,ctx_visiting_friends,prd_flexible_combi_ticket,chn_website,src_behavior_model_01,3,2,2,0,0,True,camper,25,False,215.1,63.36,278.46,True,True,0.85
trp_00031,psg_0020,rte_dunkirk_dover,20240605,ctx_visiting_friends,prd_standard_inside_cabin,chn_call_center,src_behavior_model_01,1,3,2,1,0,True,bicycle,42,True,219.99,61.4,281.39,True,False,0.87
trp_00032,psg_0020,rte_dunkirk_dover,20240414,ctx_visiting_friends,prd_vehicle_crossing_basic,chn_website,src_behavior_model_01,2,3,2,1,0,True,car,57,True,213.93,43.86,257.79,True,True,0.821
trp_00033,psg_0020,rte_dieppe_newhaven,20250303,ctx_visiting_friends,prd_pet_friendly_travel,chn_search_engine,src_behavior_model_01,3,2,2,0,0,True,car,33,True,170.51,58.28,228.79,True,True,0.874
trp_00034,psg_0021,rte_jersey_stmalo,20250825,ctx_visiting_friends,prd_commodore_cabin,chn_email_campaign,src_behavior_model_01,1,3,3,0,0,False,foot,66,True,331.03,54.92,385.95,True,False,0.734
trp_00035,psg_0021,rte_dieppe_newhaven,20261017,ctx_weekend_getaway,prd_vehicle_crossing_basic,chn_website,src_behavior_model_01,2,2,2,0,0,False,foot,22,True,125.68,50.93,176.61,True,True,0.87
trp_00036,psg_0022,rte_jersey_poole,20250811,ctx_shopping,prd_flexible_combi_ticket,chn_travel_agency,src_behavior_model_01,1,4,2,2,0,False,foot,45,False,388.72,62.51,451.23,True,False,0.824
trp_00037,psg_0023,rte_amsterdam_newcastle,20260624,ctx_event,prd_commodore_cabin,chn_returning_portal,src_behavior_model_01,1,1,1,0,0,True,car,94,True,230.27,81.63,311.9,True,False,0.894
trp_00038,psg_0023,rte_karlshamn_klaipeda,20251112,ctx_mini_cruise,prd_mini_cruise_package,chn_travel_agency,src_behavior_model_01,2,2,1,0,1,False,foot,62,True,582.88,103.3,686.18,True,True,0.797
trp_00039,psg_0024,rte_kapellskar_paldiski,20240305,ctx_weekend_getaway,prd_sea_view_cabin,chn_website,src_behavior_model_01,1,1,1,0,0,False,foot,94,True,241.69,83.01,324.7,True,False,0.795
trp_00040,psg_0024,rte_kiel_klaipeda,20261117,ctx_mini_cruise,prd_mini_cruise_package,chn_call_center,src_behavior_model_01,2,1,0,0,1,False,foot,68,True,311.48,92.6,404.08,True,True,0.812
trp_00041,psg_0024,rte_amsterdam_newcastle,20240807,ctx_mini_cruise,prd_vehicle_crossing_basic,chn_travel_agency,src_behavior_model_01,3,1,1,0,0,True,bicycle,35,True,161.0,81.21,242.21,True,True,0.921
trp_00042,psg_0025,rte_calais_dover,20250308,ctx_shopping,prd_standard_inside_cabin,chn_search_engine,src_behavior_model_01,1,2,2,0,0,False,foot,6,True,111.63,31.03,142.66,True,False,0.882
trp_00043,psg_0025,rte_jersey_portsmouth,20260802,ctx_weekend_getaway,prd_flexible_combi_ticket,chn_email_campaign,src_behavior_model_01,2,3,2,1,0,False,foot,15,False,271.01,43.38,314.39,True,True,0.829
trp_00044,psg_0026,rte_calais_dover,20250315,ctx_mini_cruise,prd_standard_inside_cabin,chn_social_media,src_behavior_model_01,1,3,2,0,1,False,foot,13,True,214.97,42.13,257.1,True,False,0.918
trp_00045,psg_0026,rte_calais_dover,20260226,ctx_shopping,prd_basic_seat,chn_website,src_behavior_model_01,2,3,3,0,0,False,foot,10,False,143.03,32.0,175.03,True,True,0.857
trp_00046,psg_0026,rte_amsterdam_newcastle,20261227,ctx_weekend_getaway,prd_mini_cruise_package,chn_social_media,src_behavior_model_01,3,2,2,0,0,False,foot,27,True,494.68,55.87,550.55,True,True,0.752
trp_00047,psg_0027,rte_jersey_stmalo,20240707,ctx_weekend_getaway,prd_basic_seat,chn_email_campaign,src_behavior_model_01,1,1,1,0,0,False,foot,26,True,68.16,38.91,107.07,True,False,0.755
trp_00048,psg_0028,rte_dieppe_newhaven,20250528,ctx_weekend_getaway,prd_vehicle_crossing_basic,chn_mobile_app,src_behavior_model_01,1,3,2,1,0,True,car,15,True,231.18,35.68,266.86,True,False,0.85
trp_00049,psg_0029,rte_jersey_stmalo,20250802,ctx_shopping,prd_commodore_cabin,chn_search_engine,src_behavior_model_01,1,2,2,0,0,False,foot,23,True,150.76,31.3,182.06,True,False,0.738
trp_00050,psg_0029,rte_calais_dover,20240611,ctx_shopping,prd_basic_seat,chn_social_media,src_behavior_model_01,2,1,1,0,0,False,foot,3,False,51.68,16.58,68.26,True,True,0.908
trp_00051,psg_0030,rte_rosslare_dunkirk,20240209,ctx_visiting_friends,prd_standard_inside_cabin,chn_website,src_behavior_model_01,1,3,3,0,0,False,foot,67,True,505.41,65.67,571.08,True,False,0.839
trp_00052,psg_0031,rte_dunkirk_dover,20260929,ctx_weekend_getaway,prd_basic_seat,chn_social_media,src_behavior_model_01,1,2,2,0,0,False,foot,11,False,83.32,25.15,108.47,True,False,0.886
trp_00053,psg_0031,rte_dunkirk_dover,20260606,ctx_shopping,prd_flexible_combi_ticket,chn_search_engine,src_behavior_model_01,2,2,2,0,0,False,foot,29,False,105.24,44.24,149.48,True,True,0.837
trp_00054,psg_0032,rte_dieppe_newhaven,20250512,ctx_visiting_friends,prd_vehicle_crossing_basic,chn_email_campaign,src_behavior_model_01,1,4,2,2,0,True,bicycle,81,True,240.49,67.17,307.66,True,False,0.885
trp_00055,psg_0032,rte_calais_dover,20250531,ctx_family_holiday,prd_flexible_combi_ticket,chn_mobile_app,src_behavior_model_01,2,4,2,2,0,True,bicycle,27,False,276.94,64.25,341.19,True,True,0.925
trp_00056,psg_0033,rte_amsterdam_newcastle,20250724,ctx_family_holiday,prd_flexible_combi_ticket,chn_website,src_behavior_model_01,1,2,2,0,0,True,car,32,True,430.82,46.75,477.57,True,False,0.763
trp_00057,psg_0034,rte_dieppe_newhaven,20240622,ctx_visiting_friends,prd_commodore_cabin,chn_call_center,src_behavior_model_01,1,2,1,0,1,False,foot,83,True,130.41,90.54,220.95,True,False,0.848
trp_00058,psg_0035,rte_spain_morocco,20240401,ctx_shopping,prd_vehicle_crossing_basic,chn_website,src_behavior_model_01,1,1,1,0,0,True,camper,16,True,156.52,32.17,188.69,True,False,0.845
trp_00059,psg_0035,rte_calais_dover,20260212,ctx_transport,prd_flexible_combi_ticket,chn_call_center,src_behavior_model_01,2,3,3,0,0,True,bicycle,14,False,183.62,41.25,224.87,True,True,0.874
trp_00060,psg_0035,rte_rosslare_dunkirk,20240924,ctx_shopping,prd_sea_view_cabin,chn_website,src_behavior_model_01,3,1,1,0,0,True,van,55,True,227.39,46.73,274.12,True,True,0.735
trp_00061,psg_0036,rte_rosslare_dunkirk,20261012,ctx_transport,prd_family_cabin_package,chn_mobile_app,src_behavior_model_01,1,5,3,2,0,True,car,86,True,960.38,83.81,1044.19,True,False,0.821
trp_00062,psg_0036,rte_calais_dover,20250314,ctx_family_holiday,prd_family_cabin_package,chn_website,src_behavior_model_01,2,3,2,1,0,False,foot,55,True,246.88,80.88,327.76,True,True,0.895
trp_00063,psg_0037,rte_rosslare_dunkirk,20261225,ctx_transport,prd_standard_inside_cabin,chn_search_engine,src_behavior_model_01,1,3,3,0,0,True,bicycle,38,True,452.47,64.57,517.04,True,False,0.768
trp_00064,psg_0037,rte_dieppe_newhaven,20260413,ctx_transport,prd_flexible_combi_ticket,chn_search_engine,src_behavior_model_01,2,4,4,0,0,True,car,7,False,247.75,62.31,310.06,True,True,0.898
trp_00065,psg_0038,rte_amsterdam_newcastle,20250303,ctx_mini_cruise,prd_commodore_cabin,chn_travel_agency,src_behavior_model_01,1,2,0,0,2,True,car,64,True,419.41,82.37,501.78,True,False,0.826
trp_00066,psg_0038,rte_amsterdam_newcastle,20260921,ctx_event,prd_commodore_cabin,chn_website,src_behavior_model_01,2,1,0,0,1,False,foot,37,True,190.39,70.03,260.42,True,True,0.907
trp_00067,psg_0039,rte_calais_dover,20240329,ctx_shopping,prd_vehicle_crossing_basic,chn_search_engine,src_behavior_model_01,1,1,1,0,0,True,car,4,True,90.06,38.4,128.46,True,False,0.829
trp_00068,psg_0040,rte_jersey_portsmouth,20250929,ctx_weekend_getaway,prd_vehicle_crossing_basic,chn_search_engine,src_behavior_model_01,1,1,1,0,0,False,foot,4,True,87.39,34.66,122.05,True,False,0.752
trp_00069,psg_0040,rte_jersey_stmalo,20240411,ctx_shopping,prd_basic_seat,chn_website,src_behavior_model_01,2,1,1,0,0,False,foot,28,True,65.42,20.93,86.35,True,True,0.754
trp_00070,psg_0041,rte_rosslare_dunkirk,20250604,ctx_visiting_friends,prd_standard_inside_cabin,chn_returning_portal,src_behavior_model_01,1,3,2,1,0,False,foot,38,True,480.18,103.97,584.15,True,False,0.864
trp_00071,psg_0042,rte_calais_dover,20260711,ctx_weekend_getaway,prd_mini_cruise_package,chn_website,src_behavior_model_01,1,2,2,0,0,True,motorcycle,68,True,218.09,113.56,331.65,True,False,0.89
trp_00072,psg_0043,rte_calais_dover,20240319,ctx_visiting_friends,prd_flexible_combi_ticket,chn_website,src_behavior_model_01,1,3,1,2,0,True,van,69,False,224.59,71.76,296.35,True,False,0.87
trp_00073,psg_0043,rte_rosslare_dunkirk,20250225,ctx_shopping,prd_family_cabin_package,chn_email_campaign,src_behavior_model_01,2,5,4,1,0,True,camper,59,True,897.75,79.84,977.59,True,True,0.869
trp_00074,psg_0044,rte_dunkirk_dover,20240714,ctx_family_holiday,prd_standard_inside_cabin,chn_mobile_app,src_behavior_model_01,1,5,2,3,0,True,car,65,True,347.29,77.96,425.25,True,False,0.916
trp_00075,psg_0045,rte_morocco_spain,20260615,ctx_transport,prd_vehicle_crossing_basic,chn_social_media,src_behavior_model_01,1,4,4,0,0,True,camper,23,True,462.47,46.2,508.67,True,False,0.839
trp_00076,psg_0046,rte_amsterdam_newcastle,20250711,ctx_weekend_getaway,prd_premium_lounge_pass,chn_website,src_behavior_model_01,1,1,1,0,0,True,car,43,True,261.54,103.13,364.67,True,False,0.883
trp_00077,psg_0047,rte_jersey_portsmouth,20261102,ctx_weekend_getaway,prd_standard_inside_cabin,chn_search_engine,src_behavior_model_01,1,1,1,0,0,False,foot,33,True,97.19,54.42,151.61,True,False,0.803
trp_00078,psg_0048,rte_dieppe_newhaven,20241129,ctx_weekend_getaway,prd_flexible_combi_ticket,chn_social_media,src_behavior_model_01,1,1,1,0,0,False,foot,10,False,60.15,40.73,100.88,True,False,0.882
trp_00079,psg_0049,rte_jersey_portsmouth,20250326,ctx_event,prd_mini_cruise_package,chn_website,src_behavior_model_01,1,2,2,0,0,False,foot,16,True,248.68,64.59,313.27,True,False,0.843
trp_00080,psg_0049,rte_jersey_portsmouth,20241001,ctx_weekend_getaway,prd_mini_cruise_package,chn_search_engine,src_behavior_model_01,2,2,2,0,0,False,foot,11,True,270.81,59.47,330.28,True,True,0.846
trp_00081,psg_0050,rte_amsterdam_newcastle,20250827,ctx_weekend_getaway,prd_flexible_combi_ticket,chn_website,src_behavior_model_01,1,1,1,0,0,False,foot,12,True,151.95,35.34,187.29,True,False,0.805
trp_00082,psg_0050,rte_dunkirk_dover,20240320,ctx_mini_cruise,prd_flexible_combi_ticket,chn_search_engine,src_behavior_model_01,2,2,2,0,0,False,foot,12,False,123.18,36.35,159.53,True,True,0.854
trp_00083,psg_0051,rte_dunkirk_dover,20240616,ctx_mini_cruise,prd_sea_view_cabin,chn_call_center,src_behavior_model_01,1,2,2,0,0,True,van,82,True,217.39,95.23,312.62,True,False,0.884
trp_00084,psg_0051,rte_calais_dover,20260325,ctx_visiting_friends,prd_sea_view_cabin,chn_website,src_behavior_model_01,2,1,1,0,0,False,foot,62,True,73.02,90.21,163.23,True,True,0.911
trp_00085,psg_0052,rte_kiel_klaipeda,20250416,ctx_family_holiday,prd_flexible_combi_ticket,chn_website,src_behavior_model_01,1,3,3,0,0,True,car,45,True,585.82,50.27,636.09,True,False,0.783
trp_00086,psg_0052,rte_dunkirk_dover,20241222,ctx_transport,prd_flexible_combi_ticket,chn_website,src_behavior_model_01,2,1,1,0,0,True,car,30,False,87.56,43.21,130.77,True,True,0.827
trp_00087,psg_0053,rte_dunkirk_dover,20241225,ctx_weekend_getaway,prd_sea_view_cabin,chn_returning_portal,src_behavior_model_01,1,1,1,0,0,False,foot,19,True,75.85,101.9,177.75,True,False,0.966
trp_00088,psg_0054,rte_dieppe_newhaven,20240429,ctx_weekend_getaway,prd_standard_inside_cabin,chn_search_engine,src_behavior_model_01,1,1,1,0,0,False,foot,25,True,73.56,49.86,123.42,True,False,0.851
trp_00089,psg_0055,rte_calais_dover,20240624,ctx_transport,prd_flexible_combi_ticket,chn_search_engine,src_behavior_model_01,1,1,1,0,0,True,car,23,False,101.69,33.15,134.84,True,False,0.837
trp_00090,psg_0056,rte_dieppe_newhaven,20240304,ctx_business,prd_flexible_combi_ticket,chn_search_engine,src_behavior_model_01,1,1,1,0,0,False,foot,3,False,65.87,58.45,124.32,True,False,0.92
trp_00091,psg_0057,rte_amsterdam_newcastle,20250816,ctx_mini_cruise,prd_premium_lounge_pass,chn_returning_portal,src_behavior_model_01,1,1,1,0,0,True,camper,76,True,305.13,95.78,400.91,True,False,0.861
trp_00092,psg_0058,rte_rosslare_dunkirk,20251126,ctx_family_holiday,prd_vehicle_crossing_basic,chn_website,src_behavior_model_01,1,5,2,3,0,True,motorcycle,39,True,676.57,70.43,747.0,True,False,0.871
trp_00093,psg_0058,rte_calais_dover,20251019,ctx_family_holiday,prd_family_cabin_package,chn_website,src_behavior_model_01,2,5,1,4,0,True,car,27,True,415.57,81.41,496.98,True,True,0.949
trp_00094,psg_0059,rte_calais_dover,20240818,ctx_weekend_getaway,prd_commodore_cabin,chn_website,src_behavior_model_01,1,2,1,0,1,False,foot,53,True,137.64,78.29,215.93,True,False,0.836
trp_00095,psg_0060,rte_calais_dover,20260304,ctx_family_holiday,prd_vehicle_crossing_basic,chn_search_engine,src_behavior_model_01,1,4,4,0,0,True,car,25,True,256.7,50.9,307.6,True,False,0.905
trp_00096,psg_0061,rte_amsterdam_newcastle,20240116,ctx_business,prd_flexible_combi_ticket,chn_website,src_behavior_model_01,1,2,2,0,0,True,car,10,True,428.97,48.77,477.74,True,False,0.895
trp_00097,psg_0062,rte_dunkirk_dover,20250406,ctx_shopping,prd_vehicle_crossing_basic,chn_website,src_behavior_model_01,1,1,1,0,0,True,car,6,True,90.46,20.26,110.72,True,False,0.842
trp_00098,psg_0063,rte_karlshamn_klaipeda,20261013,ctx_transport,prd_flexible_combi_ticket,chn_mobile_app,src_behavior_model_01,1,3,2,1,0,True,van,88,True,568.02,67.97,635.99,True,False,0.863
trp_00099,psg_0063,rte_calais_dover,20260111,ctx_family_holiday,prd_flexible_combi_ticket,chn_website,src_behavior_model_01,2,3,2,1,0,True,car,15,False,211.19,66.99,278.18,True,True,0.929
trp_00100,psg_0063,rte_calais_dover,20240809,ctx_visiting_friends,prd_standard_inside_cabin,chn_mobile_app,src_behavior_model_01,3,4,3,1,0,False,foot,71,True,264.28,71.33,335.61,True,True,0.957
trp_00101,psg_0064,rte_jersey_stmalo,20261008,ctx_visiting_friends,prd_commodore_cabin,chn_search_engine,src_behavior_model_01,1,3,3,0,0,False,foot,21,True,301.65,58.09,359.74,True,False,0.802
trp_00102,psg_0065,rte_dunkirk_dover,20241221,ctx_family_holiday,prd_vehicle_crossing_basic,chn_mobile_app,src_behavior_model_01,1,5,2,3,0,True,car,58,True,323.91,70.06,393.97,True,False,0.952
trp_00103,psg_0066,rte_dieppe_newhaven,20250426,ctx_weekend_getaway,prd_standard_inside_cabin,chn_social_media,src_behavior_model_01,1,3,2,0,1,False,foot,13,True,208.96,49.87,258.83,True,False,0.917
trp_00104,psg_0066,rte_dieppe_newhaven,20250919,ctx_event,prd_flexible_combi_ticket,chn_website,src_behavior_model_01,2,1,1,0,0,True,car,10,False,102.03,45.44,147.47,True,True,0.929
trp_00105,psg_0066,rte_jersey_poole,20251228,ctx_shopping,prd_basic_seat,chn_mobile_app,src_behavior_model_01,3,1,1,0,0,False,foot,34,False,74.74,40.62,115.36,True,True,0.744
trp_00106,psg_0067,rte_dunkirk_dover,20250916,ctx_weekend_getaway,prd_commodore_cabin,chn_returning_portal,src_behavior_model_01,1,3,3,0,0,False,foot,38,True,198.93,101.93,300.86,True,False,0.946
trp_00107,psg_0068,rte_amsterdam_newcastle,20260425,ctx_weekend_getaway,prd_commodore_cabin,chn_social_media,src_behavior_model_01,1,2,2,0,0,False,foot,15,True,365.49,38.22,403.71,True,False,0.733
trp_00108,psg_0068,rte_calais_dover,20240512,ctx_weekend_getaway,prd_flexible_combi_ticket,chn_mobile_app,src_behavior_model_01,2,2,2,0,0,True,motorcycle,24,False,152.27,43.74,196.01,True,True,0.857
trp_00109,psg_0069,rte_amsterdam_newcastle,20260118,ctx_mini_cruise,prd_commodore_cabin,chn_travel_agency,src_behavior_model_01,1,1,0,0,1,False,foot,70,True,188.15,85.61,273.76,True,False,0.9
trp_00110,psg_0070,rte_rosslare_dunkirk,20240222,ctx_transport,prd_flexible_combi_ticket,chn_returning_portal,src_behavior_model_01,1,1,1,0,0,True,van,23,True,212.49,32.5,244.99,True,False,0.795
trp_00111,psg_0070,rte_dieppe_newhaven,20250105,ctx_transport,prd_flexible_combi_ticket,chn_website,src_behavior_model_01,2,4,3,1,0,False,foot,33,False,264.55,45.98,310.53,True,True,0.821
trp_00112,psg_0070,rte_rosslare_dunkirk,20260228,ctx_transport,prd_flexible_combi_ticket,chn_search_engine,src_behavior_model_01,3,4,4,0,0,False,foot,40,True,615.41,43.71,659.12,True,True,0.789
trp_00113,psg_0071,rte_rosslare_dunkirk,20260209,ctx_business,prd_flexible_combi_ticket,chn_returning_portal,src_behavior_model_01,1,1,1,0,0,False,foot,13,True,144.14,36.63,180.77,True,False,0.869
trp_00114,psg_0072,rte_karlshamn_klaipeda,20260125,ctx_mini_cruise,prd_mini_cruise_package,chn_website,src_behavior_model_01,1,2,2,0,0,False,foot,35,True,601.07,113.8,714.87,True,False,0.742
trp_00115,psg_0073,rte_dieppe_newhaven,20260526,ctx_weekend_getaway,prd_vehicle_crossing_basic,chn_search_engine,src_behavior_model_01,1,4,3,1,0,False,foot,17,True,220.38,30.45,250.83,True,False,0.814
trp_00116,psg_0073,rte_dieppe_newhaven,20250207,ctx_event,prd_basic_seat,chn_search_engine,src_behavior_model_01,2,4,4,0,0,False,foot,4,False,211.12,27.55,238.67,True,True,0.878
trp_00117,psg_0074,rte_rosslare_dunkirk,20251224,ctx_weekend_getaway,prd_flexible_combi_ticket,chn_call_center,src_behavior_model_01,1,4,3,1,0,True,van,60,True,634.36,52.06,686.42,True,False,0.731
trp_00118,psg_0075,rte_calais_dover,20240602,ctx_event,prd_basic_seat,chn_website,src_behavior_model_01,1,1,1,0,0,True,van,8,False,112.43,36.84,149.27,True,False,0.917
trp_00119,psg_0075,rte_calais_dover,20240613,ctx_event,prd_premium_lounge_pass,chn_returning_portal,src_behavior_model_01,2,1,1,0,0,False,foot,8,True,103.84,65.99,169.83,True,True,0.922
trp_00120,psg_0076,rte_jersey_poole,20251018,ctx_mini_cruise,prd_mini_cruise_package,chn_travel_agency,src_behavior_model_01,1,1,0,0,1,False,foot,62,True,134.08,89.49,223.57,True,False,0.824
trp_00121,psg_0076,rte_amsterdam_newcastle,20240606,ctx_weekend_getaway,prd_sea_view_cabin,chn_returning_portal,src_behavior_model_01,2,2,0,0,2,False,foot,87,True,392.66,78.55,471.21,True,True,0.845
trp_00122,psg_0077,rte_dunkirk_dover,20260503,ctx_visiting_friends,prd_sea_view_cabin,chn_returning_portal,src_behavior_model_01,1,3,2,1,0,False,foot,57,True,206.13,114.19,320.32,True,False,0.896
trp_00123,psg_0078,rte_dunkirk_dover,20260412,ctx_transport,prd_standard_inside_cabin,chn_search_engine,src_behavior_model_01,1,2,2,0,0,False,foot,28,True,141.66,51.26,192.92,True,False,0.874
trp_00124,psg_0079,rte_jersey_stmalo,20241013,ctx_weekend_getaway,prd_standard_inside_cabin,chn_mobile_app,src_behavior_model_01,1,3,2,1,0,False,foot,22,True,294.73,43.9,338.63,True,False,0.753
trp_00125,psg_0079,rte_dieppe_newhaven,20260429,ctx_mini_cruise,prd_basic_seat,chn_social_media,src_behavior_model_01,2,1,1,0,0,False,foot,26,False,50.17,26.87,77.04,True,True,0.896
trp_00126,psg_0080,rte_karlshamn_klaipeda,20260819,ctx_weekend_getaway,prd_sea_view_cabin,chn_website,src_behavior_model_01,1,1,1,0,0,False,foot,103,True,218.71,77.26,295.97,True,False,0.827
trp_00127,psg_0081,rte_dunkirk_dover,20251023,ctx_family_holiday,prd_standard_inside_cabin,chn_email_campaign,src_behavior_model_01,1,4,3,1,0,True,car,14,True,306.99,89.63,396.62,True,False,0.868
trp_00128,psg_0081,rte_rosslare_dunkirk,20241101,ctx_family_holiday,prd_vehicle_crossing_basic,chn_travel_agency,src_behavior_model_01,2,5,1,4,0,False,foot,76,True,679.85,71.34,751.19,True,True,0.851
trp_00129,psg_0082,rte_dunkirk_dover,20240217,ctx_visiting_friends,prd_vehicle_crossing_basic,chn_travel_agency,src_behavior_model_01,1,1,1,0,0,True,car,57,True,91.15,33.67,124.82,True,False,0.822
trp_00130,psg_0083,rte_rosslare_dunkirk,20251121,ctx_family_holiday,prd_flexible_combi_ticket,chn_website,src_behavior_model_01,1,3,2,1,0,True,motorcycle,44,True,448.65,59.38,508.03,True,False,0.841
trp_00131,psg_0084,rte_calais_dover,20260629,ctx_transport,prd_basic_seat,chn_search_engine,src_behavior_model_01,1,2,2,0,0,True,van,20,False,150.54,23.69,174.23,True,False,0.899
trp_00132,psg_0085,rte_rosslare_dunkirk,20240913,ctx_business,prd_flexible_combi_ticket,chn_website,src_behavior_model_01,1,1,1,0,0,False,foot,1,True,159.02,42.93,201.95,True,False,0.809
trp_00133,psg_0085,rte_dieppe_newhaven,20260722,ctx_business,prd_basic_seat,chn_returning_portal,src_behavior_model_01,2,2,2,0,0,False,foot,7,False,112.74,53.0,165.74,True,True,0.962
trp_00134,psg_0085,rte_kiel_klaipeda,20260521,ctx_business,prd_flexible_combi_ticket,chn_search_engine,src_behavior_model_01,3,2,2,0,0,False,foot,14,True,389.12,54.16,443.28,True,True,0.833
trp_00135,psg_0086,rte_calais_dover,20260516,ctx_family_holiday,prd_standard_inside_cabin,chn_call_center,src_behavior_model_01,1,2,2,0,0,False,foot,47,True,135.18,54.31,189.49,True,False,0.918
trp_00136,psg_0086,rte_dunkirk_dover,20240317,ctx_visiting_friends,prd_standard_inside_cabin,chn_call_center,src_behavior_model_01,2,4,4,0,0,False,foot,67,True,276.68,66.29,342.97,True,True,0.919
trp_00137,psg_0087,rte_dunkirk_dover,20240823,ctx_family_holiday,prd_vehicle_crossing_basic,chn_website,src_behavior_model_01,1,4,4,0,0,True,car,56,True,289.69,68.52,358.21,True,False,0.816
trp_00138,psg_0087,rte_dieppe_newhaven,20240409,ctx_family_holiday,prd_pet_friendly_travel,chn_call_center,src_behavior_model_01,2,3,2,1,0,False,foot,33,True,170.37,53.91,224.28,True,True,0.837
trp_00139,psg_0087,rte_dieppe_newhaven,20260815,ctx_transport,prd_vehicle_crossing_basic,chn_call_center,src_behavior_model_01,3,4,3,1,0,True,motorcycle,35,True,275.38,51.43,326.81,True,True,0.882
trp_00140,psg_0088,rte_amsterdam_newcastle,20250222,ctx_mini_cruise,prd_premium_lounge_pass,chn_travel_agency,src_behavior_model_01,1,1,1,0,0,True,camper,62,True,314.61,93.6,408.21,True,False,0.913
trp_00141,psg_0089,rte_kiel_klaipeda,20250604,ctx_business,prd_commodore_cabin,chn_website,src_behavior_model_01,1,1,1,0,0,False,foot,13,True,211.42,50.95,262.37,True,False,0.814
trp_00142,psg_0090,rte_amsterdam_newcastle,20240304,ctx_weekend_getaway,prd_premium_lounge_pass,chn_website,src_behavior_model_01,1,2,2,0,0,False,foot,107,True,436.1,97.37,533.47,True,False,0.901
trp_00143,psg_0091,rte_dieppe_newhaven,20251021,ctx_transport,prd_flexible_combi_ticket,chn_returning_portal,src_behavior_model_01,1,4,4,0,0,True,car,58,False,288.64,52.49,341.13,True,False,0.814
trp_00144,psg_0091,rte_dunkirk_dover,20241124,ctx_transport,prd_vehicle_crossing_basic,chn_returning_portal,src_behavior_model_01,2,1,1,0,0,False,foot,34,True,62.29,27.87,90.16,True,True,0.903
trp_00145,psg_0091,rte_rosslare_dunkirk,20241205,ctx_family_holiday,prd_sea_view_cabin,chn_travel_agency,src_behavior_model_01,3,2,2,0,0,False,foot,23,True,284.88,60.78,345.66,True,True,0.788
trp_00146,psg_0092,rte_trelleborg_klaipeda,20240710,ctx_weekend_getaway,prd_commodore_cabin,chn_travel_agency,src_behavior_model_01,1,3,3,0,0,True,car,69,True,648.25,100.39,748.64,True,False,0.789
trp_00147,psg_0093,rte_dieppe_newhaven,20240330,ctx_event,prd_flexible_combi_ticket,chn_travel_agency,src_behavior_model_01,1,2,2,0,0,False,foot,2,False,122.1,43.82,165.92,True,False,0.878
trp_00148,psg_0093,rte_kapellskar_paldiski,20241231,ctx_business,prd_standard_inside_cabin,chn_website,src_behavior_model_01,2,2,2,0,0,True,car,13,True,475.99,54.46,530.45,True,True,0.842
trp_00149,psg_0094,rte_dunkirk_dover,20250819,ctx_family_holiday,prd_vehicle_crossing_basic,chn_search_engine,src_behavior_model_01,1,1,1,0,0,False,foot,28,True,69.07,46.47,115.54,True,False,0.889
trp_00150,psg_0094,rte_dieppe_newhaven,20241024,ctx_family_holiday,prd_pet_friendly_travel,chn_website,src_behavior_model_01,2,2,2,0,0,True,car,19,True,145.3,57.93,203.23,True,True,0.86
trp_00151,psg_0095,rte_calais_dover,20261223,ctx_weekend_getaway,prd_mini_cruise_package,chn_search_engine,src_behavior_model_01,1,1,1,0,0,False,foot,7,True,98.96,62.6,161.56,True,False,0.836
trp_00152,psg_0095,rte_karlshamn_klaipeda,20260911,ctx_weekend_getaway,prd_mini_cruise_package,chn_mobile_app,src_behavior_model_01,2,3,3,0,0,False,foot,24,True,808.04,71.77,879.81,True,True,0.806
trp_00153,psg_0095,rte_calais_dover,20260606,ctx_mini_cruise,prd_flexible_combi_ticket,chn_social_media,src_behavior_model_01,3,1,1,0,0,False,foot,24,False,60.89,37.62,98.51,True,True,0.923
trp_00154,psg_0096,rte_amsterdam_newcastle,20250821,ctx_visiting_friends,prd_mini_cruise_package,chn_website,src_behavior_model_01,1,1,1,0,0,True,van,90,True,315.84,90.77,406.61,True,False,0.871
trp_00155,psg_0097,rte_trelleborg_klaipeda,20250710,ctx_mini_cruise,prd_mini_cruise_package,chn_website,src_behavior_model_01,1,1,0,0,1,False,foot,76,True,338.66,97.84,436.5,True,False,0.748
trp_00156,psg_0098,rte_calais_dover,20261230,ctx_business,prd_flexible_combi_ticket,chn_website,src_behavior_model_01,1,2,2,0,0,False,foot,5,False,138.06,59.54,197.6,True,False,0.889
trp_00157,psg_0098,rte_kapellskar_paldiski,20260526,ctx_business,prd_premium_lounge_pass,chn_website,src_behavior_model_01,2,1,1,0,0,True,car,13,True,305.05,69.12,374.17,True,True,0.877
trp_00158,psg_0098,rte_amsterdam_newcastle,20260128,ctx_business,prd_flexible_combi_ticket,chn_travel_agency,src_behavior_model_01,3,2,2,0,0,True,car,5,True,415.72,43.8,459.52,True,True,0.82
trp_00159,psg_0099,rte_amsterdam_newcastle,20240715,ctx_weekend_getaway,prd_premium_lounge_pass,chn_call_center,src_behavior_model_01,1,2,2,0,0,False,foot,51,True,528.96,100.15,629.11,True,False,0.934
trp_00160,psg_0099,rte_kapellskar_paldiski,20250721,ctx_visiting_friends,prd_vehicle_crossing_basic,chn_website,src_behavior_model_01,2,2,2,0,0,True,car,57,True,435.87,79.74,515.61,True,True,0.86
trp_00161,psg_0100,rte_jersey_portsmouth,20260402,ctx_family_holiday,prd_family_cabin_package,chn_email_campaign,src_behavior_model_01,1,4,2,2,0,False,foot,53,True,479.59,91.65,571.24,True,False,0.86
trp_00162,psg_0100,rte_dunkirk_dover,20240503,ctx_family_holiday,prd_family_cabin_package,chn_email_campaign,src_behavior_model_01,2,4,3,1,0,True,car,54,True,325.69,86.72,412.41,True,True,0.93
trp_00163,psg_0101,rte_rosslare_dunkirk,20241205,ctx_family_holiday,prd_sea_view_cabin,chn_search_engine,src_behavior_model_01,1,2,2,0,0,True,bicycle,32,True,337.78,48.38,386.16,True,False,0.753
trp_00164,psg_0101,rte_calais_dover,20250526,ctx_shopping,prd_standard_inside_cabin,chn_website,src_behavior_model_01,2,4,4,0,0,False,foot,52,True,269.48,64.14,333.62,True,True,0.861
trp_00165,psg_0102,rte_dieppe_newhaven,20240928,ctx_family_holiday,prd_family_cabin_package,chn_call_center,src_behavior_model_01,1,3,1,2,0,False,foot,31,True,255.76,66.47,322.23,True,False,0.889
trp_00166,psg_0103,rte_jersey_portsmouth,20260611,ctx_weekend_getaway,prd_standard_inside_cabin,chn_website,src_behavior_model_01,1,3,3,0,0,False,foot,28,True,296.33,44.6,340.93,True,False,0.846
trp_00167,psg_0104,rte_calais_dover,20250803,ctx_mini_cruise,prd_mini_cruise_package,chn_website,src_behavior_model_01,1,3,3,0,0,False,foot,5,True,287.07,80.35,367.42,True,False,0.865
trp_00168,psg_0104,rte_amsterdam_newcastle,20250410,ctx_weekend_getaway,prd_standard_inside_cabin,chn_mobile_app,src_behavior_model_01,2,3,2,0,1,False,foot,17,True,576.55,50.16,626.71,True,True,0.841
trp_00169,psg_0104,rte_amsterdam_newcastle,20240827,ctx_weekend_getaway,prd_standard_inside_cabin,chn_social_media,src_behavior_model_01,3,3,3,0,0,False,foot,31,True,551.71,61.4,613.11,True,True,0.759
trp_00170,psg_0105,rte_calais_dover,20250817,ctx_shopping,prd_standard_inside_cabin,chn_website,src_behavior_model_01,1,4,3,1,0,False,foot,56,True,286.14,65.12,351.26,True,False,0.882
trp_00171,psg_0105,rte_dieppe_newhaven,20261220,ctx_transport,prd_vehicle_crossing_basic,chn_website,src_behavior_model_01,2,3,2,1,0,True,van,22,True,218.78,42.06,260.84,True,True,0.924
trp_00172,psg_0106,rte_amsterdam_newcastle,20240927,ctx_mini_cruise,prd_standard_inside_cabin,chn_website,src_behavior_model_01,1,1,0,0,1,False,foot,57,True,181.24,71.74,252.98,True,False,0.847
trp_00173,psg_0107,rte_dieppe_newhaven,20261105,ctx_visiting_friends,prd_vehicle_crossing_basic,chn_website,src_behavior_model_01,1,1,1,0,0,True,car,18,True,97.84,49.22,147.06,True,False,0.824
trp_00174,psg_0108,rte_calais_dover,20251102,ctx_transport,prd_flexible_combi_ticket,chn_search_engine,src_behavior_model_01,1,1,1,0,0,True,motorcycle,58,False,78.1,34.56,112.66,True,False,0.833
trp_00175,psg_0108,rte_spain_morocco,20261226,ctx_family_holiday,prd_flexible_combi_ticket,chn_returning_portal,src_behavior_model_01,2,2,2,0,0,False,foot,41,False,217.3,52.75,270.05,True,True,0.753
trp_00176,psg_0108,rte_morocco_spain,20260602,ctx_shopping,prd_vehicle_crossing_basic,chn_search_engine,src_behavior_model_01,3,4,3,1,0,True,motorcycle,11,True,430.54,55.2,485.74,True,True,0.847
trp_00177,psg_0109,rte_trelleborg_klaipeda,20260821,ctx_business,prd_premium_lounge_pass,chn_website,src_behavior_model_01,1,1,1,0,0,False,foot,11,True,300.56,56.67,357.23,True,False,0.892
trp_00178,psg_0109,rte_amsterdam_newcastle,20240612,ctx_business,prd_flexible_combi_ticket,chn_website,src_behavior_model_01,2,1,1,0,0,False,foot,3,True,179.85,39.18,219.03,True,True,0.837
trp_00179,psg_0110,rte_jersey_poole,20240318,ctx_mini_cruise,prd_mini_cruise_package,chn_mobile_app,src_behavior_model_01,1,3,3,0,0,False,foot,6,True,441.87,78.25,520.12,True,False,0.843
trp_00180,psg_0111,rte_jersey_stmalo,20241001,ctx_shopping,prd_flexible_combi_ticket,chn_website,src_behavior_model_01,1,2,2,0,0,False,foot,34,True,188.14,38.37,226.51,True,False,0.767
trp_00181,psg_0112,rte_amsterdam_newcastle,20250729,ctx_weekend_getaway,prd_commodore_cabin,chn_website,src_behavior_model_01,1,3,3,0,0,True,car,29,True,571.96,99.18,671.14,True,False,0.882
trp_00182,psg_0112,rte_amsterdam_newcastle,20260730,ctx_mini_cruise,prd_vehicle_crossing_basic,chn_returning_portal,src_behavior_model_01,2,3,3,0,0,True,car,52,True,575.35,95.2,670.55,True,True,0.872
trp_00183,psg_0113,rte_calais_dover,20260328,ctx_business,prd_basic_seat,chn_website,src_behavior_model_01,1,1,1,0,0,False,foot,2,False,47.46,46.03,93.49,True,False,0.967
trp_00184,psg_0113,rte_dunkirk_dover,20260901,ctx_visiting_friends,prd_flexible_combi_ticket,chn_website,src_behavior_model_01,2,1,1,0,0,False,foot,10,False,63.51,51.42,114.93,True,True,0.944
trp_00185,psg_0113,rte_calais_dover,20260626,ctx_transport,prd_basic_seat,chn_website,src_behavior_model_01,3,1,1,0,0,False,foot,5,False,61.46,44.53,105.99,True,True,0.929
trp_00186,psg_0113,rte_karlshamn_klaipeda,20250318,ctx_transport,prd_flexible_combi_ticket,chn_returning_portal,src_behavior_model_01,4,2,2,0,0,False,foot,10,True,406.66,53.59,460.25,True,True,0.815
trp_00187,psg_0114,rte_amsterdam_newcastle,20240523,ctx_mini_cruise,prd_mini_cruise_package,chn_travel_agency,src_behavior_model_01,1,1,0,0,1,False,foot,95,True,261.83,107.23,369.06,True,False,0.824
trp_00188,psg_0114,rte_karlshamn_klaipeda,20240404,ctx_mini_cruise,prd_mini_cruise_package,chn_website,src_behavior_model_01,2,2,2,0,0,False,foot,21,True,666.74,94.59,761.33,True,True,0.808
trp_00189,psg_0114,rte_dieppe_newhaven,20260517,ctx_weekend_getaway,prd_mini_cruise_package,chn_website,src_behavior_model_01,3,2,1,0,1,True,car,56,True,250.64,103.93,354.57,True,True,0.863
trp_00190,psg_0114,rte_amsterdam_newcastle,20250705,ctx_weekend_getaway,prd_vehicle_crossing_basic,chn_returning_portal,src_behavior_model_01,4,2,1,0,1,True,car,28,True,348.88,74.66,423.54,True,True,0.904
trp_00191,psg_0115,rte_morocco_spain,20241110,ctx_shopping,prd_basic_seat,chn_search_engine,src_behavior_model_01,1,2,2,0,0,False,foot,18,False,169.56,38.07,207.63,True,False,0.738
trp_00192,psg_0116,rte_kapellskar_paldiski,20250613,ctx_weekend_getaway,prd_sea_view_cabin,chn_returning_portal,src_behavior_model_01,1,2,2,0,0,False,foot,31,True,429.85,98.08,527.93,True,False,0.782
trp_00193,psg_0117,rte_dunkirk_dover,20241017,ctx_transport,prd_flexible_combi_ticket,chn_search_engine,src_behavior_model_01,1,3,3,0,0,True,bicycle,54,False,186.3,55.89,242.19,True,False,0.858
trp_00194,psg_0118,rte_calais_dover,20250826,ctx_weekend_getaway,prd_vehicle_crossing_basic,chn_website,src_behavior_model_01,1,2,2,0,0,True,car,2,True,133.33,21.08,154.41,True,False,0.849
trp_00195,psg_0119,rte_rosslare_dunkirk,20260520,ctx_transport,prd_vehicle_crossing_basic,chn_website,src_behavior_model_01,1,3,3,0,0,True,car,45,True,437.52,53.86,491.38,True,False,0.798
trp_00196,psg_0119,rte_dunkirk_dover,20250604,ctx_transport,prd_vehicle_crossing_basic,chn_website,src_behavior_model_01,2,2,2,0,0,True,car,42,True,159.54,40.91,200.45,True,True,0.812
trp_00197,psg_0119,rte_dieppe_newhaven,20250409,ctx_transport,prd_vehicle_crossing_basic,chn_call_center,src_behavior_model_01,3,1,1,0,0,False,foot,52,True,54.69,40.12,94.81,True,True,0.826
trp_00198,psg_0120,rte_rosslare_dunkirk,20241106,ctx_transport,prd_vehicle_crossing_basic,chn_search_engine,src_behavior_model_01,1,4,3,0,1,True,car,23,True,623.5,40.15,663.65,True,False,0.825
trp_00199,psg_0121,rte_dieppe_newhaven,20240709,ctx_shopping,prd_basic_seat,chn_email_campaign,src_behavior_model_01,1,1,1,0,0,False,foot,27,False,49.34,39.32,88.66,True,False,0.859
trp_00200,psg_0122,rte_calais_dover,20261017,ctx_visiting_friends,prd_standard_inside_cabin,chn_website,src_behavior_model_01,1,4,1,3,0,True,car,87,True,333.03,69.24,402.27,True,False,0.863
trp_00201,psg_0122,rte_calais_dover,20260705,ctx_family_holiday,prd_family_cabin_package,chn_website,src_behavior_model_01,2,3,2,1,0,False,foot,31,True,236.17,75.84,312.01,True,True,0.864
trp_00202,psg_0123,rte_jersey_poole,20241029,ctx_transport,prd_basic_seat,chn_email_campaign,src_behavior_model_01,1,4,2,1,1,False,foot,13,False,286.66,27.18,313.84,True,False,0.734
trp_00203,psg_0123,rte_dunkirk_dover,20240901,ctx_shopping,prd_basic_seat,chn_search_engine,src_behavior_model_01,2,2,2,0,0,True,camper,23,False,137.4,32.76,170.16,True,True,0.874
trp_00204,psg_0123,rte_rosslare_dunkirk,20250904,ctx_weekend_getaway,prd_basic_seat,chn_social_media,src_behavior_model_01,3,4,4,0,0,False,foot,8,True,456.03,32.99,489.02,True,True,0.841
trp_00205,psg_0124,rte_jersey_stmalo,20250703,ctx_transport,prd_basic_seat,chn_search_engine,src_behavior_model_01,1,1,1,0,0,False,foot,30,True,76.34,32.47,108.81,True,False,0.736
trp_00206,psg_0124,rte_jersey_poole,20260826,ctx_weekend_getaway,prd_standard_inside_cabin,chn_search_engine,src_behavior_model_01,2,2,2,0,0,False,foot,27,True,173.11,50.14,223.25,True,True,0.745
trp_00207,psg_0124,rte_rosslare_dunkirk,20241230,ctx_shopping,prd_vehicle_crossing_basic,chn_email_campaign,src_behavior_model_01,3,2,2,0,0,True,van,28,True,340.29,32.28,372.57,True,True,0.755
trp_00208,psg_0125,rte_calais_dover,20250410,ctx_mini_cruise,prd_commodore_cabin,chn_website,src_behavior_model_01,1,3,3,0,0,False,foot,57,True,216.38,97.86,314.24,True,False,0.864
trp_00209,psg_0126,rte_calais_dover,20240405,ctx_weekend_getaway,prd_commodore_cabin,chn_returning_portal,src_behavior_model_01,1,1,1,0,0,False,foot,33,True,66.82,91.42,158.24,True,False,0.863
trp_00210,psg_0127,rte_morocco_spain,20250209,ctx_shopping,prd_flexible_combi_ticket,chn_search_engine,src_behavior_model_01,1,4,4,0,0,True,van,7,False,456.42,37.72,494.14,True,False,0.74
trp_00211,psg_0127,rte_morocco_spain,20241118,ctx_transport,prd_standard_inside_cabin,chn_search_engine,src_behavior_model_01,2,1,1,0,0,True,car,16,True,130.76,38.16,168.92,True,True,0.733
trp_00212,psg_0128,rte_kiel_klaipeda,20240416,ctx_weekend_getaway,prd_commodore_cabin,chn_call_center,src_behavior_model_01,1,2,0,0,2,False,foot,73,True,410.85,75.83,486.68,True,False,0.748
trp_00213,psg_0129,rte_calais_dover,20240710,ctx_weekend_getaway,prd_standard_inside_cabin,chn_mobile_app,src_behavior_model_01,1,3,2,0,1,False,foot,16,True,208.64,40.72,249.36,True,False,0.839
trp_00214,psg_0130,rte_jersey_poole,20240212,ctx_mini_cruise,prd_mini_cruise_package,chn_social_media,src_behavior_model_01,1,3,3,0,0,False,foot,6,True,417.72,61.39,479.11,True,False,0.762
trp_00215,psg_0131,rte_calais_dover,20260924,ctx_transport,prd_basic_seat,chn_email_campaign,src_behavior_model_01,1,1,1,0,0,False,foot,22,False,41.32,38.63,79.95,True,False,0.831
trp_00216,psg_0132,rte_rosslare_dunkirk,20240803,ctx_transport,prd_basic_seat,chn_search_engine,src_behavior_model_01,1,1,1,0,0,False,foot,6,True,106.4,31.98,138.38,True,False,0.814
trp_00217,psg_0132,rte_jersey_portsmouth,20260101,ctx_weekend_getaway,prd_vehicle_crossing_basic,chn_email_campaign,src_behavior_model_01,2,3,3,0,0,False,foot,13,True,229.52,40.99,270.51,True,True,0.817
trp_00218,psg_0132,rte_morocco_spain,20260712,ctx_transport,prd_vehicle_crossing_basic,chn_search_engine,src_behavior_model_01,3,3,3,0,0,True,car,11,True,264.91,33.09,298.0,True,True,0.834
trp_00219,psg_0133,rte_dunkirk_dover,20240725,ctx_mini_cruise,prd_mini_cruise_package,chn_mobile_app,src_behavior_model_01,1,1,1,0,0,False,foot,8,True,96.13,52.04,148.17,True,False,0.866
trp_00220,psg_0134,rte_dunkirk_dover,20260926,ctx_transport,prd_flexible_combi_ticket,chn_returning_portal,src_behavior_model_01,1,1,1,0,0,False,foot,42,False,66.99,38.97,105.96,True,False,0.894
trp_00221,psg_0134,rte_dunkirk_dover,20260124,ctx_transport,prd_flexible_combi_ticket,chn_call_center,src_behavior_model_01,2,1,1,0,0,True,bicycle,25,False,70.55,53.34,123.89,True,True,0.839
trp_00222,psg_0134,rte_spain_morocco,20250929,ctx_transport,prd_standard_inside_cabin,chn_website,src_behavior_model_01,3,1,1,0,0,False,foot,13,True,122.71,39.75,162.46,True,True,0.741
trp_00223,psg_0135,rte_dunkirk_dover,20251024,ctx_mini_cruise,prd_commodore_cabin,chn_travel_agency,src_behavior_model_01,1,1,1,0,0,False,foot,48,True,70.71,74.05,144.76,True,False,0.826
trp_00224,psg_0136,rte_amsterdam_newcastle,20260418,ctx_business,prd_flexible_combi_ticket,chn_website,src_behavior_model_01,1,2,2,0,0,True,car,8,True,414.83,48.95,463.78,True,False,0.895
trp_00225,psg_0136,rte_kiel_klaipeda,20240503,ctx_business,prd_mini_cruise_package,chn_travel_agency,src_behavior_model_01,2,2,2,0,0,True,car,1,True,619.35,78.74,698.09,True,True,0.809
trp_00226,psg_0137,rte_dunkirk_dover,20251011,ctx_event,prd_standard_inside_cabin,chn_website,src_behavior_model_01,1,3,3,0,0,False,foot,25,True,213.75,48.51,262.26,True,False,0.826
trp_00227,psg_0138,rte_dunkirk_dover,20250916,ctx_weekend_getaway,prd_flexible_combi_ticket,chn_website,src_behavior_model_01,1,1,1,0,0,False,foot,17,False,62.46,29.63,92.09,True,False,0.851
trp_00228,psg_0138,rte_calais_dover,20261026,ctx_transport,prd_basic_seat,chn_search_engine,src_behavior_model_01,2,2,2,0,0,False,foot,15,False,84.08,27.71,111.79,True,True,0.819
trp_00229,psg_0139,rte_calais_dover,20260402,ctx_transport,prd_vehicle_crossing_basic,chn_search_engine,src_behavior_model_01,1,3,3,0,0,True,motorcycle,34,True,189.46,43.6,233.06,True,False,0.926
trp_00230,psg_0139,rte_rosslare_dunkirk,20240806,ctx_transport,prd_mini_cruise_package,chn_website,src_behavior_model_01,2,1,1,0,0,True,car,45,True,261.66,64.48,326.14,True,True,0.741
trp_00231,psg_0140,rte_kiel_klaipeda,20261104,ctx_family_holiday,prd_pet_friendly_travel,chn_email_campaign,src_behavior_model_01,1,2,2,0,0,True,van,65,True,405.66,45.2,450.86,True,False,0.791
trp_00232,psg_0141,rte_dieppe_newhaven,20240612,ctx_weekend_getaway,prd_vehicle_crossing_basic,chn_website,src_behavior_model_01,1,2,2,0,0,True,van,3,True,164.35,27.68,192.03,True,False,0.824
trp_00233,psg_0142,rte_amsterdam_newcastle,20240902,ctx_mini_cruise,prd_mini_cruise_package,chn_travel_agency,src_behavior_model_01,1,1,0,0,1,False,foot,113,True,238.45,97.11,335.56,True,False,0.825
trp_00234,psg_0142,rte_amsterdam_newcastle,20250221,ctx_mini_cruise,prd_premium_lounge_pass,chn_travel_agency,src_behavior_model_01,2,1,0,0,1,False,foot,78,True,238.49,75.86,314.35,True,True,0.929
trp_00235,psg_0143,rte_jersey_stmalo,20260926,ctx_mini_cruise,prd_mini_cruise_package,chn_social_media,src_behavior_model_01,1,2,2,0,0,False,foot,21,True,272.27,63.64,335.91,True,False,0.83
trp_00236,psg_0143,rte_jersey_poole,20260729,ctx_mini_cruise,prd_mini_cruise_package,chn_social_media,src_behavior_model_01,2,1,1,0,0,False,foot,26,True,144.2,63.81,208.01,True,True,0.8
trp_00237,psg_0143,rte_jersey_poole,20240223,ctx_weekend_getaway,prd_basic_seat,chn_mobile_app,src_behavior_model_01,3,3,3,0,0,False,foot,15,False,221.49,51.43,272.92,True,True,0.743
trp_00238,psg_0144,rte_calais_dover,20261020,ctx_mini_cruise,prd_flexible_combi_ticket,chn_returning_portal,src_behavior_model_01,1,2,2,0,0,True,car,33,False,179.84,94.83,274.67,True,False,0.908
trp_00239,psg_0145,rte_dunkirk_dover,20241208,ctx_visiting_friends,prd_family_cabin_package,chn_email_campaign,src_behavior_model_01,1,5,3,2,0,False,foot,60,True,390.98,87.91,478.89,True,False,0.938
trp_00240,psg_0145,rte_rosslare_dunkirk,20240105,ctx_family_holiday,prd_family_cabin_package,chn_call_center,src_behavior_model_01,2,4,2,2,0,True,van,86,True,853.54,72.28,925.82,True,True,0.853
trp_00241,psg_0146,rte_dieppe_newhaven,20250820,ctx_mini_cruise,prd_mini_cruise_package,chn_social_media,src_behavior_model_01,1,1,1,0,0,False,foot,27,True,91.25,69.52,160.77,True,False,0.879
trp_00242,psg_0147,rte_dieppe_newhaven,20260107,ctx_business,prd_flexible_combi_ticket,chn_returning_portal,src_behavior_model_01,1,1,1,0,0,True,motorcycle,6,False,84.08,43.71,127.79,True,False,0.978
trp_00243,psg_0148,rte_kapellskar_paldiski,20251001,ctx_business,prd_standard_inside_cabin,chn_website,src_behavior_model_01,1,2,2,0,0,False,foot,14,True,489.41,66.68,556.09,True,False,0.784
trp_00244,psg_0149,rte_trelleborg_klaipeda,20250912,ctx_family_holiday,prd_family_cabin_package,chn_mobile_app,src_behavior_model_01,1,4,3,1,0,False,foot,63,True,1105.98,91.53,1197.51,True,False,0.84
trp_00245,psg_0149,rte_dieppe_newhaven,20261026,ctx_family_holiday,prd_vehicle_crossing_basic,chn_call_center,src_behavior_model_01,2,4,1,3,0,True,van,23,True,261.02,59.84,320.86,True,True,0.963
trp_00246,psg_0149,rte_dunkirk_dover,20250506,ctx_family_holiday,prd_standard_inside_cabin,chn_website,src_behavior_model_01,3,4,1,3,0,True,car,49,True,273.94,72.07,346.01,True,True,0.892
trp_00247,psg_0150,rte_dunkirk_dover,20250508,ctx_weekend_getaway,prd_mini_cruise_package,chn_website,src_behavior_model_01,1,1,0,0,1,False,foot,38,True,102.46,91.49,193.95,True,False,0.851
trp_00248,psg_0150,rte_kiel_klaipeda,20250314,ctx_mini_cruise,prd_commodore_cabin,chn_travel_agency,src_behavior_model_01,2,1,1,0,0,False,foot,120,True,210.24,71.04,281.28,True,True,0.762
trp_00249,psg_0150,rte_amsterdam_newcastle,20261108,ctx_event,prd_mini_cruise_package,chn_website,src_behavior_model_01,3,2,1,0,1,True,car,72,True,584.94,99.93,684.87,True,True,0.823
trp_00250,psg_0151,rte_amsterdam_newcastle,20260116,ctx_visiting_friends,prd_flexible_combi_ticket,chn_travel_agency,src_behavior_model_01,1,1,1,0,0,False,foot,13,True,188.6,39.09,227.69,True,False,0.831
trp_00251,psg_0151,rte_kapellskar_paldiski,20240821,ctx_business,prd_standard_inside_cabin,chn_website,src_behavior_model_01,2,1,1,0,0,True,car,10,True,277.83,49.56,327.39,True,True,0.786
trp_00252,psg_0152,rte_kapellskar_paldiski,20250421,ctx_transport,prd_vehicle_crossing_basic,chn_website,src_behavior_model_01,1,4,3,1,0,True,motorcycle,27,True,745.52,63.75,809.27,True,False,0.828
trp_00253,psg_0153,rte_karlshamn_klaipeda,20260926,ctx_mini_cruise,prd_standard_inside_cabin,chn_returning_portal,src_behavior_model_01,1,1,1,0,0,False,foot,76,True,209.05,86.62,295.67,True,False,0.887
trp_00254,psg_0153,rte_karlshamn_klaipeda,20250820,ctx_weekend_getaway,prd_premium_lounge_pass,chn_travel_agency,src_behavior_model_01,2,3,3,0,0,True,car,43,True,946.34,114.93,1061.27,True,True,0.885
trp_00255,psg_0153,rte_kiel_klaipeda,20240215,ctx_weekend_getaway,prd_commodore_cabin,chn_returning_portal,src_behavior_model_01,3,1,1,0,0,False,foot,77,True,228.87,101.49,330.36,True,True,0.874
trp_00256,psg_0154,rte_amsterdam_newcastle,20260731,ctx_family_holiday,prd_pet_friendly_travel,chn_call_center,src_behavior_model_01,1,3,2,1,0,True,bicycle,11,True,472.5,50.87,523.37,True,False,0.774
trp_00257,psg_0155,rte_amsterdam_newcastle,20240706,ctx_mini_cruise,prd_mini_cruise_package,chn_travel_agency,src_behavior_model_01,1,2,0,0,2,True,motorcycle,90,True,569.55,109.88,679.43,True,False,0.929
trp_00258,psg_0155,rte_jersey_poole,20250730,ctx_weekend_getaway,prd_mini_cruise_package,chn_call_center,src_behavior_model_01,2,1,1,0,0,False,foot,79,True,159.62,101.56,261.18,True,True,0.821
trp_00259,psg_0156,rte_jersey_poole,20250604,ctx_family_holiday,prd_standard_inside_cabin,chn_returning_portal,src_behavior_model_01,1,4,4,0,0,False,foot,14,True,417.97,57.92,475.89,True,False,0.832
trp_00260,psg_0156,rte_rosslare_dunkirk,20260217,ctx_visiting_friends,prd_vehicle_crossing_basic,chn_email_campaign,src_behavior_model_01,2,4,4,0,0,False,foot,75,True,522.79,65.46,588.25,True,True,0.796
trp_00261,psg_0157,rte_calais_dover,20260921,ctx_transport,prd_vehicle_crossing_basic,chn_call_center,src_behavior_model_01,1,4,3,0,1,True,car,67,True,315.94,58.51,374.45,True,False,0.857
trp_00262,psg_0158,rte_amsterdam_newcastle,20240401,ctx_event,prd_sea_view_cabin,chn_call_center,src_behavior_model_01,1,3,3,0,0,True,van,87,True,642.91,103.97,746.88,True,False,0.97
trp_00263,psg_0158,rte_karlshamn_klaipeda,20261226,ctx_weekend_getaway,prd_commodore_cabin,chn_returning_portal,src_behavior_model_01,2,1,1,0,0,False,foot,14,True,236.89,100.18,337.07,True,True,0.828
trp_00264,psg_0159,rte_dieppe_newhaven,20251228,ctx_event,prd_standard_inside_cabin,chn_social_media,src_behavior_model_01,1,2,2,0,0,False,foot,24,True,139.51,52.74,192.25,True,False,0.892
trp_00265,psg_0159,rte_jersey_stmalo,20240723,ctx_event,prd_flexible_combi_ticket,chn_mobile_app,src_behavior_model_01,2,3,3,0,0,False,foot,28,True,246.61,42.54,289.15,True,True,0.754
trp_00266,psg_0159,rte_dieppe_newhaven,20250921,ctx_mini_cruise,prd_flexible_combi_ticket,chn_mobile_app,src_behavior_model_01,3,2,2,0,0,True,van,15,False,178.17,35.11,213.28,True,True,0.876
trp_00267,psg_0160,rte_kiel_klaipeda,20250810,ctx_family_holiday,prd_family_cabin_package,chn_mobile_app,src_behavior_model_01,1,4,1,3,0,True,car,57,True,1091.78,90.02,1181.8,True,False,0.827
trp_00268,psg_0160,rte_karlshamn_klaipeda,20260517,ctx_family_holiday,prd_vehicle_crossing_basic,chn_website,src_behavior_model_01,2,4,3,1,0,True,van,85,True,706.61,69.6,776.21,True,True,0.865
trp_00269,psg_0160,rte_calais_dover,20260724,ctx_family_holiday,prd_vehicle_crossing_basic,chn_website,src_behavior_model_01,3,4,3,1,0,False,foot,50,True,238.45,75.78,314.23,True,True,0.959
trp_00270,psg_0161,rte_calais_dover,20260629,ctx_event,prd_premium_lounge_pass,chn_search_engine,src_behavior_model_01,1,1,1,0,0,False,foot,8,True,102.23,59.57,161.8,True,False,0.88
trp_00271,psg_0161,rte_dieppe_newhaven,20250215,ctx_business,prd_flexible_combi_ticket,chn_call_center,src_behavior_model_01,2,2,2,0,0,False,foot,6,False,131.45,50.43,181.88,True,True,0.959
trp_00272,psg_0161,rte_calais_dover,20250610,ctx_event,prd_flexible_combi_ticket,chn_search_engine,src_behavior_model_01,3,1,1,0,0,False,foot,1,False,62.26,56.09,118.35,True,True,0.862
trp_00273,psg_0161,rte_amsterdam_newcastle,20260605,ctx_visiting_friends,prd_standard_inside_cabin,chn_website,src_behavior_model_01,4,1,1,0,0,False,foot,9,True,207.5,51.31,258.81,True,True,0.894
trp_00274,psg_0162,rte_amsterdam_newcastle,20240109,ctx_visiting_friends,prd_premium_lounge_pass,chn_call_center,src_behavior_model_01,1,2,2,0,0,False,foot,58,True,447.63,106.12,553.75,True,False,0.908
trp_00275,psg_0162,rte_dunkirk_dover,20261112,ctx_mini_cruise,prd_mini_cruise_package,chn_call_center,src_behavior_model_01,2,3,3,0,0,False,foot,35,True,297.38,117.37,414.75,True,True,0.877
trp_00276,psg_0162,rte_dieppe_newhaven,20251002,ctx_weekend_getaway,prd_premium_lounge_pass,chn_returning_portal,src_behavior_model_01,3,2,2,0,0,True,camper,50,True,270.87,110.39,381.26,True,True,0.881
trp_00277,psg_0163,rte_dieppe_newhaven,20241230,ctx_visiting_friends,prd_flexible_combi_ticket,chn_search_engine,src_behavior_model_01,1,2,2,0,0,False,foot,29,False,144.44,42.91,187.35,True,False,0.906
trp_00278,psg_0164,rte_calais_dover,20260630,ctx_visiting_friends,prd_pet_friendly_travel,chn_website,src_behavior_model_01,1,2,2,0,0,True,motorcycle,10,True,139.66,45.59,185.25,True,False,0.849
trp_00279,psg_0164,rte_amsterdam_newcastle,20241102,ctx_visiting_friends,prd_standard_inside_cabin,chn_returning_portal,src_behavior_model_01,2,3,3,0,0,False,foot,72,True,566.81,64.99,631.8,True,True,0.747
trp_00280,psg_0165,rte_rosslare_dunkirk,20241123,ctx_visiting_friends,prd_commodore_cabin,chn_call_center,src_behavior_model_01,1,2,2,0,0,False,foot,79,True,320.44,96.42,416.86,True,False,0.898
trp_00281,psg_0165,rte_dunkirk_dover,20260218,ctx_visiting_friends,prd_commodore_cabin,chn_website,src_behavior_model_01,2,1,1,0,0,True,bicycle,39,True,88.56,85.95,174.51,True,True,0.933
trp_00282,psg_0166,rte_kiel_klaipeda,20260828,ctx_transport,prd_vehicle_crossing_basic,chn_website,src_behavior_model_01,1,4,3,1,0,False,foot,13,True,705.58,56.65,762.23,True,False,0.794
trp_00283,psg_0166,rte_rosslare_dunkirk,20250707,ctx_transport,prd_vehicle_crossing_basic,chn_returning_portal,src_behavior_model_01,2,3,2,1,0,True,car,27,True,499.41,48.61,548.02,True,True,0.775
trp_00284,psg_0167,rte_spain_morocco,20260105,ctx_transport,prd_vehicle_crossing_basic,chn_email_campaign,src_behavior_model_01,1,4,4,0,0,False,foot,29,True,385.72,29.22,414.94,True,False,0.752
trp_00285,psg_0167,rte_calais_dover,20250501,ctx_shopping,prd_basic_seat,chn_email_campaign,src_behavior_model_01,2,2,2,0,0,False,foot,28,False,95.45,42.23,137.68,True,True,0.921
trp_00286,psg_0168,rte_calais_dover,20240710,ctx_business,prd_vehicle_crossing_basic,chn_website,src_behavior_model_01,1,1,1,0,0,True,bicycle,10,True,75.87,48.62,124.49,True,False,0.869
trp_00287,psg_0169,rte_dieppe_newhaven,20260223,ctx_mini_cruise,prd_basic_seat,chn_mobile_app,src_behavior_model_01,1,1,1,0,0,False,foot,23,False,50.74,34.92,85.66,True,False,0.877
trp_00288,psg_0170,rte_dunkirk_dover,20240702,ctx_weekend_getaway,prd_vehicle_crossing_basic,chn_website,src_behavior_model_01,1,4,4,0,0,True,van,27,True,289.74,33.84,323.58,True,False,0.924
trp_00289,psg_0170,rte_dieppe_newhaven,20260804,ctx_transport,prd_basic_seat,chn_email_campaign,src_behavior_model_01,2,4,3,1,0,False,foot,23,False,191.62,34.62,226.24,True,True,0.918
trp_00290,psg_0171,rte_trelleborg_klaipeda,20240707,ctx_visiting_friends,prd_commodore_cabin,chn_call_center,src_behavior_model_01,1,3,3,0,0,False,foot,26,True,649.95,107.03,756.98,True,False,0.796
trp_00291,psg_0172,rte_amsterdam_newcastle,20250820,ctx_mini_cruise,prd_mini_cruise_package,chn_returning_portal,src_behavior_model_01,1,2,0,0,2,False,foot,108,True,489.36,102.08,591.44,True,False,0.835
trp_00292,psg_0173,rte_dieppe_newhaven,20250810,ctx_weekend_getaway,prd_sea_view_cabin,chn_website,src_behavior_model_01,1,1,1,0,0,False,foot,19,True,74.25,102.68,176.93,True,False,0.884
trp_00293,psg_0173,rte_amsterdam_newcastle,20241221,ctx_visiting_friends,prd_commodore_cabin,chn_returning_portal,src_behavior_model_01,2,2,2,0,0,True,car,40,True,371.45,91.75,463.2,True,True,0.965
trp_00294,psg_0173,rte_kiel_klaipeda,20251001,ctx_visiting_friends,prd_mini_cruise_package,chn_call_center,src_behavior_model_01,3,2,2,0,0,True,car,49,True,693.89,111.57,805.46,True,True,0.858
trp_00295,psg_0174,rte_amsterdam_newcastle,20240418,ctx_shopping,prd_vehicle_crossing_basic,chn_social_media,src_behavior_model_01,1,3,2,0,1,True,motorcycle,12,True,540.56,31.61,572.17,True,False,0.818
trp_00296,psg_0174,rte_calais_dover,20251226,ctx_weekend_getaway,prd_flexible_combi_ticket,chn_social_media,src_behavior_model_01,2,1,1,0,0,True,van,10,False,97.46,41.99,139.45,True,True,0.824
trp_00297,psg_0175,rte_karlshamn_klaipeda,20240604,ctx_mini_cruise,prd_mini_cruise_package,chn_travel_agency,src_behavior_model_01,1,2,0,0,2,False,foot,52,True,623.09,102.07,725.16,True,False,0.754
trp_00298,psg_0176,rte_karlshamn_klaipeda,20251224,ctx_mini_cruise,prd_commodore_cabin,chn_call_center,src_behavior_model_01,1,2,0,0,2,True,van,34,True,506.09,90.86,596.95,True,False,0.748
trp_00299,psg_0176,rte_calais_dover,20240607,ctx_weekend_getaway,prd_vehicle_crossing_basic,chn_travel_agency,src_behavior_model_01,2,2,2,0,0,True,car,97,True,163.79,67.1,230.89,True,True,0.844
trp_00300,psg_0176,rte_amsterdam_newcastle,20260716,ctx_weekend_getaway,prd_commodore_cabin,chn_returning_portal,src_behavior_model_01,3,1,1,0,0,False,foot,97,True,202.85,84.84,287.69,True,True,0.851
trp_00301,psg_0177,rte_rosslare_dunkirk,20240704,ctx_visiting_friends,prd_standard_inside_cabin,chn_website,src_behavior_model_01,1,2,2,0,0,False,foot,56,True,320.15,55.51,375.66,True,False,0.776
trp_00302,psg_0178,rte_rosslare_dunkirk,20240219,ctx_family_holiday,prd_flexible_combi_ticket,chn_call_center,src_behavior_model_01,1,4,4,0,0,True,car,38,True,631.25,46.31,677.56,True,False,0.763
trp_00303,psg_0179,rte_amsterdam_newcastle,20250927,ctx_mini_cruise,prd_standard_inside_cabin,chn_website,src_behavior_model_01,1,2,2,0,0,False,foot,34,True,331.1,85.21,416.31,True,False,0.851
trp_00304,psg_0179,rte_amsterdam_newcastle,20260306,ctx_mini_cruise,prd_premium_lounge_pass,chn_travel_agency,src_behavior_model_01,2,2,2,0,0,False,foot,72,True,476.26,93.17,569.43,True,True,0.925
trp_00305,psg_0179,rte_trelleborg_klaipeda,20250615,ctx_mini_cruise,prd_commodore_cabin,chn_call_center,src_behavior_model_01,3,2,1,0,1,False,foot,53,True,401.65,94.75,496.4,True,True,0.788
trp_00306,psg_0180,rte_dunkirk_dover,20260510,ctx_transport,prd_vehicle_crossing_basic,chn_website,src_behavior_model_01,1,1,1,0,0,True,car,57,True,91.58,48.46,140.04,True,False,0.86
trp_00307,psg_0180,rte_dunkirk_dover,20250815,ctx_transport,prd_vehicle_crossing_basic,chn_website,src_behavior_model_01,2,1,1,0,0,True,camper,16,True,129.46,37.8,167.26,True,True,0.881
trp_00308,psg_0181,rte_amsterdam_newcastle,20240304,ctx_weekend_getaway,prd_flexible_combi_ticket,chn_social_media,src_behavior_model_01,1,2,2,0,0,False,foot,24,True,311.58,46.39,357.97,True,False,0.74
trp_00309,psg_0181,rte_dunkirk_dover,20260531,ctx_weekend_getaway,prd_mini_cruise_package,chn_mobile_app,src_behavior_model_01,2,1,1,0,0,False,foot,30,True,89.06,51.9,140.96,True,True,0.832
trp_00310,psg_0182,rte_kapellskar_paldiski,20240810,ctx_mini_cruise,prd_premium_lounge_pass,chn_call_center,src_behavior_model_01,1,1,0,0,1,False,foot,46,True,260.67,95.56,356.23,True,False,0.803
trp_00311,psg_0182,rte_amsterdam_newcastle,20240628,ctx_mini_cruise,prd_sea_view_cabin,chn_returning_portal,src_behavior_model_01,2,2,0,0,2,False,foot,81,True,349.11,76.18,425.29,True,True,0.812
trp_00312,psg_0183,rte_dunkirk_dover,20260412,ctx_family_holiday,prd_vehicle_crossing_basic,chn_website,src_behavior_model_01,1,3,2,1,0,True,car,46,True,210.86,65.25,276.11,True,False,0.864
trp_00313,psg_0183,rte_rosslare_dunkirk,20260516,ctx_visiting_friends,prd_flexible_combi_ticket,chn_website,src_behavior_model_01,2,5,2,3,0,True,car,22,True,773.18,79.86,853.04,True,True,0.818
trp_00314,psg_0183,rte_dunkirk_dover,20260701,ctx_transport,prd_vehicle_crossing_basic,chn_website,src_behavior_model_01,3,4,1,3,0,True,car,22,True,274.76,63.14,337.9,True,True,0.884
trp_00315,psg_0184,rte_kiel_klaipeda,20250408,ctx_weekend_getaway,prd_sea_view_cabin,chn_returning_portal,src_behavior_model_01,1,2,2,0,0,False,foot,20,True,503.93,99.15,603.08,True,False,0.838
trp_00316,psg_0185,rte_calais_dover,20261126,ctx_transport,prd_basic_seat,chn_search_engine,src_behavior_model_01,1,3,3,0,0,True,car,24,False,183.23,23.84,207.07,True,False,0.909
trp_00317,psg_0186,rte_dunkirk_dover,20240301,ctx_weekend_getaway,prd_flexible_combi_ticket,chn_mobile_app,src_behavior_model_01,1,2,2,0,0,False,foot,8,False,132.73,33.95,166.68,True,False,0.859
trp_00318,psg_0186,rte_amsterdam_newcastle,20260831,ctx_event,prd_flexible_combi_ticket,chn_mobile_app,src_behavior_model_01,2,3,3,0,0,False,foot,35,True,459.95,50.77,510.72,True,True,0.801
trp_00319,psg_0186,rte_amsterdam_newcastle,20240203,ctx_weekend_getaway,prd_commodore_cabin,chn_mobile_app,src_behavior_model_01,3,3,3,0,0,False,foot,7,True,503.8,40.2,544.0,True,True,0.846
trp_00320,psg_0187,rte_jersey_portsmouth,20250622,ctx_weekend_getaway,prd_mini_cruise_package,chn_website,src_behavior_model_01,1,2,0,0,2,False,foot,77,True,268.58,105.14,373.72,True,False,0.847
trp_00321,psg_0187,rte_amsterdam_newcastle,20250420,ctx_mini_cruise,prd_mini_cruise_package,chn_website,src_behavior_model_01,2,2,1,0,1,False,foot,45,True,506.97,96.14,603.11,True,True,0.856
trp_00322,psg_0188,rte_dieppe_newhaven,20250718,ctx_visiting_friends,prd_basic_seat,chn_returning_portal,src_behavior_model_01,1,2,2,0,0,False,foot,10,False,110.55,54.2,164.75,True,False,0.94
trp_00323,psg_0188,rte_amsterdam_newcastle,20261006,ctx_visiting_friends,prd_standard_inside_cabin,chn_returning_portal,src_behavior_model_01,2,2,2,0,0,False,foot,6,True,410.57,46.99,457.56,True,True,0.808
trp_00324,psg_0189,rte_calais_dover,20260905,ctx_weekend_getaway,prd_standard_inside_cabin,chn_mobile_app,src_behavior_model_01,1,3,2,1,0,False,foot,17,True,202.32,52.22,254.54,True,False,0.85
trp_00325,psg_0189,rte_calais_dover,20260103,ctx_event,prd_standard_inside_cabin,chn_website,src_behavior_model_01,2,2,2,0,0,False,foot,29,True,124.92,56.35,181.27,True,True,0.894
trp_00326,psg_0190,rte_dieppe_newhaven,20241014,ctx_visiting_friends,prd_flexible_combi_ticket,chn_email_campaign,src_behavior_model_01,1,4,2,1,1,True,van,28,False,272.08,51.35,323.43,True,False,0.829
trp_00327,psg_0191,rte_rosslare_dunkirk,20250721,ctx_shopping,prd_vehicle_crossing_basic,chn_email_campaign,src_behavior_model_01,1,2,2,0,0,False,foot,9,True,241.15,37.02,278.17,True,False,0.804
trp_00328,psg_0192,rte_karlshamn_klaipeda,20250804,ctx_visiting_friends,prd_premium_lounge_pass,chn_website,src_behavior_model_01,1,1,1,0,0,False,foot,5,True,284.08,49.96,334.04,True,False,0.789
trp_00329,psg_0192,rte_rosslare_dunkirk,20260510,ctx_business,prd_standard_inside_cabin,chn_call_center,src_behavior_model_01,2,1,1,0,0,False,foot,2,True,175.75,58.94,234.69,True,True,0.808
trp_00330,psg_0193,rte_dunkirk_dover,20241001,ctx_weekend_getaway,prd_standard_inside_cabin,chn_search_engine,src_behavior_model_01,1,3,3,0,0,False,foot,26,True,202.03,60.43,262.46,True,False,0.919
trp_00331,psg_0194,rte_amsterdam_newcastle,20251217,ctx_mini_cruise,prd_mini_cruise_package,chn_travel_agency,src_behavior_model_01,1,1,0,0,1,False,foot,29,True,235.64,98.08,333.72,True,False,0.866
trp_00332,psg_0195,rte_rosslare_dunkirk,20260511,ctx_family_holiday,prd_family_cabin_package,chn_website,src_behavior_model_01,1,5,4,1,0,False,foot,65,True,842.41,89.28,931.69,True,False,0.835
trp_00333,psg_0195,rte_jersey_stmalo,20260727,ctx_family_holiday,prd_family_cabin_package,chn_email_campaign,src_behavior_model_01,2,3,2,1,0,False,foot,62,True,344.62,86.64,431.26,True,True,0.894
trp_00334,psg_0195,rte_jersey_poole,20260321,ctx_shopping,prd_vehicle_crossing_basic,chn_mobile_app,src_behavior_model_01,3,5,1,4,0,False,foot,78,True,452.3,68.67,520.97,True,True,0.826
trp_00335,psg_0196,rte_calais_dover,20240228,ctx_transport,prd_vehicle_crossing_basic,chn_social_media,src_behavior_model_01,1,1,1,0,0,False,foot,3,True,53.3,33.13,86.43,True,False,0.911
trp_00336,psg_0196,rte_jersey_portsmouth,20240406,ctx_transport,prd_basic_seat,chn_social_media,src_behavior_model_01,2,1,1,0,0,False,foot,3,False,65.57,32.2,97.77,True,True,0.757
trp_00337,psg_0197,rte_dieppe_newhaven,20260305,ctx_transport,prd_vehicle_crossing_basic,chn_website,src_behavior_model_01,1,2,2,0,0,False,foot,45,True,114.41,38.54,152.95,True,False,0.817
trp_00338,psg_0198,rte_calais_dover,20261201,ctx_weekend_getaway,prd_mini_cruise_package,chn_website,src_behavior_model_01,1,2,2,0,0,True,van,27,True,226.75,63.66,290.41,True,False,0.892
trp_00339,psg_0199,rte_amsterdam_newcastle,20240709,ctx_mini_cruise,prd_sea_view_cabin,chn_website,src_behavior_model_01,1,2,2,0,0,False,foot,70,True,358.19,99.27,457.46,True,False,0.901
trp_00340,psg_0199,rte_dieppe_newhaven,20240801,ctx_event,prd_mini_cruise_package,chn_call_center,src_behavior_model_01,2,3,2,0,1,False,foot,65,True,269.02,119.0,388.02,True,True,0.965
trp_00341,psg_0200,rte_rosslare_dunkirk,20251202,ctx_family_holiday,prd_pet_friendly_travel,chn_website,src_behavior_model_01,1,4,4,0,0,False,foot,30,True,500.0,66.53,566.53,True,False,0.833
trp_00342,psg_0201,rte_calais_dover,20260819,ctx_weekend_getaway,prd_standard_inside_cabin,chn_website,src_behavior_model_01,1,4,3,0,1,False,foot,4,True,265.5,37.64,303.14,True,False,0.831
trp_00343,psg_0201,rte_jersey_stmalo,20260711,ctx_transport,prd_basic_seat,chn_social_media,src_behavior_model_01,2,3,3,0,0,False,foot,19,True,210.8,40.99,251.79,True,True,0.732
trp_00344,psg_0202,rte_dieppe_newhaven,20240805,ctx_business,prd_premium_lounge_pass,chn_returning_portal,src_behavior_model_01,1,1,1,0,0,False,foot,8,True,87.5,70.16,157.66,True,False,0.972
trp_00345,psg_0202,rte_kapellskar_paldiski,20240703,ctx_business,prd_mini_cruise_package,chn_returning_portal,src_behavior_model_01,2,2,2,0,0,False,foot,1,True,553.88,86.15,640.03,True,True,0.804
trp_00346,psg_0202,rte_dieppe_newhaven,20251004,ctx_business,prd_premium_lounge_pass,chn_website,src_behavior_model_01,3,2,2,0,0,False,foot,6,True,201.49,62.61,264.1,True,True,0.977
trp_00347,psg_0203,rte_rosslare_dunkirk,20260109,ctx_transport,prd_mini_cruise_package,chn_website,src_behavior_model_01,1,2,2,0,0,False,foot,55,True,421.15,67.33,488.48,True,False,0.848
trp_00348,psg_0203,rte_calais_dover,20251218,ctx_transport,prd_vehicle_crossing_basic,chn_website,src_behavior_model_01,2,3,3,0,0,False,foot,19,True,209.68,37.72,247.4,True,True,0.828
trp_00349,psg_0204,rte_trelleborg_klaipeda,20250715,ctx_transport,prd_basic_seat,chn_call_center,src_behavior_model_01,1,1,1,0,0,False,foot,4,True,159.35,41.66,201.01,True,False,0.809
trp_00350,psg_0204,rte_dieppe_newhaven,20260708,ctx_business,prd_flexible_combi_ticket,chn_website,src_behavior_model_01,2,2,2,0,0,False,foot,6,False,135.81,60.65,196.46,True,True,0.946
trp_00351,psg_0205,rte_rosslare_dunkirk,20260716,ctx_visiting_friends,prd_vehicle_crossing_basic,chn_travel_agency,src_behavior_model_01,1,3,3,0,0,False,foot,21,True,383.26,52.74,436.0,True,False,0.769
trp_00352,psg_0205,rte_calais_dover,20240211,ctx_transport,prd_vehicle_crossing_basic,chn_website,src_behavior_model_01,2,1,1,0,0,True,motorcycle,37,True,75.28,36.62,111.9,True,True,0.871
trp_00353,psg_0206,rte_amsterdam_newcastle,20260918,ctx_business,prd_premium_lounge_pass,chn_website,src_behavior_model_01,1,2,2,0,0,False,foot,4,True,476.58,70.99,547.57,True,False,0.878
trp_00354,psg_0207,rte_spain_morocco,20240531,ctx_transport,prd_vehicle_crossing_basic,chn_email_campaign,src_behavior_model_01,1,3,2,1,0,False,foot,23,True,265.27,36.05,301.32,True,False,0.761
trp_00355,psg_0207,rte_dunkirk_dover,20250720,ctx_weekend_getaway,prd_vehicle_crossing_basic,chn_email_campaign,src_behavior_model_01,2,2,2,0,0,False,foot,11,True,111.16,34.77,145.93,True,True,0.929
trp_00356,psg_0208,rte_amsterdam_newcastle,20240920,ctx_mini_cruise,prd_commodore_cabin,chn_call_center,src_behavior_model_01,1,1,1,0,0,False,foot,90,True,180.22,101.26,281.48,True,False,0.925
trp_00357,psg_0209,rte_rosslare_dunkirk,20250611,ctx_weekend_getaway,prd_commodore_cabin,chn_returning_portal,src_behavior_model_01,1,3,2,1,0,True,car,84,True,469.38,114.16,583.54,True,False,0.84
trp_00358,psg_0210,rte_amsterdam_newcastle,20250722,ctx_mini_cruise,prd_commodore_cabin,chn_returning_portal,src_behavior_model_01,1,1,1,0,0,False,foot,22,True,180.66,88.27,268.93,True,False,0.832
trp_00359,psg_0210,rte_amsterdam_newcastle,20260910,ctx_mini_cruise,prd_commodore_cabin,chn_call_center,src_behavior_model_01,2,2,0,0,2,True,van,58,True,435.87,74.92,510.79,True,True,0.833
trp_00360,psg_0211,rte_calais_dover,20251215,ctx_weekend_getaway,prd_pet_friendly_travel,chn_call_center,src_behavior_model_01,1,4,4,0,0,True,bicycle,27,True,260.27,57.36,317.63,True,False,0.833
trp_00361,psg_0211,rte_dieppe_newhaven,20261226,ctx_transport,prd_pet_friendly_travel,chn_website,src_behavior_model_01,2,3,3,0,0,True,van,45,True,240.36,56.01,296.37,True,True,0.923
trp_00362,psg_0212,rte_morocco_spain,20261209,ctx_transport,prd_vehicle_crossing_basic,chn_search_engine,src_behavior_model_01,1,4,3,0,1,True,car,26,True,401.03,59.07,460.1,True,False,0.834
trp_00363,psg_0212,rte_rosslare_dunkirk,20250413,ctx_transport,prd_vehicle_crossing_basic,chn_search_engine,src_behavior_model_01,2,3,3,0,0,False,foot,55,True,437.31,52.28,489.59,True,True,0.753
trp_00364,psg_0212,rte_calais_dover,20240630,ctx_family_holiday,prd_flexible_combi_ticket,chn_search_engine,src_behavior_model_01,3,4,4,0,0,True,car,47,False,284.96,52.96,337.92,True,True,0.878
trp_00365,psg_0213,rte_trelleborg_klaipeda,20250603,ctx_visiting_friends,prd_mini_cruise_package,chn_website,src_behavior_model_01,1,2,1,0,1,False,foot,23,True,632.15,112.63,744.78,True,False,0.813
trp_00366,psg_0214,rte_calais_dover,20250129,ctx_mini_cruise,prd_basic_seat,chn_website,src_behavior_model_01,1,3,3,0,0,False,foot,8,False,164.02,36.46,200.48,True,False,0.876
trp_00367,psg_0214,rte_dieppe_newhaven,20250103,ctx_weekend_getaway,prd_basic_seat,chn_mobile_app,src_behavior_model_01,2,2,2,0,0,False,foot,21,False,114.86,37.19,152.05,True,True,0.895
trp_00368,psg_0214,rte_jersey_stmalo,20240511,ctx_weekend_getaway,prd_mini_cruise_package,chn_mobile_app,src_behavior_model_01,3,3,3,0,0,False,foot,28,True,420.47,72.5,492.97,True,True,0.843
trp_00369,psg_0215,rte_calais_dover,20240303,ctx_transport,prd_flexible_combi_ticket,chn_search_engine,src_behavior_model_01,1,3,3,0,0,True,van,50,False,270.78,50.23,321.01,True,False,0.845
trp_00370,psg_0215,rte_calais_dover,20260717,ctx_transport,prd_vehicle_crossing_basic,chn_call_center,src_behavior_model_01,2,3,2,0,1,True,camper,47,True,241.2,35.64,276.84,True,True,0.858
trp_00371,psg_0216,rte_kapellskar_paldiski,20260722,ctx_family_holiday,prd_standard_inside_cabin,chn_website,src_behavior_model_01,1,4,3,1,0,True,bicycle,49,True,803.98,81.05,885.03,True,False,0.781
trp_00372,psg_0216,rte_dieppe_newhaven,20250522,ctx_family_holiday,prd_vehicle_crossing_basic,chn_website,src_behavior_model_01,2,3,2,1,0,True,bicycle,83,True,219.21,76.16,295.37,True,True,0.971
trp_00373,psg_0216,rte_rosslare_dunkirk,20260511,ctx_visiting_friends,prd_mini_cruise_package,chn_travel_agency,src_behavior_model_01,3,3,2,1,0,True,car,36,True,624.9,82.52,707.42,True,True,0.881
trp_00374,psg_0217,rte_kiel_klaipeda,20260410,ctx_business,prd_standard_inside_cabin,chn_website,src_behavior_model_01,1,1,1,0,0,False,foot,13,True,240.82,61.29,302.11,True,False,0.833
trp_00375,psg_0217,rte_karlshamn_klaipeda,20240123,ctx_business,prd_flexible_combi_ticket,chn_returning_portal,src_behavior_model_01,2,2,2,0,0,True,car,2,True,421.75,62.72,484.47,True,True,0.885
trp_00376,psg_0218,rte_jersey_portsmouth,20260711,ctx_family_holiday,prd_vehicle_crossing_basic,chn_website,src_behavior_model_01,1,3,1,2,0,False,foot,66,True,256.68,59.41,316.09,True,False,0.821
trp_00377,psg_0218,rte_jersey_portsmouth,20260505,ctx_family_holiday,prd_flexible_combi_ticket,chn_mobile_app,src_behavior_model_01,2,5,3,2,0,False,foot,82,False,517.45,71.65,589.1,True,True,0.79
trp_00378,psg_0219,rte_rosslare_dunkirk,20250418,ctx_weekend_getaway,prd_basic_seat,chn_website,src_behavior_model_01,1,2,2,0,0,True,car,30,True,206.83,24.91,231.74,True,False,0.824
trp_00379,psg_0220,rte_dunkirk_dover,20250409,ctx_event,prd_vehicle_crossing_basic,chn_website,src_behavior_model_01,1,1,1,0,0,True,camper,18,True,128.28,88.05,216.33,True,False,0.949
trp_00380,psg_0220,rte_karlshamn_klaipeda,20250712,ctx_event,prd_mini_cruise_package,chn_call_center,src_behavior_model_01,2,3,3,0,0,False,foot,52,True,987.83,133.07,1120.9,True,True,0.829
trp_00381,psg_0220,rte_amsterdam_newcastle,20250329,ctx_visiting_friends,prd_mini_cruise_package,chn_travel_agency,src_behavior_model_01,3,2,2,0,0,True,car,64,True,579.81,115.38,695.19,True,True,0.879
trp_00382,psg_0221,rte_kiel_klaipeda,20240505,ctx_weekend_getaway,prd_commodore_cabin,chn_call_center,src_behavior_model_01,1,2,0,0,2,False,foot,97,True,441.25,88.32,529.57,True,False,0.742
trp_00383,psg_0222,rte_amsterdam_newcastle,20251011,ctx_mini_cruise,prd_commodore_cabin,chn_call_center,src_behavior_model_01,1,1,1,0,0,False,foot,108,True,183.4,91.18,274.58,True,False,0.857
trp_00384,psg_0222,rte_karlshamn_klaipeda,20260622,ctx_mini_cruise,prd_commodore_cabin,chn_call_center,src_behavior_model_01,2,2,0,0,2,True,car,31,True,499.09,95.96,595.05,True,True,0.81
trp_00385,psg_0223,rte_dunkirk_dover,20260801,ctx_family_holiday,prd_vehicle_crossing_basic,chn_travel_agency,src_behavior_model_01,1,5,4,1,0,True,motorcycle,37,True,302.76,66.44,369.2,True,False,0.969
trp_00386,psg_0223,rte_dieppe_newhaven,20250506,ctx_family_holiday,prd_vehicle_crossing_basic,chn_call_center,src_behavior_model_01,2,3,1,2,0,True,van,30,True,214.34,58.9,273.24,True,True,0.916
trp_00387,psg_0224,rte_jersey_portsmouth,20240309,ctx_weekend_getaway,prd_mini_cruise_package,chn_social_media,src_behavior_model_01,1,1,1,0,0,False,foot,28,True,129.2,52.61,181.81,True,False,0.765
trp_00388,psg_0224,rte_jersey_stmalo,20260228,ctx_weekend_getaway,prd_mini_cruise_package,chn_website,src_behavior_model_01,2,3,2,1,0,False,foot,5,True,397.24,63.43,460.67,True,True,0.791
trp_00389,psg_0225,rte_jersey_portsmouth,20260826,ctx_weekend_getaway,prd_basic_seat,chn_email_campaign,src_behavior_model_01,1,2,2,0,0,False,foot,30,False,149.58,34.15,183.73,True,False,0.751
trp_00390,psg_0226,rte_jersey_portsmouth,20250821,ctx_weekend_getaway,prd_mini_cruise_package,chn_mobile_app,src_behavior_model_01,1,1,1,0,0,False,foot,29,True,124.77,52.26,177.03,True,False,0.846
trp_00391,psg_0226,rte_jersey_poole,20260926,ctx_mini_cruise,prd_basic_seat,chn_mobile_app,src_behavior_model_01,2,3,2,1,0,False,foot,18,False,229.06,30.51,259.57,True,True,0.85
trp_00392,psg_0226,rte_jersey_poole,20251225,ctx_shopping,prd_mini_cruise_package,chn_website,src_behavior_model_01,3,3,3,0,0,False,foot,4,True,395.95,78.32,474.27,True,True,0.73
trp_00393,psg_0227,rte_dunkirk_dover,20240701,ctx_shopping,prd_flexible_combi_ticket,chn_search_engine,src_behavior_model_01,1,3,2,0,1,False,foot,30,False,164.63,33.37,198.0,True,False,0.857
trp_00394,psg_0228,rte_dunkirk_dover,20260211,ctx_shopping,prd_family_cabin_package,chn_website,src_behavior_model_01,1,3,2,1,0,True,car,22,True,287.11,85.19,372.3,True,False,0.862
trp_00395,psg_0228,rte_rosslare_dunkirk,20251207,ctx_family_holiday,prd_vehicle_crossing_basic,chn_website,src_behavior_model_01,2,5,1,4,0,True,motorcycle,28,True,721.9,64.98,786.88,True,True,0.791
trp_00396,psg_0229,rte_calais_dover,20250101,ctx_transport,prd_vehicle_crossing_basic,chn_search_engine,src_behavior_model_01,1,4,4,0,0,False,foot,12,True,208.15,40.49,248.64,True,False,0.913
trp_00397,psg_0229,rte_spain_morocco,20240901,ctx_shopping,prd_vehicle_crossing_basic,chn_search_engine,src_behavior_model_01,2,2,2,0,0,True,camper,2,True,223.92,25.12,249.04,True,True,0.836
trp_00398,psg_0230,rte_amsterdam_newcastle,20260212,ctx_visiting_friends,prd_sea_view_cabin,chn_travel_agency,src_behavior_model_01,1,1,1,0,0,True,car,58,True,204.78,86.59,291.37,True,False,0.961
trp_00399,psg_0230,rte_amsterdam_newcastle,20260328,ctx_visiting_friends,prd_flexible_combi_ticket,chn_website,src_behavior_model_01,2,1,1,0,0,True,car,29,True,187.22,90.56,277.78,True,True,0.923
trp_00400,psg_0230,rte_rosslare_dunkirk,20250722,ctx_visiting_friends,prd_premium_lounge_pass,chn_returning_portal,src_behavior_model_01,3,1,1,0,0,False,foot,89,True,218.71,103.16,321.87,True,True,0.886
trp_00401,psg_0231,rte_dunkirk_dover,20250826,ctx_transport,prd_vehicle_crossing_basic,chn_travel_agency,src_behavior_model_01,1,1,1,0,0,False,foot,22,True,63.42,45.28,108.7,True,False,0.867
trp_00402,psg_0231,rte_rosslare_dunkirk,20250707,ctx_visiting_friends,prd_standard_inside_cabin,chn_website,src_behavior_model_01,2,2,2,0,0,True,bicycle,26,True,357.68,62.11,419.79,True,True,0.834
trp_00403,psg_0232,rte_jersey_poole,20240103,ctx_weekend_getaway,prd_basic_seat,chn_website,src_behavior_model_01,1,2,2,0,0,False,foot,22,False,135.43,32.34,167.77,True,False,0.841
trp_00404,psg_0233,rte_rosslare_dunkirk,20250713,ctx_weekend_getaway,prd_commodore_cabin,chn_website,src_behavior_model_01,1,2,2,0,0,False,foot,81,True,333.95,109.26,443.21,True,False,0.87
trp_00405,psg_0233,rte_amsterdam_newcastle,20260406,ctx_mini_cruise,prd_mini_cruise_package,chn_call_center,src_behavior_model_01,2,3,1,1,1,False,foot,33,True,770.69,132.05,902.74,True,True,0.886
trp_00406,psg_0233,rte_amsterdam_newcastle,20240907,ctx_visiting_friends,prd_sea_view_cabin,chn_website,src_behavior_model_01,3,3,2,1,0,False,foot,20,True,604.1,101.11,705.21,True,True,0.909
trp_00407,psg_0234,rte_calais_dover,20240903,ctx_mini_cruise,prd_flexible_combi_ticket,chn_mobile_app,src_behavior_model_01,1,2,2,0,0,False,foot,9,False,126.67,50.77,177.44,True,False,0.883
trp_00408,psg_0235,rte_calais_dover,20260118,ctx_weekend_getaway,prd_mini_cruise_package,chn_search_engine,src_behavior_model_01,1,3,2,0,1,False,foot,13,True,246.67,59.44,306.11,True,False,0.88
trp_00409,psg_0235,rte_karlshamn_klaipeda,20260626,ctx_mini_cruise,prd_standard_inside_cabin,chn_website,src_behavior_model_01,2,1,1,0,0,True,camper,8,True,278.84,35.97,314.81,True,True,0.826
trp_00410,psg_0236,rte_calais_dover,20260822,ctx_weekend_getaway,prd_basic_seat,chn_mobile_app,src_behavior_model_01,1,2,2,0,0,False,foot,5,False,101.78,36.59,138.37,True,False,0.856
trp_00411,psg_0237,rte_amsterdam_newcastle,20241107,ctx_weekend_getaway,prd_mini_cruise_package,chn_mobile_app,src_behavior_model_01,1,2,2,0,0,True,car,28,True,529.89,77.2,607.09,True,False,0.848
trp_00412,psg_0238,rte_amsterdam_newcastle,20251016,ctx_business,prd_basic_seat,chn_website,src_behavior_model_01,1,1,1,0,0,False,foot,3,True,145.04,36.39,181.43,True,False,0.832
trp_00413,psg_0239,rte_amsterdam_newcastle,20260708,ctx_weekend_getaway,prd_standard_inside_cabin,chn_social_media,src_behavior_model_01,1,2,2,0,0,True,car,12,True,405.98,43.37,449.35,True,False,0.742
trp_00414,psg_0240,rte_jersey_poole,20250716,ctx_mini_cruise,prd_mini_cruise_package,chn_search_engine,src_behavior_model_01,1,3,3,0,0,False,foot,18,True,387.72,61.89,449.61,True,False,0.817
trp_00415,psg_0240,rte_kiel_klaipeda,20250904,ctx_weekend_getaway,prd_mini_cruise_package,chn_mobile_app,src_behavior_model_01,2,1,1,0,0,False,foot,21,True,300.55,73.64,374.19,True,True,0.844
trp_00416,psg_0241,rte_karlshamn_klaipeda,20240924,ctx_weekend_getaway,prd_flexible_combi_ticket,chn_mobile_app,src_behavior_model_01,1,1,1,0,0,False,foot,7,True,223.15,42.36,265.51,True,False,0.739
trp_00417,psg_0242,rte_rosslare_dunkirk,20260412,ctx_family_holiday,prd_commodore_cabin,chn_website,src_behavior_model_01,1,5,2,3,0,True,car,48,True,772.93,79.73,852.66,True,False,0.867
trp_00418,psg_0243,rte_rosslare_dunkirk,20250704,ctx_weekend_getaway,prd_sea_view_cabin,chn_website,src_behavior_model_01,1,2,2,0,0,False,foot,78,True,311.92,101.68,413.6,True,False,0.826
trp_00419,psg_0244,rte_amsterdam_newcastle,20250806,ctx_weekend_getaway,prd_basic_seat,chn_mobile_app,src_behavior_model_01,1,1,1,0,0,True,car,22,True,157.95,44.05,202.0,True,False,0.791
trp_00420,psg_0245,rte_rosslare_dunkirk,20250912,ctx_shopping,prd_standard_inside_cabin,chn_website,src_behavior_model_01,1,4,2,2,0,False,foot,44,True,683.53,86.63,770.16,True,False,0.782
trp_00421,psg_0246,rte_kapellskar_paldiski,20250301,ctx_transport,prd_commodore_cabin,chn_returning_portal,src_behavior_model_01,1,3,2,1,0,True,car,57,True,651.53,47.99,699.52,True,False,0.838
trp_00422,psg_0247,rte_rosslare_dunkirk,20240404,ctx_transport,prd_basic_seat,chn_search_engine,src_behavior_model_01,1,4,3,1,0,False,foot,2,True,355.31,42.66,397.97,True,False,0.734
trp_00423,psg_0248,rte_rosslare_dunkirk,20240428,ctx_visiting_friends,prd_flexible_combi_ticket,chn_website,src_behavior_model_01,1,4,3,1,0,True,car,49,True,621.31,49.34,670.65,True,False,0.764
trp_00424,psg_0248,rte_trelleborg_klaipeda,20260202,ctx_transport,prd_flexible_combi_ticket,chn_search_engine,src_behavior_model_01,2,4,3,1,0,False,foot,59,True,832.13,55.91,888.04,True,True,0.811
trp_00425,psg_0249,rte_rosslare_dunkirk,20250604,ctx_family_holiday,prd_commodore_cabin,chn_search_engine,src_behavior_model_01,1,3,2,1,0,False,foot,34,True,449.09,60.85,509.94,True,False,0.786
trp_00426,psg_0249,rte_calais_dover,20260617,ctx_transport,prd_pet_friendly_travel,chn_returning_portal,src_behavior_model_01,2,3,3,0,0,False,foot,15,True,161.1,55.95,217.05,True,True,0.814
trp_00427,psg_0249,rte_jersey_portsmouth,20241116,ctx_family_holiday,prd_vehicle_crossing_basic,chn_website,src_behavior_model_01,3,3,2,1,0,False,foot,48,True,301.34,52.28,353.62,True,True,0.757
trp_00428,psg_0250,rte_amsterdam_newcastle,20260210,ctx_event,prd_flexible_combi_ticket,chn_website,src_behavior_model_01,1,2,2,0,0,False,foot,4,True,376.05,44.56,420.61,True,False,0.825
trp_00429,psg_0250,rte_dieppe_newhaven,20240726,ctx_transport,prd_flexible_combi_ticket,chn_call_center,src_behavior_model_01,2,2,2,0,0,True,camper,10,False,212.06,56.54,268.6,True,True,0.902
trp_00430,psg_0250,rte_karlshamn_klaipeda,20260619,ctx_transport,prd_flexible_combi_ticket,chn_website,src_behavior_model_01,3,1,1,0,0,False,foot,10,True,221.8,48.51,270.31,True,True,0.801
trp_00431,psg_0250,rte_dunkirk_dover,20250122,ctx_business,prd_basic_seat,chn_call_center,src_behavior_model_01,4,1,1,0,0,False,foot,1,False,51.28,44.17,95.45,True,True,0.916
trp_00432,psg_0250,rte_calais_dover,20250704,ctx_business,prd_premium_lounge_pass,chn_returning_portal,src_behavior_model_01,5,1,1,0,0,False,foot,4,True,96.6,67.58,164.18,True,True,0.906
trp_00433,psg_0251,rte_dunkirk_dover,20250823,ctx_transport,prd_vehicle_crossing_basic,chn_call_center,src_behavior_model_01,1,5,3,2,0,True,car,69,True,326.92,72.84,399.76,True,False,0.971
trp_00434,psg_0252,rte_rosslare_dunkirk,20240701,ctx_visiting_friends,prd_vehicle_crossing_basic,chn_website,src_behavior_model_01,1,3,2,1,0,False,foot,34,True,422.98,57.76,480.74,True,False,0.89
trp_00435,psg_0252,rte_jersey_poole,20240715,ctx_family_holiday,prd_family_cabin_package,chn_mobile_app,src_behavior_model_01,2,5,3,2,0,False,foot,37,True,578.15,88.26,666.41,True,True,0.801
trp_00436,psg_0253,rte_jersey_portsmouth,20261220,ctx_transport,prd_pet_friendly_travel,chn_website,src_behavior_model_01,1,3,2,1,0,False,foot,71,True,264.95,53.07,318.02,True,False,0.834
trp_00437,psg_0253,rte_dieppe_newhaven,20260703,ctx_family_holiday,prd_standard_inside_cabin,chn_returning_portal,src_behavior_model_01,2,2,2,0,0,True,car,49,True,177.02,67.71,244.73,True,True,0.903
trp_00438,psg_0253,rte_rosslare_dunkirk,20251227,ctx_family_holiday,prd_pet_friendly_travel,chn_returning_portal,src_behavior_model_01,3,4,4,0,0,True,motorcycle,56,True,524.26,61.89,586.15,True,True,0.776
trp_00439,psg_0253,rte_dunkirk_dover,20260529,ctx_visiting_friends,prd_pet_friendly_travel,chn_website,src_behavior_model_01,4,4,4,0,0,False,foot,53,True,237.03,52.66,289.69,True,True,0.85
trp_00440,psg_0254,rte_dieppe_newhaven,20240820,ctx_transport,prd_vehicle_crossing_basic,chn_travel_agency,src_behavior_model_01,1,3,3,0,0,False,foot,58,True,208.46,52.98,261.44,True,False,0.826
trp_00441,psg_0254,rte_dunkirk_dover,20250703,ctx_shopping,prd_flexible_combi_ticket,chn_website,src_behavior_model_01,2,2,2,0,0,False,foot,19,False,142.3,41.07,183.37,True,True,0.879
trp_00442,psg_0255,rte_rosslare_dunkirk,20250621,ctx_family_holiday,prd_standard_inside_cabin,chn_email_campaign,src_behavior_model_01,1,3,1,2,0,False,foot,75,True,439.73,74.78,514.51,True,False,0.808
trp_00443,psg_0256,rte_jersey_stmalo,20240310,ctx_weekend_getaway,prd_basic_seat,chn_email_campaign,src_behavior_model_01,1,3,3,0,0,False,foot,13,True,200.62,36.03,236.65,True,False,0.758
trp_00444,psg_0257,rte_rosslare_dunkirk,20241211,ctx_visiting_friends,prd_flexible_combi_ticket,chn_email_campaign,src_behavior_model_01,1,2,2,0,0,False,foot,49,True,288.42,50.79,339.21,True,False,0.753
trp_00445,psg_0257,rte_jersey_poole,20240821,ctx_family_holiday,prd_vehicle_crossing_basic,chn_call_center,src_behavior_model_01,2,2,2,0,0,False,foot,13,True,172.67,40.59,213.26,True,True,0.823
trp_00446,psg_0258,rte_amsterdam_newcastle,20240110,ctx_family_holiday,prd_standard_inside_cabin,chn_returning_portal,src_behavior_model_01,1,2,2,0,0,True,car,60,True,368.11,60.91,429.02,True,False,0.767
trp_00447,psg_0259,rte_dunkirk_dover,20241207,ctx_weekend_getaway,prd_basic_seat,chn_email_campaign,src_behavior_model_01,1,1,1,0,0,False,foot,15,False,47.37,36.98,84.35,True,False,0.893
trp_00448,psg_0260,rte_dunkirk_dover,20240213,ctx_transport,prd_vehicle_crossing_basic,chn_search_engine,src_behavior_model_01,1,4,4,0,0,True,car,14,True,266.31,48.15,314.46,True,False,0.916
trp_00449,psg_0260,rte_dunkirk_dover,20251008,ctx_family_holiday,prd_vehicle_crossing_basic,chn_website,src_behavior_model_01,2,1,1,0,0,True,van,17,True,109.3,31.21,140.51,True,True,0.866
trp_00450,psg_0260,rte_rosslare_dunkirk,20251116,ctx_visiting_friends,prd_vehicle_crossing_basic,chn_search_engine,src_behavior_model_01,3,3,3,0,0,True,bicycle,28,True,397.13,40.2,437.33,True,True,0.82
trp_00451,psg_0261,rte_rosslare_dunkirk,20251103,ctx_transport,prd_vehicle_crossing_basic,chn_website,src_behavior_model_01,1,4,1,3,0,True,car,45,True,621.46,75.32,696.78,True,False,0.88
trp_00452,psg_0261,rte_kapellskar_paldiski,20241012,ctx_transport,prd_family_cabin_package,chn_call_center,src_behavior_model_01,2,5,3,2,0,True,car,67,True,1212.89,80.05,1292.94,True,True,0.795
trp_00453,psg_0261,rte_rosslare_dunkirk,20250804,ctx_visiting_friends,prd_flexible_combi_ticket,chn_email_campaign,src_behavior_model_01,3,4,3,1,0,False,foot,87,True,550.75,61.18,611.93,True,True,0.833
trp_00454,psg_0262,rte_calais_dover,20250724,ctx_transport,prd_basic_seat,chn_search_engine,src_behavior_model_01,1,2,2,0,0,True,car,12,False,110.04,29.49,139.53,True,False,0.867
trp_00455,psg_0262,rte_calais_dover,20250226,ctx_transport,prd_basic_seat,chn_email_campaign,src_behavior_model_01,2,1,1,0,0,True,car,28,False,67.71,29.53,97.24,True,True,0.813
trp_00456,psg_0263,rte_rosslare_dunkirk,20250411,ctx_family_holiday,prd_family_cabin_package,chn_call_center,src_behavior_model_01,1,4,1,3,0,True,camper,57,True,808.59,76.61,885.2,True,False,0.855
trp_00457,psg_0263,rte_rosslare_dunkirk,20261101,ctx_visiting_friends,prd_mini_cruise_package,chn_travel_agency,src_behavior_model_01,2,4,1,3,0,True,car,55,True,873.54,91.97,965.51,True,True,0.828
trp_00458,psg_0263,rte_calais_dover,20240724,ctx_family_holiday,prd_vehicle_crossing_basic,chn_call_center,src_behavior_model_01,3,4,3,1,0,True,car,45,True,287.35,58.77,346.12,True,True,0.883
trp_00459,psg_0264,rte_calais_dover,20260226,ctx_visiting_friends,prd_family_cabin_package,chn_website,src_behavior_model_01,1,4,1,3,0,True,car,83,True,351.78,84.13,435.91,True,False,0.96
trp_00460,psg_0264,rte_dieppe_newhaven,20250927,ctx_family_holiday,prd_family_cabin_package,chn_call_center,src_behavior_model_01,2,3,2,1,0,True,van,76,True,299.39,80.37,379.76,True,True,0.913
trp_00461,psg_0264,rte_dunkirk_dover,20240830,ctx_family_holiday,prd_family_cabin_package,chn_call_center,src_behavior_model_01,3,4,3,1,0,True,bicycle,49,True,287.69,83.02,370.71,True,True,0.911
trp_00462,psg_0264,rte_dunkirk_dover,20240604,ctx_family_holiday,prd_flexible_combi_ticket,chn_mobile_app,src_behavior_model_01,4,3,2,1,0,True,camper,87,False,237.11,65.09,302.2,True,True,0.979
trp_00463,psg_0265,rte_calais_dover,20260130,ctx_family_holiday,prd_family_cabin_package,chn_email_campaign,src_behavior_model_01,1,5,1,4,0,True,car,70,True,436.93,91.26,528.19,True,False,0.963
trp_00464,psg_0265,rte_dunkirk_dover,20240716,ctx_visiting_friends,prd_vehicle_crossing_basic,chn_website,src_behavior_model_01,2,5,2,3,0,True,car,43,True,330.59,82.28,412.87,True,True,0.948
trp_00465,psg_0265,rte_jersey_portsmouth,20240917,ctx_family_holiday,prd_standard_inside_cabin,chn_website,src_behavior_model_01,3,3,2,1,0,False,foot,88,True,281.02,65.07,346.09,True,True,0.877
trp_00466,psg_0266,rte_rosslare_dunkirk,20240331,ctx_family_holiday,prd_flexible_combi_ticket,chn_call_center,src_behavior_model_01,1,3,2,1,0,True,van,43,True,514.85,66.57,581.42,True,False,0.809
trp_00467,psg_0267,rte_jersey_poole,20251115,ctx_shopping,prd_standard_inside_cabin,chn_website,src_behavior_model_01,1,5,1,4,0,False,foot,90,True,489.68,72.94,562.62,True,False,0.892
trp_00468,psg_0267,rte_dunkirk_dover,20240630,ctx_shopping,prd_standard_inside_cabin,chn_email_campaign,src_behavior_model_01,2,5,1,4,0,True,car,22,True,375.0,90.56,465.56,True,True,0.882
trp_00469,psg_0268,rte_calais_dover,20260412,ctx_shopping,prd_vehicle_crossing_basic,chn_email_campaign,src_behavior_model_01,1,3,3,0,0,False,foot,9,True,182.69,30.19,212.88,True,False,0.885
trp_00470,psg_0269,rte_amsterdam_newcastle,20240529,ctx_weekend_getaway,prd_pet_friendly_travel,chn_website,src_behavior_model_01,1,3,3,0,0,False,foot,63,True,433.8,70.1,503.9,True,False,0.827
trp_00471,psg_0269,rte_rosslare_dunkirk,20240328,ctx_visiting_friends,prd_commodore_cabin,chn_search_engine,src_behavior_model_01,2,3,2,1,0,False,foot,29,True,416.39,56.69,473.08,True,True,0.772
trp_00472,psg_0270,rte_kapellskar_paldiski,20260418,ctx_visiting_friends,prd_commodore_cabin,chn_website,src_behavior_model_01,1,2,2,0,0,False,foot,63,True,425.59,108.82,534.41,True,False,0.87
trp_00473,psg_0271,rte_dieppe_newhaven,20250304,ctx_family_holiday,prd_pet_friendly_travel,chn_website,src_behavior_model_01,1,3,3,0,0,True,car,58,True,231.61,67.72,299.33,True,False,0.912
trp_00474,psg_0271,rte_calais_dover,20261207,ctx_family_holiday,prd_pet_friendly_travel,chn_call_center,src_behavior_model_01,2,3,2,1,0,False,foot,73,True,191.24,54.51,245.75,True,True,0.871
trp_00475,psg_0272,rte_kapellskar_paldiski,20260118,ctx_weekend_getaway,prd_mini_cruise_package,chn_website,src_behavior_model_01,1,3,2,0,1,True,car,71,True,1023.83,128.62,1152.45,True,False,0.84
trp_00476,psg_0273,rte_karlshamn_klaipeda,20241211,ctx_mini_cruise,prd_commodore_cabin,chn_travel_agency,src_behavior_model_01,1,1,1,0,0,True,van,54,True,266.97,95.95,362.92,True,False,0.875
trp_00477,psg_0273,rte_amsterdam_newcastle,20250811,ctx_weekend_getaway,prd_commodore_cabin,chn_website,src_behavior_model_01,2,1,1,0,0,False,foot,87,True,209.52,99.54,309.06,True,True,0.947
trp_00478,psg_0274,rte_dieppe_newhaven,20240825,ctx_visiting_friends,prd_flexible_combi_ticket,chn_travel_agency,src_behavior_model_01,1,3,1,2,0,True,car,43,False,207.98,70.88,278.86,True,False,0.912
trp_00479,psg_0275,rte_dieppe_newhaven,20241116,ctx_weekend_getaway,prd_vehicle_crossing_basic,chn_search_engine,src_behavior_model_01,1,2,2,0,0,False,foot,10,True,101.69,28.71,130.4,True,False,0.885
trp_00480,psg_0275,rte_dieppe_newhaven,20251218,ctx_shopping,prd_basic_seat,chn_search_engine,src_behavior_model_01,2,1,1,0,0,False,foot,9,False,40.77,36.09,76.86,True,True,0.895
trp_00481,psg_0276,rte_dieppe_newhaven,20250301,ctx_visiting_friends,prd_family_cabin_package,chn_call_center,src_behavior_model_01,1,4,1,3,0,True,motorcycle,82,True,319.56,85.36,404.92,True,False,0.878
trp_00482,psg_0276,rte_dunkirk_dover,20240505,ctx_visiting_friends,prd_family_cabin_package,chn_website,src_behavior_model_01,2,4,2,2,0,True,bicycle,53,True,341.54,76.11,417.65,True,True,0.95
trp_00483,psg_0277,rte_rosslare_dunkirk,20250607,ctx_shopping,prd_flexible_combi_ticket,chn_email_campaign,src_behavior_model_01,1,5,1,4,0,True,car,63,True,700.31,72.03,772.34,True,False,0.857
trp_00484,psg_0278,rte_dunkirk_dover,20240525,ctx_weekend_getaway,prd_vehicle_crossing_basic,chn_search_engine,src_behavior_model_01,1,3,2,0,1,False,foot,7,True,139.15,43.1,182.25,True,False,0.819
trp_00485,psg_0278,rte_dunkirk_dover,20240821,ctx_shopping,prd_basic_seat,chn_search_engine,src_behavior_model_01,2,1,1,0,0,False,foot,30,False,43.62,28.25,71.87,True,True,0.878
trp_00486,psg_0278,rte_spain_morocco,20251031,ctx_weekend_getaway,prd_vehicle_crossing_basic,chn_website,src_behavior_model_01,3,3,3,0,0,True,motorcycle,25,True,314.15,29.08,343.23,True,True,0.796
trp_00487,psg_0279,rte_dunkirk_dover,20240105,ctx_family_holiday,prd_standard_inside_cabin,chn_website,src_behavior_model_01,1,3,2,1,0,True,car,26,True,246.05,72.61,318.66,True,False,0.86
trp_00488,psg_0279,rte_jersey_portsmouth,20260820,ctx_transport,prd_standard_inside_cabin,chn_website,src_behavior_model_01,2,5,4,1,0,False,foot,67,True,531.55,74.22,605.77,True,True,0.881
trp_00489,psg_0279,rte_jersey_poole,20250628,ctx_family_holiday,prd_standard_inside_cabin,chn_mobile_app,src_behavior_model_01,3,5,1,4,0,False,foot,45,True,462.9,80.53,543.43,True,True,0.883
trp_00490,psg_0280,rte_dieppe_newhaven,20250314,ctx_transport,prd_flexible_combi_ticket,chn_search_engine,src_behavior_model_01,1,1,1,0,0,False,foot,2,False,61.65,57.2,118.85,True,False,0.921
trp_00491,psg_0280,rte_amsterdam_newcastle,20240516,ctx_visiting_friends,prd_premium_lounge_pass,chn_returning_portal,src_behavior_model_01,2,1,1,0,0,True,car,4,True,261.93,66.7,328.63,True,True,0.888
trp_00492,psg_0280,rte_karlshamn_klaipeda,20240726,ctx_business,prd_basic_seat,chn_travel_agency,src_behavior_model_01,3,1,1,0,0,True,car,12,True,204.79,54.07,258.86,True,True,0.893
trp_00493,psg_0281,rte_dunkirk_dover,20260308,ctx_transport,prd_basic_seat,chn_search_engine,src_behavior_model_01,1,2,2,0,0,False,foot,5,False,75.62,32.38,108.0,True,False,0.913
trp_00494,psg_0282,rte_karlshamn_klaipeda,20250407,ctx_visiting_friends,prd_vehicle_crossing_basic,chn_call_center,src_behavior_model_01,1,3,3,0,0,False,foot,41,True,612.29,56.15,668.44,True,False,0.795
trp_00495,psg_0282,rte_dieppe_newhaven,20260222,ctx_transport,prd_pet_friendly_travel,chn_returning_portal,src_behavior_model_01,2,3,2,1,0,True,camper,31,True,271.16,56.34,327.5,True,True,0.883
trp_00496,psg_0283,rte_calais_dover,20261108,ctx_visiting_friends,prd_pet_friendly_travel,chn_call_center,src_behavior_model_01,1,3,2,1,0,True,car,11,True,218.18,61.95,280.13,True,False,0.902
trp_00497,psg_0284,rte_rosslare_dunkirk,20251111,ctx_transport,prd_flexible_combi_ticket,chn_search_engine,src_behavior_model_01,1,4,4,0,0,True,van,38,True,574.68,55.23,629.91,True,False,0.733
trp_00498,psg_0284,rte_dieppe_newhaven,20260725,ctx_family_holiday,prd_flexible_combi_ticket,chn_search_engine,src_behavior_model_01,2,3,2,0,1,True,van,26,False,232.17,55.95,288.12,True,True,0.824
trp_00499,psg_0285,rte_dunkirk_dover,20260320,ctx_transport,prd_flexible_combi_ticket,chn_search_engine,src_behavior_model_01,1,1,1,0,0,False,foot,8,False,70.86,43.94,114.8,True,False,0.842
trp_00500,psg_0285,rte_dieppe_newhaven,20240712,ctx_transport,prd_vehicle_crossing_basic,chn_call_center,src_behavior_model_01,2,1,1,0,0,True,van,32,True,111.37,38.05,149.42,True,True,0.858
trp_00501,psg_0286,rte_calais_dover,20240425,ctx_shopping,prd_basic_seat,chn_website,src_behavior_model_01,1,2,2,0,0,True,car,8,False,104.02,33.18,137.2,True,False,0.915
trp_00502,psg_0287,rte_dunkirk_dover,20251008,ctx_weekend_getaway,prd_sea_view_cabin,chn_returning_portal,src_behavior_model_01,1,2,2,0,0,False,foot,84,True,134.53,110.88,245.41,True,False,0.902
trp_00503,psg_0288,rte_karlshamn_klaipeda,20240101,ctx_family_holiday,prd_standard_inside_cabin,chn_website,src_behavior_model_01,1,3,1,2,0,True,bicycle,89,True,643.96,72.78,716.74,True,False,0.887
trp_00504,psg_0288,rte_rosslare_dunkirk,20250826,ctx_family_holiday,prd_flexible_combi_ticket,chn_website,src_behavior_model_01,2,5,3,2,0,True,car,51,True,746.06,79.79,825.85,True,True,0.832
trp_00505,psg_0289,rte_dieppe_newhaven,20250807,ctx_weekend_getaway,prd_standard_inside_cabin,chn_social_media,src_behavior_model_01,1,2,2,0,0,False,foot,5,True,117.23,30.8,148.03,True,False,0.886
trp_00506,psg_0290,rte_dunkirk_dover,20241129,ctx_event,prd_basic_seat,chn_search_engine,src_behavior_model_01,1,3,2,1,0,False,foot,15,False,124.51,38.8,163.31,True,False,0.877
trp_00507,psg_0291,rte_kapellskar_paldiski,20241223,ctx_family_holiday,prd_vehicle_crossing_basic,chn_mobile_app,src_behavior_model_01,1,4,1,3,0,True,bicycle,68,True,733.29,61.15,794.44,True,False,0.872
trp_00508,psg_0292,rte_amsterdam_newcastle,20241119,ctx_mini_cruise,prd_sea_view_cabin,chn_travel_agency,src_behavior_model_01,1,1,1,0,0,True,car,52,True,218.71,105.22,323.93,True,False,0.925
trp_00509,psg_0292,rte_kapellskar_paldiski,20260721,ctx_weekend_getaway,prd_commodore_cabin,chn_returning_portal,src_behavior_model_01,2,1,1,0,0,False,foot,24,True,229.78,95.75,325.53,True,True,0.896
trp_00510,psg_0292,rte_amsterdam_newcastle,20260411,ctx_weekend_getaway,prd_vehicle_crossing_basic,chn_call_center,src_behavior_model_01,3,2,2,0,0,True,car,22,True,356.79,81.1,437.89,True,True,0.972
trp_00511,psg_0292,rte_calais_dover,20240629,ctx_mini_cruise,prd_sea_view_cabin,chn_returning_portal,src_behavior_model_01,4,2,2,0,0,False,foot,58,True,145.88,93.67,239.55,True,True,0.927
trp_00512,psg_0293,rte_rosslare_dunkirk,20250126,ctx_visiting_friends,prd_flexible_combi_ticket,chn_website,src_behavior_model_01,1,5,2,3,0,True,car,76,True,719.36,76.05,795.41,True,False,0.824
trp_00513,psg_0294,rte_calais_dover,20251015,ctx_shopping,prd_vehicle_crossing_basic,chn_email_campaign,src_behavior_model_01,1,3,3,0,0,True,bicycle,13,True,161.96,39.19,201.15,True,False,0.903
trp_00514,psg_0295,rte_dieppe_newhaven,20260719,ctx_event,prd_flexible_combi_ticket,chn_mobile_app,src_behavior_model_01,1,1,1,0,0,False,foot,32,False,62.49,45.03,107.52,True,False,0.834
trp_00515,psg_0295,rte_dieppe_newhaven,20240524,ctx_weekend_getaway,prd_mini_cruise_package,chn_social_media,src_behavior_model_01,2,1,1,0,0,True,car,15,True,113.14,53.08,166.22,True,True,0.839
trp_00516,psg_0295,rte_jersey_poole,20250707,ctx_weekend_getaway,prd_flexible_combi_ticket,chn_social_media,src_behavior_model_01,3,3,3,0,0,False,foot,33,False,272.65,37.5,310.15,True,True,0.754
trp_00517,psg_0295,rte_dieppe_newhaven,20250510,ctx_weekend_getaway,prd_standard_inside_cabin,chn_mobile_app,src_behavior_model_01,4,2,2,0,0,False,foot,23,True,127.71,40.89,168.6,True,True,0.897
trp_00518,psg_0296,rte_dieppe_newhaven,20240729,ctx_weekend_getaway,prd_vehicle_crossing_basic,chn_search_engine,src_behavior_model_01,1,3,3,0,0,True,car,7,True,203.66,33.21,236.87,True,False,0.881
trp_00519,psg_0296,rte_calais_dover,20251022,ctx_shopping,prd_basic_seat,chn_website,src_behavior_model_01,2,3,3,0,0,False,foot,21,False,126.91,31.35,158.26,True,True,0.881
trp_00520,psg_0297,rte_jersey_stmalo,20250815,ctx_mini_cruise,prd_flexible_combi_ticket,chn_mobile_app,src_behavior_model_01,1,2,2,0,0,False,foot,24,True,183.1,50.84,233.94,True,False,0.75
trp_00521,psg_0297,rte_amsterdam_newcastle,20250323,ctx_mini_cruise,prd_standard_inside_cabin,chn_mobile_app,src_behavior_model_01,2,3,3,0,0,False,foot,32,True,498.93,60.22,559.15,True,True,0.8
trp_00522,psg_0297,rte_dieppe_newhaven,20251122,ctx_weekend_getaway,prd_standard_inside_cabin,chn_website,src_behavior_model_01,3,3,3,0,0,False,foot,6,True,214.54,58.88,273.42,True,True,0.831
trp_00523,psg_0298,rte_dieppe_newhaven,20260720,ctx_transport,prd_vehicle_crossing_basic,chn_email_campaign,src_behavior_model_01,1,1,1,0,0,False,foot,22,True,60.25,29.93,90.18,True,False,0.883
trp_00524,psg_0299,rte_kiel_klaipeda,20241011,ctx_visiting_friends,prd_commodore_cabin,chn_search_engine,src_behavior_model_01,1,3,3,0,0,True,bicycle,17,True,700.44,54.92,755.36,True,False,0.793
trp_00525,psg_0299,rte_dieppe_newhaven,20250112,ctx_transport,prd_vehicle_crossing_basic,chn_website,src_behavior_model_01,2,4,3,0,1,True,car,38,True,267.5,60.68,328.18,True,True,0.91
trp_00526,psg_0299,rte_dunkirk_dover,20260806,ctx_family_holiday,prd_vehicle_crossing_basic,chn_travel_agency,src_behavior_model_01,3,2,2,0,0,True,motorcycle,30,True,149.43,44.27,193.7,True,True,0.848
trp_00527,psg_0300,rte_dunkirk_dover,20240410,ctx_transport,prd_vehicle_crossing_basic,chn_search_engine,src_behavior_model_01,1,3,3,0,0,False,foot,2,True,141.72,46.61,188.33,True,False,0.902
trp_00528,psg_0300,rte_jersey_stmalo,20240625,ctx_transport,prd_basic_seat,chn_search_engine,src_behavior_model_01,2,2,2,0,0,False,foot,29,True,151.23,25.72,176.95,True,True,0.794
trp_00529,psg_0301,rte_amsterdam_newcastle,20240304,ctx_mini_cruise,prd_mini_cruise_package,chn_mobile_app,src_behavior_model_01,1,1,1,0,0,True,van,9,True,312.56,63.81,376.37,True,False,0.833
trp_00530,psg_0301,rte_amsterdam_newcastle,20250404,ctx_weekend_getaway,prd_basic_seat,chn_mobile_app,src_behavior_model_01,2,2,2,0,0,True,car,16,True,310.19,38.21,348.4,True,True,0.775
trp_00531,psg_0302,rte_dunkirk_dover,20240814,ctx_family_holiday,prd_vehicle_crossing_basic,chn_email_campaign,src_behavior_model_01,1,3,2,1,0,True,van,69,True,228.43,67.02,295.45,True,False,0.871
trp_00532,psg_0303,rte_amsterdam_newcastle,20260702,ctx_event,prd_flexible_combi_ticket,chn_returning_portal,src_behavior_model_01,1,1,1,0,0,False,foot,13,True,179.41,44.71,224.12,True,False,0.885
trp_00533,psg_0303,rte_dunkirk_dover,20260920,ctx_event,prd_basic_seat,chn_returning_portal,src_behavior_model_01,2,2,2,0,0,True,bicycle,9,False,117.61,55.67,173.28,True,True,0.931
trp_00534,psg_0304,rte_rosslare_dunkirk,20240502,ctx_weekend_getaway,prd_sea_view_cabin,chn_website,src_behavior_model_01,1,2,2,0,0,False,foot,23,True,306.38,103.71,410.09,True,False,0.784
trp_00535,psg_0304,rte_amsterdam_newcastle,20260808,ctx_weekend_getaway,prd_sea_view_cabin,chn_call_center,src_behavior_model_01,2,3,3,0,0,False,foot,18,True,526.88,113.66,640.54,True,True,0.883
trp_00536,psg_0304,rte_kiel_klaipeda,20250417,ctx_mini_cruise,prd_commodore_cabin,chn_website,src_behavior_model_01,3,3,3,0,0,True,bicycle,88,True,664.13,94.17,758.3,True,True,0.808
trp_00537,psg_0304,rte_amsterdam_newcastle,20250709,ctx_weekend_getaway,prd_premium_lounge_pass,chn_returning_portal,src_behavior_model_01,4,2,2,0,0,False,foot,14,True,500.46,109.16,609.62,True,True,0.928
trp_00538,psg_0305,rte_dieppe_newhaven,20241218,ctx_family_holiday,prd_standard_inside_cabin,chn_email_campaign,src_behavior_model_01,1,4,3,1,0,True,car,56,True,323.83,86.12,409.95,True,False,0.925
trp_00539,psg_0306,rte_karlshamn_klaipeda,20251130,ctx_family_holiday,prd_pet_friendly_travel,chn_website,src_behavior_model_01,1,3,3,0,0,False,foot,59,True,589.88,65.64,655.52,True,False,0.831
trp_00540,psg_0307,rte_spain_morocco,20250725,ctx_event,prd_vehicle_crossing_basic,chn_website,src_behavior_model_01,1,2,2,0,0,True,bicycle,18,True,208.08,38.19,246.27,True,False,0.757
trp_00541,psg_0307,rte_dunkirk_dover,20240905,ctx_shopping,prd_basic_seat,chn_search_engine,src_behavior_model_01,2,1,1,0,0,False,foot,13,False,45.25,19.09,64.34,True,True,0.833
trp_00542,psg_0307,rte_morocco_spain,20241015,ctx_shopping,prd_basic_seat,chn_search_engine,src_behavior_model_01,3,2,2,0,0,False,foot,29,False,157.09,21.56,178.65,True,True,0.75
trp_00543,psg_0307,rte_spain_morocco,20240115,ctx_weekend_getaway,prd_vehicle_crossing_basic,chn_search_engine,src_behavior_model_01,4,3,1,1,1,False,foot,10,True,282.13,43.79,325.92,True,True,0.742
trp_00544,psg_0307,rte_dunkirk_dover,20240311,ctx_weekend_getaway,prd_vehicle_crossing_basic,chn_website,src_behavior_model_01,5,4,4,0,0,False,foot,10,True,226.49,31.32,257.81,True,True,0.875
trp_00545,psg_0308,rte_dieppe_newhaven,20241003,ctx_business,prd_premium_lounge_pass,chn_website,src_behavior_model_01,1,2,2,0,0,False,foot,8,True,182.35,53.8,236.15,True,False,0.961
trp_00546,psg_0308,rte_karlshamn_klaipeda,20240822,ctx_transport,prd_flexible_combi_ticket,chn_search_engine,src_behavior_model_01,2,2,2,0,0,False,foot,1,True,370.44,54.3,424.74,True,True,0.803
trp_00547,psg_0308,rte_dunkirk_dover,20250507,ctx_business,prd_flexible_combi_ticket,chn_website,src_behavior_model_01,3,1,1,0,0,True,car,1,False,89.43,54.42,143.85,True,True,0.931
trp_00548,psg_0309,rte_jersey_stmalo,20240506,ctx_transport,prd_vehicle_crossing_basic,chn_website,src_behavior_model_01,1,3,2,1,0,False,foot,21,True,274.2,35.19,309.39,True,False,0.768
trp_00549,psg_0310,rte_amsterdam_newcastle,20250609,ctx_weekend_getaway,prd_mini_cruise_package,chn_travel_agency,src_behavior_model_01,1,3,3,0,0,True,car,25,True,856.06,114.45,970.51,True,False,0.873
trp_00550,psg_0310,rte_trelleborg_klaipeda,20250419,ctx_weekend_getaway,prd_standard_inside_cabin,chn_returning_portal,src_behavior_model_01,2,1,1,0,0,False,foot,54,True,219.22,103.44,322.66,True,True,0.884
trp_00551,psg_0311,rte_dunkirk_dover,20240708,ctx_weekend_getaway,prd_premium_lounge_pass,chn_travel_agency,src_behavior_model_01,1,1,1,0,0,False,foot,45,True,97.62,96.41,194.03,True,False,0.909
trp_00552,psg_0312,rte_karlshamn_klaipeda,20260914,ctx_mini_cruise,prd_standard_inside_cabin,chn_mobile_app,src_behavior_model_01,1,1,1,0,0,False,foot,12,True,213.98,41.64,255.62,True,False,0.771
trp_00553,psg_0312,rte_dieppe_newhaven,20240127,ctx_mini_cruise,prd_flexible_combi_ticket,chn_search_engine,src_behavior_model_01,2,2,2,0,0,True,car,33,False,140.36,48.35,188.71,True,True,0.916
trp_00554,psg_0313,rte_amsterdam_newcastle,20260924,ctx_weekend_getaway,prd_standard_inside_cabin,chn_website,src_behavior_model_01,1,2,2,0,0,True,car,52,True,404.99,101.86,506.85,True,False,0.946
trp_00555,psg_0313,rte_amsterdam_newcastle,20250315,ctx_weekend_getaway,prd_sea_view_cabin,chn_returning_portal,src_behavior_model_01,2,1,1,0,0,True,car,82,True,207.18,87.04,294.22,True,True,0.93
trp_00556,psg_0314,rte_rosslare_dunkirk,20241114,ctx_visiting_friends,prd_standard_inside_cabin,chn_email_campaign,src_behavior_model_01,1,5,1,4,0,False,foot,79,True,703.67,88.7,792.37,True,False,0.861
trp_00557,psg_0315,rte_dunkirk_dover,20241006,ctx_transport,prd_vehicle_crossing_basic,chn_search_engine,src_behavior_model_01,1,2,2,0,0,True,car,43,True,148.8,53.46,202.26,True,False,0.823
trp_00558,psg_0315,rte_dunkirk_dover,20250911,ctx_transport,prd_vehicle_crossing_basic,chn_website,src_behavior_model_01,2,2,2,0,0,True,van,60,True,165.04,45.38,210.42,True,True,0.834
trp_00559,psg_0316,rte_calais_dover,20250711,ctx_shopping,prd_mini_cruise_package,chn_social_media,src_behavior_model_01,1,1,1,0,0,True,car,20,True,107.37,60.94,168.31,True,False,0.862
trp_00560,psg_0317,rte_calais_dover,20260330,ctx_transport,prd_flexible_combi_ticket,chn_call_center,src_behavior_model_01,1,1,1,0,0,True,bicycle,13,False,76.05,56.71,132.76,True,False,0.886
trp_00561,psg_0317,rte_calais_dover,20261226,ctx_transport,prd_flexible_combi_ticket,chn_call_center,src_behavior_model_01,2,2,2,0,0,False,foot,9,False,131.9,40.11,172.01,True,True,0.923
trp_00562,psg_0317,rte_kiel_klaipeda,20260725,ctx_visiting_friends,prd_mini_cruise_package,chn_website,src_behavior_model_01,3,2,2,0,0,True,car,4,True,645.57,68.5,714.07,True,True,0.797
trp_00563,psg_0318,rte_dunkirk_dover,20260312,ctx_family_holiday,prd_flexible_combi_ticket,chn_search_engine,src_behavior_model_01,1,1,1,0,0,False,foot,26,False,61.44,47.36,108.8,True,False,0.875
trp_00564,psg_0318,rte_kiel_klaipeda,20241007,ctx_transport,prd_commodore_cabin,chn_search_engine,src_behavior_model_01,2,2,2,0,0,False,foot,60,True,403.73,53.72,457.45,True,True,0.847
trp_00565,psg_0318,rte_dieppe_newhaven,20250510,ctx_transport,prd_vehicle_crossing_basic,chn_travel_agency,src_behavior_model_01,3,1,1,0,0,True,car,45,True,100.54,29.63,130.17,True,True,0.877
trp_00566,psg_0319,rte_amsterdam_newcastle,20240629,ctx_visiting_friends,prd_mini_cruise_package,chn_call_center,src_behavior_model_01,1,1,1,0,0,False,foot,29,True,252.68,103.79,356.47,True,False,0.854
trp_00567,psg_0320,rte_calais_dover,20251012,ctx_weekend_getaway,prd_vehicle_crossing_basic,chn_search_engine,src_behavior_model_01,1,3,3,0,0,True,car,3,True,208.99,27.91,236.9,True,False,0.821
trp_00568,psg_0320,rte_dunkirk_dover,20250811,ctx_transport,prd_vehicle_crossing_basic,chn_website,src_behavior_model_01,2,1,1,0,0,False,foot,9,True,62.53,20.67,83.2,True,True,0.872
trp_00569,psg_0321,rte_amsterdam_newcastle,20250802,ctx_business,prd_flexible_combi_ticket,chn_search_engine,src_behavior_model_01,1,1,1,0,0,False,foot,8,True,169.04,57.31,226.35,True,False,0.807
trp_00570,psg_0321,rte_rosslare_dunkirk,20250614,ctx_business,prd_flexible_combi_ticket,chn_travel_agency,src_behavior_model_01,2,1,1,0,0,False,foot,13,True,151.01,38.68,189.69,True,True,0.847
trp_00571,psg_0321,rte_dieppe_newhaven,20251113,ctx_visiting_friends,prd_premium_lounge_pass,chn_returning_portal,src_behavior_model_01,3,2,2,0,0,False,foot,7,True,190.15,67.31,257.46,True,True,0.874
trp_00572,psg_0322,rte_dunkirk_dover,20240303,ctx_business,prd_flexible_combi_ticket,chn_website,src_behavior_model_01,1,1,1,0,0,False,foot,1,False,68.01,47.04,115.05,True,False,0.871
trp_00573,psg_0322,rte_karlshamn_klaipeda,20240401,ctx_transport,prd_standard_inside_cabin,chn_travel_agency,src_behavior_model_01,2,1,1,0,0,True,motorcycle,9,True,218.95,48.58,267.53,True,True,0.866
trp_00574,psg_0322,rte_dieppe_newhaven,20260902,ctx_event,prd_basic_seat,chn_website,src_behavior_model_01,3,2,2,0,0,False,foot,5,False,101.79,58.32,160.11,True,True,0.939
trp_00575,psg_0322,rte_trelleborg_klaipeda,20261029,ctx_business,prd_flexible_combi_ticket,chn_returning_portal,src_behavior_model_01,4,1,1,0,0,False,foot,8,True,216.03,36.66,252.69,True,True,0.866
trp_00576,psg_0322,rte_karlshamn_klaipeda,20250124,ctx_business,prd_premium_lounge_pass,chn_search_engine,src_behavior_model_01,5,2,2,0,0,False,foot,3,True,496.02,64.3,560.32,True,True,0.893
trp_00577,psg_0323,rte_dieppe_newhaven,20250518,ctx_mini_cruise,prd_sea_view_cabin,chn_travel_agency,src_behavior_model_01,1,1,0,0,1,False,foot,65,True,73.58,78.41,151.99,True,False,0.922
trp_00578,psg_0323,rte_calais_dover,20260817,ctx_event,prd_mini_cruise_package,chn_website,src_behavior_model_01,2,2,0,0,2,False,foot,100,True,183.53,98.2,281.73,True,True,0.845
trp_00579,psg_0324,rte_calais_dover,20261206,ctx_transport,prd_standard_inside_cabin,chn_website,src_behavior_model_01,1,1,1,0,0,True,van,26,True,132.72,49.51,182.23,True,False,0.927
trp_00580,psg_0324,rte_dunkirk_dover,20250407,ctx_transport,prd_standard_inside_cabin,chn_website,src_behavior_model_01,2,4,4,0,0,False,foot,60,True,267.06,61.66,328.72,True,True,0.84
trp_00581,psg_0325,rte_dunkirk_dover,20260128,ctx_weekend_getaway,prd_vehicle_crossing_basic,chn_website,src_behavior_model_01,1,2,2,0,0,True,car,77,True,173.88,81.85,255.73,True,False,0.953
trp_00582,psg_0325,rte_kiel_klaipeda,20240909,ctx_mini_cruise,prd_sea_view_cabin,chn_website,src_behavior_model_01,2,1,1,0,0,False,foot,78,True,215.99,91.11,307.1,True,True,0.877
trp_00583,psg_0325,rte_dieppe_newhaven,20250404,ctx_weekend_getaway,prd_sea_view_cabin,chn_returning_portal,src_behavior_model_01,3,2,2,0,0,False,foot,26,True,162.11,107.48,269.59,True,True,0.979
trp_00584,psg_0326,rte_calais_dover,20240406,ctx_visiting_friends,prd_family_cabin_package,chn_website,src_behavior_model_01,1,5,3,2,0,False,foot,20,True,391.23,88.79,480.02,True,False,0.897
trp_00585,psg_0326,rte_rosslare_dunkirk,20260814,ctx_visiting_friends,prd_standard_inside_cabin,chn_website,src_behavior_model_01,2,4,3,1,0,True,bicycle,39,True,710.14,68.44,778.58,True,True,0.793
trp_00586,psg_0327,rte_kiel_klaipeda,20261018,ctx_weekend_getaway,prd_commodore_cabin,chn_website,src_behavior_model_01,1,1,1,0,0,True,camper,26,True,268.01,95.92,363.93,True,False,0.851
trp_00587,psg_0327,rte_trelleborg_klaipeda,20240715,ctx_visiting_friends,prd_vehicle_crossing_basic,chn_call_center,src_behavior_model_01,2,2,2,0,0,True,camper,20,True,475.18,96.28,571.46,True,True,0.867
trp_00588,psg_0327,rte_amsterdam_newcastle,20250217,ctx_weekend_getaway,prd_premium_lounge_pass,chn_call_center,src_behavior_model_01,3,1,1,0,0,False,foot,57,True,263.72,112.54,376.26,True,True,0.887
trp_00589,psg_0327,rte_kiel_klaipeda,20250730,ctx_visiting_friends,prd_mini_cruise_package,chn_returning_portal,src_behavior_model_01,4,1,1,0,0,True,bicycle,21,True,308.63,117.27,425.9,True,True,0.866
trp_00590,psg_0327,rte_trelleborg_klaipeda,20261116,ctx_mini_cruise,prd_sea_view_cabin,chn_website,src_behavior_model_01,5,1,1,0,0,True,car,89,True,246.15,98.2,344.35,True,True,0.856
trp_00591,psg_0328,rte_dunkirk_dover,20240830,ctx_shopping,prd_basic_seat,chn_search_engine,src_behavior_model_01,1,4,4,0,0,False,foot,11,False,154.37,31.19,185.56,True,False,0.876
trp_00592,psg_0328,rte_jersey_poole,20261105,ctx_weekend_getaway,prd_vehicle_crossing_basic,chn_website,src_behavior_model_01,2,1,1,0,0,False,foot,11,True,72.28,32.89,105.17,True,True,0.753
trp_00593,psg_0328,rte_jersey_stmalo,20260715,ctx_shopping,prd_commodore_cabin,chn_social_media,src_behavior_model_01,3,4,4,0,0,False,foot,13,True,337.19,45.8,382.99,True,True,0.832
trp_00594,psg_0329,rte_dieppe_newhaven,20251104,ctx_family_holiday,prd_standard_inside_cabin,chn_call_center,src_behavior_model_01,1,2,2,0,0,True,car,56,True,159.18,69.03,228.21,True,False,0.894
trp_00595,psg_0329,rte_jersey_stmalo,20250510,ctx_family_holiday,prd_pet_friendly_travel,chn_website,src_behavior_model_01,2,3,3,0,0,False,foot,37,True,276.77,68.84,345.61,True,True,0.754
trp_00596,psg_0330,rte_dieppe_newhaven,20240821,ctx_shopping,prd_basic_seat,chn_website,src_behavior_model_01,1,1,1,0,0,False,foot,11,False,44.87,29.79,74.66,True,False,0.875
trp_00597,psg_0330,rte_calais_dover,20260610,ctx_weekend_getaway,prd_vehicle_crossing_basic,chn_website,src_behavior_model_01,2,1,1,0,0,True,car,13,True,87.73,20.89,108.62,True,True,0.919
trp_00598,psg_0331,rte_dieppe_newhaven,20260310,ctx_family_holiday,prd_standard_inside_cabin,chn_website,src_behavior_model_01,1,3,2,1,0,True,camper,43,True,256.8,83.34,340.14,True,False,0.897
trp_00599,psg_0331,rte_calais_dover,20241006,ctx_family_holiday,prd_vehicle_crossing_basic,chn_website,src_behavior_model_01,2,3,1,2,0,True,motorcycle,29,True,187.28,72.61,259.89,True,True,0.898
trp_00600,psg_0331,rte_dunkirk_dover,20260911,ctx_visiting_friends,prd_vehicle_crossing_basic,chn_website,src_behavior_model_01,3,4,2,2,0,True,camper,86,True,332.76,71.62,404.38,True,True,0.92
trp_00601,psg_0332,rte_dunkirk_dover,20251014,ctx_weekend_getaway,prd_flexible_combi_ticket,chn_search_engine,src_behavior_model_01,1,2,2,0,0,True,car,27,False,138.0,27.53,165.53,True,False,0.845
trp_00602,psg_0332,rte_jersey_portsmouth,20240707,ctx_weekend_getaway,prd_vehicle_crossing_basic,chn_email_campaign,src_behavior_model_01,2,3,1,1,1,False,foot,5,True,256.58,36.0,292.58,True,True,0.773
trp_00603,psg_0333,rte_trelleborg_klaipeda,20240605,ctx_family_holiday,prd_pet_friendly_travel,chn_call_center,src_behavior_model_01,1,3,2,1,0,True,van,66,True,620.55,51.77,672.32,True,False,0.766
trp_00604,psg_0334,rte_dunkirk_dover,20240227,ctx_business,prd_flexible_combi_ticket,chn_returning_portal,src_behavior_model_01,1,1,1,0,0,False,foot,9,False,63.64,45.57,109.21,True,False,0.908
trp_00605,psg_0334,rte_dunkirk_dover,20240925,ctx_business,prd_flexible_combi_ticket,chn_website,src_behavior_model_01,2,1,1,0,0,True,car,3,False,97.22,52.21,149.43,True,True,0.917
trp_00606,psg_0334,rte_dieppe_newhaven,20250413,ctx_business,prd_standard_inside_cabin,chn_travel_agency,src_behavior_model_01,3,1,1,0,0,True,car,7,True,107.25,63.04,170.29,True,True,0.947
trp_00607,psg_0335,rte_dieppe_newhaven,20261018,ctx_mini_cruise,prd_premium_lounge_pass,chn_travel_agency,src_behavior_model_01,1,2,0,0,2,True,motorcycle,120,True,210.85,94.96,305.81,True,False,0.854
trp_00608,psg_0336,rte_calais_dover,20250608,ctx_family_holiday,prd_flexible_combi_ticket,chn_call_center,src_behavior_model_01,1,4,4,0,0,True,car,23,False,273.31,50.87,324.18,True,False,0.903
trp_00609,psg_0336,rte_dieppe_newhaven,20260824,ctx_transport,prd_flexible_combi_ticket,chn_travel_agency,src_behavior_model_01,2,4,4,0,0,True,car,8,False,264.05,54.49,318.54,True,True,0.839
trp_00610,psg_0336,rte_rosslare_dunkirk,20250616,ctx_shopping,prd_vehicle_crossing_basic,chn_search_engine,src_behavior_model_01,3,2,2,0,0,True,car,48,True,281.65,35.04,316.69,True,True,0.748
trp_00611,psg_0337,rte_calais_dover,20251024,ctx_family_holiday,prd_standard_inside_cabin,chn_mobile_app,src_behavior_model_01,1,4,3,1,0,False,foot,83,True,281.57,73.77,355.34,True,False,0.905
trp_00612,psg_0337,rte_dieppe_newhaven,20250421,ctx_family_holiday,prd_family_cabin_package,chn_website,src_behavior_model_01,2,5,4,1,0,True,van,17,True,395.98,76.62,472.6,True,True,0.968
trp_00613,psg_0338,rte_dieppe_newhaven,20240725,ctx_visiting_friends,prd_commodore_cabin,chn_travel_agency,src_behavior_model_01,1,2,2,0,0,False,foot,83,True,135.01,89.39,224.4,True,False,0.863
trp_00614,psg_0338,rte_amsterdam_newcastle,20240415,ctx_visiting_friends,prd_standard_inside_cabin,chn_travel_agency,src_behavior_model_01,2,1,1,0,0,False,foot,15,True,185.23,104.93,290.16,True,True,0.973
trp_00615,psg_0339,rte_calais_dover,20250919,ctx_family_holiday,prd_standard_inside_cabin,chn_website,src_behavior_model_01,1,2,2,0,0,True,car,66,True,187.65,60.95,248.6,True,False,0.862
trp_00616,psg_0340,rte_dieppe_newhaven,20241222,ctx_transport,prd_vehicle_crossing_basic,chn_website,src_behavior_model_01,1,1,1,0,0,True,car,28,True,83.01,34.26,117.27,True,False,0.928
trp_00617,psg_0340,rte_dieppe_newhaven,20240630,ctx_weekend_getaway,prd_vehicle_crossing_basic,chn_search_engine,src_behavior_model_01,2,4,3,1,0,False,foot,9,True,200.66,46.91,247.57,True,True,0.852
trp_00618,psg_0340,rte_dieppe_newhaven,20250518,ctx_transport,prd_basic_seat,chn_website,src_behavior_model_01,3,3,3,0,0,False,foot,8,False,128.48,31.69,160.17,True,True,0.881
trp_00619,psg_0341,rte_dieppe_newhaven,20260802,ctx_weekend_getaway,prd_standard_inside_cabin,chn_social_media,src_behavior_model_01,1,2,2,0,0,False,foot,26,True,133.88,53.21,187.09,True,False,0.9
trp_00620,psg_0342,rte_kiel_klaipeda,20260717,ctx_visiting_friends,prd_sea_view_cabin,chn_email_campaign,src_behavior_model_01,1,2,2,0,0,True,van,57,True,498.49,65.75,564.24,True,False,0.823
trp_00621,psg_0343,rte_karlshamn_klaipeda,20240718,ctx_family_holiday,prd_flexible_combi_ticket,chn_travel_agency,src_behavior_model_01,1,3,1,2,0,True,car,35,True,689.73,61.49,751.22,True,False,0.809
trp_00622,psg_0343,rte_calais_dover,20261205,ctx_family_holiday,prd_flexible_combi_ticket,chn_call_center,src_behavior_model_01,2,3,2,1,0,False,foot,18,False,211.84,75.81,287.65,True,True,0.887
trp_00623,psg_0343,rte_dieppe_newhaven,20251109,ctx_visiting_friends,prd_standard_inside_cabin,chn_website,src_behavior_model_01,3,3,2,1,0,False,foot,34,True,223.82,69.16,292.98,True,True,0.931
trp_00624,psg_0343,rte_dieppe_newhaven,20240529,ctx_family_holiday,prd_flexible_combi_ticket,chn_travel_agency,src_behavior_model_01,4,4,2,2,0,True,van,56,False,264.14,62.32,326.46,True,True,0.95
trp_00625,psg_0343,rte_dieppe_newhaven,20250402,ctx_shopping,prd_family_cabin_package,chn_website,src_behavior_model_01,5,3,1,2,0,True,car,22,True,260.48,71.89,332.37,True,True,0.969
trp_00626,psg_0343,rte_dieppe_newhaven,20250517,ctx_family_holiday,prd_family_cabin_package,chn_website,src_behavior_model_01,6,5,4,1,0,False,foot,43,True,411.2,82.77,493.97,True,True,0.872
trp_00627,psg_0344,rte_amsterdam_newcastle,20260726,ctx_weekend_getaway,prd_flexible_combi_ticket,chn_returning_portal,src_behavior_model_01,1,3,3,0,0,True,car,68,True,504.92,101.63,606.55,True,False,0.874
trp_00628,psg_0345,rte_calais_dover,20241018,ctx_mini_cruise,prd_mini_cruise_package,chn_travel_agency,src_behavior_model_01,1,1,0,0,1,True,van,66,True,140.77,90.94,231.71,True,False,0.893
trp_00629,psg_0345,rte_dunkirk_dover,20251203,ctx_mini_cruise,prd_mini_cruise_package,chn_travel_agency,src_behavior_model_01,2,2,2,0,0,True,car,83,True,244.93,111.58,356.51,True,True,0.92
trp_00630,psg_0346,rte_karlshamn_klaipeda,20240531,ctx_weekend_getaway,prd_commodore_cabin,chn_returning_portal,src_behavior_model_01,1,1,1,0,0,True,van,55,True,284.8,103.33,388.13,True,False,0.864
trp_00631,psg_0347,rte_kiel_klaipeda,20250817,ctx_weekend_getaway,prd_standard_inside_cabin,chn_travel_agency,src_behavior_model_01,1,2,2,0,0,False,foot,87,True,409.29,96.79,506.08,True,False,0.804
trp_00632,psg_0347,rte_amsterdam_newcastle,20240502,ctx_mini_cruise,prd_premium_lounge_pass,chn_travel_agency,src_behavior_model_01,2,3,3,0,0,False,foot,69,True,737.98,104.17,842.15,True,True,0.893
trp_00633,psg_0348,rte_morocco_spain,20240805,ctx_weekend_getaway,prd_vehicle_crossing_basic,chn_search_engine,src_behavior_model_01,1,2,2,0,0,False,foot,27,True,213.12,31.06,244.18,True,False,0.787
trp_00634,psg_0348,rte_calais_dover,20240708,ctx_weekend_getaway,prd_vehicle_crossing_basic,chn_search_engine,src_behavior_model_01,2,3,3,0,0,True,car,27,True,204.77,33.08,237.85,True,True,0.88
trp_00635,psg_0349,rte_amsterdam_newcastle,20260330,ctx_mini_cruise,prd_mini_cruise_package,chn_website,src_behavior_model_01,1,2,2,0,0,True,motorcycle,91,True,520.62,102.29,622.91,True,False,0.859
trp_00636,psg_0349,rte_kapellskar_paldiski,20260521,ctx_event,prd_premium_lounge_pass,chn_website,src_behavior_model_01,2,1,0,0,1,False,foot,22,True,257.42,79.53,336.95,True,True,0.825
trp_00637,psg_0350,rte_amsterdam_newcastle,20250401,ctx_business,prd_sea_view_cabin,chn_returning_portal,src_behavior_model_01,1,2,2,0,0,False,foot,1,True,401.27,65.04,466.31,True,False,0.896
trp_00638,psg_0351,rte_calais_dover,20251102,ctx_mini_cruise,prd_standard_inside_cabin,chn_mobile_app,src_behavior_model_01,1,1,1,0,0,True,car,26,True,109.71,37.55,147.26,True,False,0.902
trp_00639,psg_0352,rte_jersey_stmalo,20240525,ctx_weekend_getaway,prd_basic_seat,chn_mobile_app,src_behavior_model_01,1,3,2,1,0,False,foot,12,True,229.71,29.99,259.7,True,False,0.785
trp_00640,psg_0353,rte_amsterdam_newcastle,20260710,ctx_transport,prd_premium_lounge_pass,chn_travel_agency,src_behavior_model_01,1,1,1,0,0,False,foot,5,True,248.53,51.49,300.02,True,False,0.806
trp_00641,psg_0354,rte_jersey_portsmouth,20240724,ctx_family_holiday,prd_family_cabin_package,chn_email_campaign,src_behavior_model_01,1,4,2,2,0,False,foot,42,True,385.76,84.16,469.92,True,False,0.861
trp_00642,psg_0354,rte_calais_dover,20241006,ctx_visiting_friends,prd_family_cabin_package,chn_mobile_app,src_behavior_model_01,2,5,4,1,0,False,foot,26,True,435.06,94.09,529.15,True,True,0.907
trp_00643,psg_0355,rte_amsterdam_newcastle,20250322,ctx_weekend_getaway,prd_commodore_cabin,chn_call_center,src_behavior_model_01,1,2,1,0,1,True,camper,75,True,451.35,90.3,541.65,True,False,0.913
trp_00644,psg_0356,rte_dunkirk_dover,20260610,ctx_shopping,prd_flexible_combi_ticket,chn_call_center,src_behavior_model_01,1,4,4,0,0,True,car,60,False,296.59,63.95,360.54,True,False,0.912
trp_00645,psg_0356,rte_rosslare_dunkirk,20250605,ctx_transport,prd_vehicle_crossing_basic,chn_website,src_behavior_model_01,2,3,2,0,1,True,van,56,True,493.15,42.44,535.59,True,True,0.77
trp_00646,psg_0356,rte_dunkirk_dover,20241117,ctx_transport,prd_pet_friendly_travel,chn_website,src_behavior_model_01,3,3,3,0,0,True,car,24,True,231.07,52.56,283.63,True,True,0.893
trp_00647,psg_0357,rte_amsterdam_newcastle,20240104,ctx_event,prd_mini_cruise_package,chn_travel_agency,src_behavior_model_01,1,2,2,0,0,False,foot,82,True,517.92,112.37,630.29,True,False,0.899
trp_00648,psg_0357,rte_amsterdam_newcastle,20240124,ctx_mini_cruise,prd_mini_cruise_package,chn_call_center,src_behavior_model_01,2,1,1,0,0,False,foot,27,True,264.82,103.96,368.78,True,True,0.847
trp_00649,psg_0357,rte_dieppe_newhaven,20260918,ctx_mini_cruise,prd_mini_cruise_package,chn_website,src_behavior_model_01,3,2,1,0,1,False,foot,31,True,190.94,108.74,299.68,True,True,0.875
trp_00650,psg_0358,rte_dieppe_newhaven,20260724,ctx_shopping,prd_vehicle_crossing_basic,chn_search_engine,src_behavior_model_01,1,2,2,0,0,False,foot,42,True,127.0,36.38,163.38,True,False,0.921
trp_00651,psg_0358,rte_spain_morocco,20260429,ctx_shopping,prd_pet_friendly_travel,chn_search_engine,src_behavior_model_01,2,1,1,0,0,True,car,51,True,152.36,43.43,195.79,True,True,0.75
trp_00652,psg_0359,rte_amsterdam_newcastle,20260717,ctx_weekend_getaway,prd_standard_inside_cabin,chn_mobile_app,src_behavior_model_01,1,3,3,0,0,False,foot,5,True,513.87,59.79,573.66,True,False,0.77
trp_00653,psg_0359,rte_dieppe_newhaven,20250327,ctx_weekend_getaway,prd_mini_cruise_package,chn_social_media,src_behavior_model_01,2,3,3,0,0,True,car,10,True,320.06,76.7,396.76,True,True,0.876
trp_00654,psg_0359,rte_dieppe_newhaven,20260507,ctx_mini_cruise,prd_vehicle_crossing_basic,chn_search_engine,src_behavior_model_01,3,3,2,1,0,True,car,35,True,205.72,38.07,243.79,True,True,0.901
trp_00655,psg_0360,rte_kiel_klaipeda,20260120,ctx_mini_cruise,prd_standard_inside_cabin,chn_call_center,src_behavior_model_01,1,1,0,0,1,False,foot,102,True,250.72,88.91,339.63,True,False,0.769
trp_00656,psg_0360,rte_amsterdam_newcastle,20241004,ctx_mini_cruise,prd_mini_cruise_package,chn_website,src_behavior_model_01,2,2,0,0,2,False,foot,113,True,532.76,101.23,633.99,True,True,0.863
trp_00657,psg_0361,rte_calais_dover,20261120,ctx_mini_cruise,prd_basic_seat,chn_website,src_behavior_model_01,1,1,1,0,0,True,car,14,False,77.3,35.84,113.14,True,False,0.902
trp_00658,psg_0362,rte_kiel_klaipeda,20240518,ctx_mini_cruise,prd_commodore_cabin,chn_call_center,src_behavior_model_01,1,1,0,0,1,False,foot,119,True,215.01,87.2,302.21,True,False,0.827
trp_00659,psg_0363,rte_trelleborg_klaipeda,20241112,ctx_visiting_friends,prd_commodore_cabin,chn_returning_portal,src_behavior_model_01,1,2,2,0,0,False,foot,40,True,417.45,91.63,509.08,True,False,0.866
trp_00660,psg_0363,rte_karlshamn_klaipeda,20241122,ctx_event,prd_commodore_cabin,chn_call_center,src_behavior_model_01,2,3,2,0,1,False,foot,67,True,630.6,105.54,736.14,True,True,0.834
trp_00661,psg_0364,rte_karlshamn_klaipeda,20261227,ctx_family_holiday,prd_flexible_combi_ticket,chn_website,src_behavior_model_01,1,5,3,2,0,True,car,79,True,1122.66,77.41,1200.07,True,False,0.869
trp_00662,psg_0365,rte_calais_dover,20260626,ctx_weekend_getaway,prd_vehicle_crossing_basic,chn_website,src_behavior_model_01,1,1,1,0,0,False,foot,18,True,55.76,27.03,82.79,True,False,0.913
trp_00663,psg_0366,rte_dieppe_newhaven,20251204,ctx_transport,prd_standard_inside_cabin,chn_search_engine,src_behavior_model_01,1,1,1,0,0,True,van,56,True,107.58,42.31,149.89,True,False,0.88
trp_00664,psg_0366,rte_rosslare_dunkirk,20261027,ctx_transport,prd_pet_friendly_travel,chn_website,src_behavior_model_01,2,1,1,0,0,False,foot,16,True,135.54,46.28,181.82,True,True,0.779
trp_00665,psg_0366,rte_dunkirk_dover,20250722,ctx_transport,prd_vehicle_crossing_basic,chn_search_engine,src_behavior_model_01,3,1,1,0,0,False,foot,45,True,60.7,39.66,100.36,True,True,0.924
trp_00666,psg_0366,rte_dieppe_newhaven,20260414,ctx_transport,prd_vehicle_crossing_basic,chn_website,src_behavior_model_01,4,1,1,0,0,False,foot,39,True,67.92,30.89,98.81,True,True,0.889
trp_00667,psg_0367,rte_rosslare_dunkirk,20250815,ctx_shopping,prd_vehicle_crossing_basic,chn_search_engine,src_behavior_model_01,1,4,4,0,0,False,foot,5,True,477.75,36.85,514.6,True,False,0.751
trp_00668,psg_0368,rte_dunkirk_dover,20240513,ctx_transport,prd_flexible_combi_ticket,chn_call_center,src_behavior_model_01,1,1,1,0,0,True,van,33,False,116.57,53.37,169.94,True,False,0.833
trp_00669,psg_0368,rte_morocco_spain,20251211,ctx_family_holiday,prd_vehicle_crossing_basic,chn_website,src_behavior_model_01,2,3,3,0,0,True,car,7,True,367.41,36.37,403.78,True,True,0.818
trp_00670,psg_0369,rte_dieppe_newhaven,20240824,ctx_transport,prd_basic_seat,chn_search_engine,src_behavior_model_01,1,1,1,0,0,False,foot,9,False,42.2,20.09,62.29,True,False,0.865
trp_00671,psg_0369,rte_calais_dover,20261008,ctx_transport,prd_basic_seat,chn_email_campaign,src_behavior_model_01,2,1,1,0,0,False,foot,2,False,44.27,34.0,78.27,True,True,0.826
trp_00672,psg_0370,rte_calais_dover,20240220,ctx_mini_cruise,prd_commodore_cabin,chn_call_center,src_behavior_model_01,1,2,2,0,0,False,foot,24,True,134.47,93.88,228.35,True,False,0.944
trp_00673,psg_0371,rte_kapellskar_paldiski,20250320,ctx_family_holiday,prd_pet_friendly_travel,chn_website,src_behavior_model_01,1,4,3,1,0,False,foot,67,True,791.61,59.1,850.71,True,False,0.85
trp_00674,psg_0371,rte_dunkirk_dover,20240902,ctx_weekend_getaway,prd_standard_inside_cabin,chn_email_campaign,src_behavior_model_01,2,2,2,0,0,True,van,62,True,176.24,61.9,238.14,True,True,0.844
trp_00675,psg_0372,rte_dunkirk_dover,20260912,ctx_transport,prd_standard_inside_cabin,chn_email_campaign,src_behavior_model_01,1,2,2,0,0,True,van,59,True,186.09,52.28,238.37,True,False,0.832
trp_00676,psg_0373,rte_rosslare_dunkirk,20250925,ctx_event,prd_basic_seat,chn_email_campaign,src_behavior_model_01,1,2,2,0,0,True,car,20,True,227.9,34.04,261.94,True,False,0.839
trp_00677,psg_0373,rte_rosslare_dunkirk,20240922,ctx_transport,prd_standard_inside_cabin,chn_website,src_behavior_model_01,2,3,3,0,0,False,foot,24,True,473.68,45.34,519.02,True,True,0.789
trp_00678,psg_0373,rte_jersey_portsmouth,20240828,ctx_shopping,prd_standard_inside_cabin,chn_email_campaign,src_behavior_model_01,3,2,2,0,0,False,foot,30,True,148.29,48.57,196.86,True,True,0.803
trp_00679,psg_0373,rte_dunkirk_dover,20261223,ctx_shopping,prd_basic_seat,chn_website,src_behavior_model_01,4,4,2,1,1,True,car,23,False,207.62,42.0,249.62,True,True,0.894
trp_00680,psg_0373,rte_rosslare_dunkirk,20241208,ctx_event,prd_standard_inside_cabin,chn_social_media,src_behavior_model_01,5,2,2,0,0,False,foot,20,True,276.31,46.82,323.13,True,True,0.738
trp_00681,psg_0374,rte_calais_dover,20250815,ctx_visiting_friends,prd_standard_inside_cabin,chn_website,src_behavior_model_01,1,2,2,0,0,True,camper,51,True,181.75,58.0,239.75,True,False,0.91
trp_00682,psg_0374,rte_calais_dover,20240113,ctx_family_holiday,prd_standard_inside_cabin,chn_call_center,src_behavior_model_01,2,4,4,0,0,False,foot,39,True,265.96,62.75,328.71,True,True,0.814
trp_00683,psg_0375,rte_jersey_portsmouth,20260926,ctx_family_holiday,prd_pet_friendly_travel,chn_email_campaign,src_behavior_model_01,1,4,4,0,0,False,foot,14,True,372.02,73.47,445.49,True,False,0.808
trp_00684,psg_0375,rte_trelleborg_klaipeda,20260917,ctx_family_holiday,prd_pet_friendly_travel,chn_call_center,src_behavior_model_01,2,3,3,0,0,True,motorcycle,52,True,547.69,57.4,605.09,True,True,0.847
trp_00685,psg_0376,rte_dieppe_newhaven,20240110,ctx_event,prd_mini_cruise_package,chn_website,src_behavior_model_01,1,1,1,0,0,False,foot,13,True,100.59,57.43,158.02,True,False,0.848
trp_00686,psg_0376,rte_karlshamn_klaipeda,20240315,ctx_weekend_getaway,prd_flexible_combi_ticket,chn_website,src_behavior_model_01,2,2,2,0,0,False,foot,25,True,380.89,31.69,412.58,True,True,0.737
trp_00687,psg_0377,rte_dieppe_newhaven,20260709,ctx_weekend_getaway,prd_basic_seat,chn_search_engine,src_behavior_model_01,1,1,1,0,0,False,foot,16,False,46.11,20.95,67.06,True,False,0.815
trp_00688,psg_0377,rte_calais_dover,20241109,ctx_transport,prd_flexible_combi_ticket,chn_search_engine,src_behavior_model_01,2,1,1,0,0,False,foot,25,False,60.0,21.09,81.09,True,True,0.925
trp_00689,psg_0377,rte_calais_dover,20240106,ctx_event,prd_basic_seat,chn_search_engine,src_behavior_model_01,3,4,3,0,1,False,foot,3,False,207.09,37.84,244.93,True,True,0.927
trp_00690,psg_0378,rte_kapellskar_paldiski,20250115,ctx_mini_cruise,prd_flexible_combi_ticket,chn_website,src_behavior_model_01,1,2,2,0,0,True,van,23,True,468.04,87.88,555.92,True,False,0.847
trp_00691,psg_0378,rte_amsterdam_newcastle,20260825,ctx_weekend_getaway,prd_commodore_cabin,chn_call_center,src_behavior_model_01,2,2,2,0,0,True,car,60,True,390.78,102.24,493.02,True,True,0.89
trp_00692,psg_0379,rte_jersey_portsmouth,20240412,ctx_weekend_getaway,prd_basic_seat,chn_social_media,src_behavior_model_01,1,1,1,0,0,False,foot,22,False,68.22,40.93,109.15,True,False,0.768
trp_00693,psg_0379,rte_dieppe_newhaven,20250822,ctx_mini_cruise,prd_flexible_combi_ticket,chn_social_media,src_behavior_model_01,2,1,1,0,0,True,car,27,False,83.6,42.16,125.76,True,True,0.857
trp_00694,psg_0379,rte_dieppe_newhaven,20250830,ctx_event,prd_basic_seat,chn_mobile_app,src_behavior_model_01,3,3,3,0,0,False,foot,3,False,165.54,39.73,205.27,True,True,0.828
trp_00695,psg_0379,rte_dieppe_newhaven,20250502,ctx_weekend_getaway,prd_basic_seat,chn_search_engine,src_behavior_model_01,4,3,2,1,0,False,foot,6,False,134.19,32.54,166.73,True,True,0.922
trp_00696,psg_0380,rte_trelleborg_klaipeda,20260611,ctx_weekend_getaway,prd_premium_lounge_pass,chn_returning_portal,src_behavior_model_01,1,2,2,0,0,True,motorcycle,85,True,595.56,116.19,711.75,True,False,0.838
trp_00697,psg_0380,rte_rosslare_dunkirk,20260724,ctx_weekend_getaway,prd_commodore_cabin,chn_returning_portal,src_behavior_model_01,2,3,3,0,0,True,van,32,True,609.65,96.09,705.74,True,True,0.877
trp_00698,psg_0381,rte_calais_dover,20240702,ctx_business,prd_flexible_combi_ticket,chn_website,src_behavior_model_01,1,2,2,0,0,False,foot,11,False,126.12,42.56,168.68,True,False,0.908
trp_00699,psg_0381,rte_dunkirk_dover,20240828,ctx_business,prd_premium_lounge_pass,chn_website,src_behavior_model_01,2,2,2,0,0,False,foot,6,True,195.47,73.9,269.37,True,True,0.945
trp_00700,psg_0382,rte_dieppe_newhaven,20260119,ctx_visiting_friends,prd_vehicle_crossing_basic,chn_search_engine,src_behavior_model_01,1,2,2,0,0,False,foot,18,True,125.36,40.84,166.2,True,False,0.845
trp_00701,psg_0383,rte_dieppe_newhaven,20260525,ctx_mini_cruise,prd_premium_lounge_pass,chn_returning_portal,src_behavior_model_01,1,2,2,0,0,False,foot,45,True,213.23,103.37,316.6,True,False,0.899
trp_00702,psg_0384,rte_rosslare_dunkirk,20250402,ctx_family_holiday,prd_vehicle_crossing_basic,chn_travel_agency,src_behavior_model_01,1,5,2,3,0,False,foot,71,True,629.36,80.2,709.56,True,False,0.781
trp_00703,psg_0384,rte_trelleborg_klaipeda,20240823,ctx_family_holiday,prd_family_cabin_package,chn_website,src_behavior_model_01,2,3,1,2,0,True,bicycle,25,True,646.55,85.9,732.45,True,True,0.858
trp_00704,psg_0384,rte_calais_dover,20240517,ctx_family_holiday,prd_family_cabin_package,chn_website,src_behavior_model_01,3,3,2,1,0,True,van,60,True,310.39,66.16,376.55,True,True,0.876
trp_00705,psg_0385,rte_jersey_portsmouth,20260603,ctx_shopping,prd_family_cabin_package,chn_website,src_behavior_model_01,1,5,1,4,0,False,foot,87,True,597.39,92.22,689.61,True,False,0.858
trp_00706,psg_0385,rte_dunkirk_dover,20250531,ctx_transport,prd_vehicle_crossing_basic,chn_website,src_behavior_model_01,2,4,2,2,0,True,van,89,True,309.39,64.29,373.68,True,True,0.974
trp_00707,psg_0386,rte_dunkirk_dover,20241228,ctx_family_holiday,prd_flexible_combi_ticket,chn_website,src_behavior_model_01,1,4,3,1,0,False,foot,59,False,278.46,61.6,340.06,True,False,0.852
trp_00708,psg_0387,rte_calais_dover,20261212,ctx_business,prd_basic_seat,chn_website,src_behavior_model_01,1,1,1,0,0,False,foot,3,False,57.26,48.27,105.53,True,False,0.875
trp_00709,psg_0387,rte_amsterdam_newcastle,20250410,ctx_visiting_friends,prd_premium_lounge_pass,chn_website,src_behavior_model_01,2,2,2,0,0,False,foot,8,True,538.52,61.73,600.25,True,True,0.781
trp_00710,psg_0387,rte_dieppe_newhaven,20260602,ctx_business,prd_vehicle_crossing_basic,chn_website,src_behavior_model_01,3,1,1,0,0,True,car,4,True,97.38,35.13,132.51,True,True,0.942
trp_00711,psg_0387,rte_calais_dover,20240413,ctx_business,prd_premium_lounge_pass,chn_website,src_behavior_model_01,4,2,2,0,0,False,foot,6,True,171.63,65.16,236.79,True,True,0.875
trp_00712,psg_0387,rte_calais_dover,20250218,ctx_business,prd_flexible_combi_ticket,chn_returning_portal,src_behavior_model_01,5,2,2,0,0,True,van,13,False,199.28,42.23,241.51,True,True,0.898
trp_00713,psg_0388,rte_rosslare_dunkirk,20260416,ctx_business,prd_premium_lounge_pass,chn_returning_portal,src_behavior_model_01,1,2,2,0,0,False,foot,12,True,414.33,58.91,473.24,True,False,0.829
trp_00714,psg_0389,rte_dunkirk_dover,20260224,ctx_transport,prd_basic_seat,chn_search_engine,src_behavior_model_01,1,4,4,0,0,False,foot,23,False,178.67,27.16,205.83,True,False,0.866
trp_00715,psg_0390,rte_jersey_stmalo,20260704,ctx_transport,prd_mini_cruise_package,chn_email_campaign,src_behavior_model_01,1,1,1,0,0,False,foot,22,True,129.51,45.64,175.15,True,False,0.742
trp_00716,psg_0390,rte_calais_dover,20260620,ctx_shopping,prd_basic_seat,chn_search_engine,src_behavior_model_01,2,4,3,1,0,False,foot,10,False,154.57,36.31,190.88,True,True,0.815
trp_00717,psg_0391,rte_karlshamn_klaipeda,20250526,ctx_event,prd_mini_cruise_package,chn_travel_agency,src_behavior_model_01,1,1,1,0,0,True,camper,10,True,355.78,82.62,438.4,True,False,0.892
trp_00718,psg_0392,rte_amsterdam_newcastle,20250905,ctx_weekend_getaway,prd_commodore_cabin,chn_website,src_behavior_model_01,1,2,2,0,0,False,foot,38,True,414.1,97.74,511.84,True,False,0.887
trp_00719,psg_0392,rte_dieppe_newhaven,20251005,ctx_weekend_getaway,prd_flexible_combi_ticket,chn_returning_portal,src_behavior_model_01,2,1,1,0,0,True,car,56,False,113.82,93.97,207.79,True,True,0.958
trp_00720,psg_0393,rte_morocco_spain,20260922,ctx_shopping,prd_vehicle_crossing_basic,chn_search_engine,src_behavior_model_01,1,4,4,0,0,False,foot,9,True,417.55,40.68,458.23,True,False,0.745
trp_00721,psg_0393,rte_dunkirk_dover,20260428,ctx_shopping,prd_standard_inside_cabin,chn_search_engine,src_behavior_model_01,2,4,4,0,0,False,foot,16,True,245.35,47.34,292.69,True,True,0.836
trp_00722,psg_0394,rte_rosslare_dunkirk,20250416,ctx_event,prd_vehicle_crossing_basic,chn_social_media,src_behavior_model_01,1,3,2,0,1,False,foot,3,True,432.48,37.35,469.83,True,False,0.759
trp_00723,psg_0395,rte_dunkirk_dover,20251121,ctx_weekend_getaway,prd_commodore_cabin,chn_returning_portal,src_behavior_model_01,1,1,1,0,0,False,foot,52,True,78.88,95.38,174.26,True,False,0.947
trp_00724,psg_0395,rte_amsterdam_newcastle,20250717,ctx_visiting_friends,prd_vehicle_crossing_basic,chn_returning_portal,src_behavior_model_01,2,2,2,0,0,True,van,14,True,402.82,92.09,494.91,True,True,0.961
trp_00725,psg_0396,rte_calais_dover,20261214,ctx_weekend_getaway,prd_standard_inside_cabin,chn_search_engine,src_behavior_model_01,1,4,4,0,0,True,car,16,True,284.79,43.5,328.29,True,False,0.842
trp_00726,psg_0397,rte_amsterdam_newcastle,20250701,ctx_visiting_friends,prd_flexible_combi_ticket,chn_call_center,src_behavior_model_01,1,4,4,0,0,True,bicycle,74,True,736.14,50.78,786.92,True,False,0.781
trp_00727,psg_0397,rte_amsterdam_newcastle,20251227,ctx_transport,prd_pet_friendly_travel,chn_website,src_behavior_model_01,2,2,2,0,0,False,foot,37,True,334.99,54.04,389.03,True,True,0.745
trp_00728,psg_0398,rte_rosslare_dunkirk,20250928,ctx_family_holiday,prd_vehicle_crossing_basic,chn_website,src_behavior_model_01,1,1,1,0,0,False,foot,25,True,140.29,35.08,175.37,True,False,0.797
trp_00729,psg_0399,rte_amsterdam_newcastle,20261222,ctx_visiting_friends,prd_commodore_cabin,chn_returning_portal,src_behavior_model_01,1,1,1,0,0,True,van,81,True,233.91,98.11,332.02,True,False,0.944
trp_00730,psg_0400,rte_dunkirk_dover,20250317,ctx_business,prd_basic_seat,chn_travel_agency,src_behavior_model_01,1,2,2,0,0,False,foot,9,False,111.07,37.48,148.55,True,False,0.953
trp_00731,psg_0400,rte_amsterdam_newcastle,20250814,ctx_business,prd_standard_inside_cabin,chn_returning_portal,src_behavior_model_01,2,2,2,0,0,True,car,2,True,381.5,54.84,436.34,True,True,0.898
trp_00732,psg_0401,rte_dieppe_newhaven,20251014,ctx_shopping,prd_vehicle_crossing_basic,chn_email_campaign,src_behavior_model_01,1,4,2,2,0,True,van,70,True,249.39,69.85,319.24,True,False,0.935
trp_00733,psg_0401,rte_jersey_portsmouth,20240108,ctx_family_holiday,prd_family_cabin_package,chn_mobile_app,src_behavior_model_01,2,5,1,4,0,False,foot,83,True,534.43,75.24,609.67,True,True,0.787
trp_00734,psg_0401,rte_rosslare_dunkirk,20241222,ctx_family_holiday,prd_family_cabin_package,chn_email_campaign,src_behavior_model_01,3,4,1,3,0,True,car,80,True,674.54,76.6,751.14,True,True,0.894
trp_00735,psg_0402,rte_dunkirk_dover,20250603,ctx_weekend_getaway,prd_standard_inside_cabin,chn_search_engine,src_behavior_model_01,1,2,2,0,0,False,foot,24,True,125.06,48.05,173.11,True,False,0.873
trp_00736,psg_0402,rte_amsterdam_newcastle,20240514,ctx_weekend_getaway,prd_basic_seat,chn_mobile_app,src_behavior_model_01,2,1,1,0,0,True,car,35,True,169.08,28.48,197.56,True,True,0.801
trp_00737,psg_0403,rte_dunkirk_dover,20250807,ctx_weekend_getaway,prd_vehicle_crossing_basic,chn_search_engine,src_behavior_model_01,1,4,3,1,0,True,camper,25,True,271.41,47.95,319.36,True,False,0.818
trp_00738,psg_0404,rte_calais_dover,20260926,ctx_transport,prd_standard_inside_cabin,chn_call_center,src_behavior_model_01,1,4,2,1,1,True,car,54,True,318.76,59.43,378.19,True,False,0.874
trp_00739,psg_0404,rte_dieppe_newhaven,20250924,ctx_transport,prd_vehicle_crossing_basic,chn_website,src_behavior_model_01,2,4,4,0,0,False,foot,59,True,249.64,57.43,307.07,True,True,0.917
trp_00740,psg_0405,rte_amsterdam_newcastle,20240812,ctx_weekend_getaway,prd_standard_inside_cabin,chn_mobile_app,src_behavior_model_01,1,2,2,0,0,False,foot,5,True,363.87,42.87,406.74,True,False,0.786
trp_00741,psg_0405,rte_dunkirk_dover,20240116,ctx_shopping,prd_standard_inside_cabin,chn_search_engine,src_behavior_model_01,2,2,2,0,0,False,foot,19,True,128.66,41.12,169.78,True,True,0.891
trp_00742,psg_0405,rte_amsterdam_newcastle,20240627,ctx_weekend_getaway,prd_basic_seat,chn_website,src_behavior_model_01,3,1,1,0,0,True,bicycle,11,True,141.22,30.64,171.86,True,True,0.77
trp_00743,psg_0406,rte_calais_dover,20250902,ctx_business,prd_basic_seat,chn_website,src_behavior_model_01,1,2,2,0,0,False,foot,8,False,111.46,48.25,159.71,True,False,0.904
trp_00744,psg_0407,rte_amsterdam_newcastle,20261226,ctx_visiting_friends,prd_commodore_cabin,chn_call_center,src_behavior_model_01,1,3,3,0,0,False,foot,54,True,518.12,108.15,626.27,True,False,0.954
trp_00745,psg_0407,rte_trelleborg_klaipeda,20240716,ctx_mini_cruise,prd_sea_view_cabin,chn_website,src_behavior_model_01,2,3,3,0,0,False,foot,84,True,754.3,106.28,860.58,True,True,0.825
trp_00746,psg_0407,rte_kapellskar_paldiski,20260722,ctx_weekend_getaway,prd_premium_lounge_pass,chn_travel_agency,src_behavior_model_01,3,2,2,0,0,True,car,89,True,603.73,103.27,707.0,True,True,0.806
trp_00747,psg_0408,rte_spain_morocco,20250630,ctx_family_holiday,prd_flexible_combi_ticket,chn_call_center,src_behavior_model_01,1,2,2,0,0,True,bicycle,30,False,233.9,42.77,276.67,True,False,0.829
trp_00748,psg_0409,rte_jersey_portsmouth,20250531,ctx_family_holiday,prd_vehicle_crossing_basic,chn_email_campaign,src_behavior_model_01,1,3,2,1,0,False,foot,74,True,229.1,59.56,288.66,True,False,0.794
trp_00749,psg_0409,rte_jersey_poole,20250708,ctx_family_holiday,prd_family_cabin_package,chn_website,src_behavior_model_01,2,5,4,1,0,False,foot,68,True,494.73,90.05,584.78,True,True,0.818
trp_00750,psg_0410,rte_dieppe_newhaven,20250601,ctx_transport,prd_vehicle_crossing_basic,chn_call_center,src_behavior_model_01,1,4,4,0,0,True,van,27,True,268.45,47.68,316.13,True,False,0.848
trp_00751,psg_0410,rte_calais_dover,20240216,ctx_family_holiday,prd_standard_inside_cabin,chn_search_engine,src_behavior_model_01,2,4,4,0,0,False,foot,45,True,247.16,54.37,301.53,True,True,0.817
trp_00752,psg_0411,rte_kapellskar_paldiski,20250325,ctx_mini_cruise,prd_sea_view_cabin,chn_travel_agency,src_behavior_model_01,1,1,0,0,1,False,foot,23,True,221.2,74.22,295.42,True,False,0.833
trp_00753,psg_0411,rte_jersey_poole,20250501,ctx_mini_cruise,prd_mini_cruise_package,chn_website,src_behavior_model_01,2,1,1,0,0,False,foot,24,True,127.94,103.86,231.8,True,True,0.806
trp_00754,psg_0412,rte_calais_dover,20250812,ctx_visiting_friends,prd_family_cabin_package,chn_travel_agency,src_behavior_model_01,1,5,1,4,0,True,camper,31,True,462.28,74.76,537.04,True,False,0.958
trp_00755,psg_0413,rte_dunkirk_dover,20260811,ctx_mini_cruise,prd_flexible_combi_ticket,chn_website,src_behavior_model_01,1,1,1,0,0,True,car,12,False,98.12,37.56,135.68,True,False,0.881
trp_00756,psg_0413,rte_dieppe_newhaven,20251227,ctx_mini_cruise,prd_basic_seat,chn_mobile_app,src_behavior_model_01,2,2,2,0,0,False,foot,5,False,102.23,36.44,138.67,True,True,0.839
trp_00757,psg_0413,rte_dunkirk_dover,20260509,ctx_event,prd_standard_inside_cabin,chn_social_media,src_behavior_model_01,3,1,1,0,0,False,foot,31,True,74.71,40.65,115.36,True,True,0.812
trp_00758,psg_0414,rte_calais_dover,20240419,ctx_shopping,prd_vehicle_crossing_basic,chn_search_engine,src_behavior_model_01,1,3,2,0,1,True,camper,9,True,262.93,50.05,312.98,True,False,0.853
trp_00759,psg_0415,rte_trelleborg_klaipeda,20260405,ctx_mini_cruise,prd_premium_lounge_pass,chn_travel_agency,src_behavior_model_01,1,2,1,0,1,False,foot,47,True,521.35,90.71,612.06,True,False,0.743
trp_00760,psg_0416,rte_amsterdam_newcastle,20240510,ctx_event,prd_commodore_cabin,chn_website,src_behavior_model_01,1,1,1,0,0,False,foot,46,True,196.68,89.07,285.75,True,False,0.858
trp_00761,psg_0416,rte_jersey_stmalo,20260615,ctx_visiting_friends,prd_mini_cruise_package,chn_travel_agency,src_behavior_model_01,2,1,1,0,0,False,foot,100,True,143.62,108.57,252.19,True,True,0.784
trp_00762,psg_0417,rte_calais_dover,20250718,ctx_transport,prd_vehicle_crossing_basic,chn_search_engine,src_behavior_model_01,1,3,3,0,0,True,bicycle,21,True,213.25,52.01,265.26,True,False,0.908
trp_00763,psg_0417,rte_dunkirk_dover,20240531,ctx_transport,prd_standard_inside_cabin,chn_website,src_behavior_model_01,2,3,3,0,0,False,foot,44,True,218.19,46.24,264.43,True,True,0.923
trp_00764,psg_0417,rte_dieppe_newhaven,20250503,ctx_transport,prd_flexible_combi_ticket,chn_travel_agency,src_behavior_model_01,3,1,1,0,0,False,foot,20,False,62.09,48.3,110.39,True,True,0.895
trp_00765,psg_0418,rte_calais_dover,20260625,ctx_family_holiday,prd_flexible_combi_ticket,chn_website,src_behavior_model_01,1,2,2,0,0,True,car,57,False,159.95,61.65,221.6,True,False,0.818
trp_00766,psg_0418,rte_dieppe_newhaven,20260922,ctx_weekend_getaway,prd_standard_inside_cabin,chn_website,src_behavior_model_01,2,3,2,1,0,True,car,32,True,239.7,57.36,297.06,True,True,0.897
trp_00767,psg_0419,rte_dieppe_newhaven,20260405,ctx_transport,prd_standard_inside_cabin,chn_returning_portal,src_behavior_model_01,1,1,1,0,0,True,car,17,True,102.74,44.24,146.98,True,False,0.918
trp_00768,psg_0420,rte_dieppe_newhaven,20261230,ctx_weekend_getaway,prd_basic_seat,chn_website,src_behavior_model_01,1,1,1,0,0,True,van,33,False,108.69,28.79,137.48,True,False,0.856
trp_00769,psg_0420,rte_amsterdam_newcastle,20240208,ctx_weekend_getaway,prd_basic_seat,chn_social_media,src_behavior_model_01,2,1,1,0,0,False,foot,28,True,126.6,25.38,151.98,True,True,0.765
trp_00770,psg_0420,rte_jersey_stmalo,20240712,ctx_weekend_getaway,prd_mini_cruise_package,chn_website,src_behavior_model_01,3,3,3,0,0,False,foot,14,True,357.72,71.96,429.68,True,True,0.744
trp_00771,psg_0421,rte_dunkirk_dover,20250422,ctx_mini_cruise,prd_premium_lounge_pass,chn_website,src_behavior_model_01,1,1,1,0,0,True,car,44,True,111.15,107.67,218.82,True,False,0.893
trp_00772,psg_0421,rte_calais_dover,20241017,ctx_event,prd_commodore_cabin,chn_returning_portal,src_behavior_model_01,2,3,2,0,1,True,motorcycle,84,True,250.32,113.85,364.17,True,True,0.886
trp_00773,psg_0422,rte_dunkirk_dover,20240326,ctx_weekend_getaway,prd_basic_seat,chn_social_media,src_behavior_model_01,1,1,1,0,0,False,foot,20,False,51.24,31.78,83.02,True,False,0.845
trp_00774,psg_0423,rte_jersey_stmalo,20241106,ctx_weekend_getaway,prd_standard_inside_cabin,chn_website,src_behavior_model_01,1,2,2,0,0,False,foot,27,True,214.68,43.06,257.74,True,False,0.828
trp_00775,psg_0424,rte_dunkirk_dover,20260405,ctx_transport,prd_vehicle_crossing_basic,chn_website,src_behavior_model_01,1,4,4,0,0,True,camper,38,True,294.87,52.71,347.58,True,False,0.892
trp_00776,psg_0425,rte_dunkirk_dover,20260729,ctx_transport,prd_vehicle_crossing_basic,chn_website,src_behavior_model_01,1,3,2,1,0,False,foot,20,True,202.28,51.26,253.54,True,False,0.91
trp_00777,psg_0425,rte_rosslare_dunkirk,20250708,ctx_transport,prd_commodore_cabin,chn_website,src_behavior_model_01,2,2,2,0,0,False,foot,26,True,321.01,53.17,374.18,True,True,0.786
trp_00778,psg_0426,rte_amsterdam_newcastle,20250303,ctx_mini_cruise,prd_sea_view_cabin,chn_call_center,src_behavior_model_01,1,2,2,0,0,True,bicycle,25,True,366.79,91.42,458.21,True,False,0.874
trp_00779,psg_0426,rte_trelleborg_klaipeda,20240705,ctx_weekend_getaway,prd_sea_view_cabin,chn_call_center,src_behavior_model_01,2,3,1,1,1,False,foot,69,True,664.57,102.9,767.47,True,True,0.831
trp_00780,psg_0427,rte_amsterdam_newcastle,20260324,ctx_business,prd_sea_view_cabin,chn_returning_portal,src_behavior_model_01,1,2,2,0,0,False,foot,2,True,432.75,50.74,483.49,True,False,0.819
trp_00781,psg_0427,rte_rosslare_dunkirk,20240130,ctx_visiting_friends,prd_basic_seat,chn_returning_portal,src_behavior_model_01,2,1,1,0,0,True,car,7,True,163.48,46.65,210.13,True,True,0.856
trp_00782,psg_0428,rte_dunkirk_dover,20260711,ctx_transport,prd_vehicle_crossing_basic,chn_search_engine,src_behavior_model_01,1,2,2,0,0,True,camper,22,True,186.81,46.1,232.91,True,False,0.921
trp_00783,psg_0428,rte_rosslare_dunkirk,20240304,ctx_transport,prd_vehicle_crossing_basic,chn_travel_agency,src_behavior_model_01,2,2,2,0,0,False,foot,28,True,276.64,42.55,319.19,True,True,0.847
trp_00784,psg_0429,rte_jersey_portsmouth,20260718,ctx_weekend_getaway,prd_flexible_combi_ticket,chn_mobile_app,src_behavior_model_01,1,1,1,0,0,False,foot,12,False,91.85,33.15,125.0,True,False,0.733
trp_00785,psg_0429,rte_calais_dover,20240416,ctx_weekend_getaway,prd_standard_inside_cabin,chn_social_media,src_behavior_model_01,2,2,2,0,0,True,car,12,True,164.58,55.52,220.1,True,True,0.825
trp_00786,psg_0430,rte_dunkirk_dover,20251230,ctx_weekend_getaway,prd_commodore_cabin,chn_travel_agency,src_behavior_model_01,1,1,1,0,0,True,bicycle,19,True,82.85,85.13,167.98,True,False,0.962
trp_00787,psg_0430,rte_amsterdam_newcastle,20240718,ctx_weekend_getaway,prd_commodore_cabin,chn_website,src_behavior_model_01,2,1,1,0,0,True,car,41,True,218.1,87.19,305.29,True,True,0.879
trp_00788,psg_0431,rte_amsterdam_newcastle,20240725,ctx_weekend_getaway,prd_sea_view_cabin,chn_mobile_app,src_behavior_model_01,1,2,2,0,0,True,motorcycle,30,True,343.1,50.02,393.12,True,False,0.825
trp_00789,psg_0432,rte_dieppe_newhaven,20250929,ctx_transport,prd_pet_friendly_travel,chn_returning_portal,src_behavior_model_01,1,3,2,1,0,True,car,41,True,225.23,58.39,283.62,True,False,0.843
trp_00790,psg_0432,rte_amsterdam_newcastle,20250102,ctx_transport,prd_pet_friendly_travel,chn_call_center,src_behavior_model_01,2,2,2,0,0,True,car,52,True,372.35,53.3,425.65,True,True,0.798
trp_00791,psg_0433,rte_amsterdam_newcastle,20260809,ctx_weekend_getaway,prd_commodore_cabin,chn_website,src_behavior_model_01,1,1,0,0,1,False,foot,68,True,190.4,80.37,270.77,True,False,0.836
trp_00792,psg_0434,rte_dieppe_newhaven,20261030,ctx_transport,prd_flexible_combi_ticket,chn_search_engine,src_behavior_model_01,1,2,2,0,0,False,foot,4,False,130.77,45.37,176.14,True,False,0.927
trp_00793,psg_0434,rte_amsterdam_newcastle,20240917,ctx_business,prd_mini_cruise_package,chn_returning_portal,src_behavior_model_01,2,2,2,0,0,True,van,7,True,526.75,82.36,609.11,True,True,0.839
trp_00794,psg_0434,rte_amsterdam_newcastle,20261012,ctx_transport,prd_flexible_combi_ticket,chn_returning_portal,src_behavior_model_01,3,1,1,0,0,True,car,5,True,221.05,41.67,262.72,True,True,0.806
trp_00795,psg_0435,rte_rosslare_dunkirk,20260612,ctx_transport,prd_flexible_combi_ticket,chn_search_engine,src_behavior_model_01,1,4,3,0,1,True,car,45,True,607.51,46.44,653.95,True,False,0.82
trp_00796,psg_0435,rte_rosslare_dunkirk,20250408,ctx_transport,prd_vehicle_crossing_basic,chn_returning_portal,src_behavior_model_01,2,2,2,0,0,True,car,38,True,344.51,36.63,381.14,True,True,0.827
trp_00797,psg_0435,rte_dunkirk_dover,20241024,ctx_visiting_friends,prd_vehicle_crossing_basic,chn_travel_agency,src_behavior_model_01,3,4,4,0,0,True,van,31,True,343.45,58.61,402.06,True,True,0.898
trp_00798,psg_0435,rte_calais_dover,20241122,ctx_transport,prd_vehicle_crossing_basic,chn_travel_agency,src_behavior_model_01,4,4,4,0,0,True,car,60,True,281.66,51.3,332.96,True,True,0.886
trp_00799,psg_0436,rte_dieppe_newhaven,20250530,ctx_family_holiday,prd_family_cabin_package,chn_call_center,src_behavior_model_01,1,5,2,3,0,True,camper,78,True,410.71,85.67,496.38,True,False,0.962
trp_00800,psg_0436,rte_dieppe_newhaven,20250530,ctx_family_holiday,prd_flexible_combi_ticket,chn_website,src_behavior_model_01,2,5,1,4,0,True,van,84,False,352.92,73.97,426.89,True,True,0.887
trp_00801,psg_0437,rte_dieppe_newhaven,20250916,ctx_mini_cruise,prd_mini_cruise_package,chn_mobile_app,src_behavior_model_01,1,1,1,0,0,True,car,20,True,119.14,64.56,183.7,True,False,0.898
trp_00802,psg_0437,rte_calais_dover,20250407,ctx_shopping,prd_flexible_combi_ticket,chn_mobile_app,src_behavior_model_01,2,2,2,0,0,True,car,9,False,168.2,45.77,213.97,True,True,0.844
trp_00803,psg_0438,rte_morocco_spain,20240311,ctx_weekend_getaway,prd_basic_seat,chn_email_campaign,src_behavior_model_01,1,3,2,0,1,True,car,24,False,234.89,36.8,271.69,True,False,0.801
trp_00804,psg_0438,rte_jersey_stmalo,20240717,ctx_transport,prd_basic_seat,chn_search_engine,src_behavior_model_01,2,1,1,0,0,False,foot,29,True,60.81,36.78,97.59,True,True,0.78
trp_00805,psg_0439,rte_amsterdam_newcastle,20241114,ctx_weekend_getaway,prd_commodore_cabin,chn_returning_portal,src_behavior_model_01,1,1,1,0,0,False,foot,56,True,204.08,90.43,294.51,True,False,0.896
trp_00806,psg_0440,rte_calais_dover,20260202,ctx_business,prd_flexible_combi_ticket,chn_website,src_behavior_model_01,1,1,1,0,0,False,foot,4,False,64.67,50.11,114.78,True,False,0.97
trp_00807,psg_0440,rte_calais_dover,20260519,ctx_event,prd_premium_lounge_pass,chn_search_engine,src_behavior_model_01,2,1,1,0,0,False,foot,10,True,88.69,64.72,153.41,True,True,0.942
trp_00808,psg_0440,rte_rosslare_dunkirk,20240716,ctx_event,prd_premium_lounge_pass,chn_returning_portal,src_behavior_model_01,3,1,1,0,0,False,foot,8,True,211.87,67.83,279.7,True,True,0.882
trp_00809,psg_0441,rte_calais_dover,20240817,ctx_visiting_friends,prd_pet_friendly_travel,chn_website,src_behavior_model_01,1,4,4,0,0,False,foot,45,True,251.25,52.86,304.11,True,False,0.819
trp_00810,psg_0442,rte_jersey_stmalo,20261104,ctx_family_holiday,prd_family_cabin_package,chn_mobile_app,src_behavior_model_01,1,5,1,4,0,False,foot,45,True,519.06,79.08,598.14,True,False,0.857
trp_00811,psg_0442,rte_dunkirk_dover,20240821,ctx_shopping,prd_family_cabin_package,chn_website,src_behavior_model_01,2,3,1,2,0,False,foot,63,True,239.86,80.72,320.58,True,True,0.868
trp_00812,psg_0442,rte_jersey_portsmouth,20251215,ctx_family_holiday,prd_family_cabin_package,chn_travel_agency,src_behavior_model_01,3,5,2,3,0,False,foot,50,True,646.97,87.06,734.03,True,True,0.838
trp_00813,psg_0442,rte_rosslare_dunkirk,20250220,ctx_shopping,prd_standard_inside_cabin,chn_email_campaign,src_behavior_model_01,4,4,1,3,0,True,van,42,True,611.08,88.84,699.92,True,True,0.898
trp_00814,psg_0443,rte_calais_dover,20250116,ctx_weekend_getaway,prd_vehicle_crossing_basic,chn_website,src_behavior_model_01,1,4,3,1,0,False,foot,7,True,209.74,47.59,257.33,True,False,0.864
trp_00815,psg_0444,rte_trelleborg_klaipeda,20240905,ctx_business,prd_commodore_cabin,chn_website,src_behavior_model_01,1,1,1,0,0,True,car,14,True,254.29,44.41,298.7,True,False,0.9
trp_00816,psg_0445,rte_kiel_klaipeda,20261107,ctx_mini_cruise,prd_basic_seat,chn_website,src_behavior_model_01,1,2,2,0,0,False,foot,35,True,342.14,44.11,386.25,True,False,0.783
trp_00817,psg_0445,rte_amsterdam_newcastle,20260107,ctx_mini_cruise,prd_mini_cruise_package,chn_social_media,src_behavior_model_01,2,1,1,0,0,True,van,29,True,283.1,51.68,334.78,True,True,0.75
trp_00818,psg_0446,rte_jersey_stmalo,20240709,ctx_visiting_friends,prd_family_cabin_package,chn_call_center,src_behavior_model_01,1,3,2,1,0,False,foot,82,True,316.16,72.03,388.19,True,False,0.813
trp_00819,psg_0446,rte_calais_dover,20241023,ctx_family_holiday,prd_standard_inside_cabin,chn_email_campaign,src_behavior_model_01,2,3,1,2,0,True,car,27,True,216.62,68.75,285.37,True,True,0.945
trp_00820,psg_0446,rte_kapellskar_paldiski,20260510,ctx_family_holiday,prd_flexible_combi_ticket,chn_website,src_behavior_model_01,3,4,3,1,0,True,motorcycle,14,True,724.77,74.62,799.39,True,True,0.875
trp_00821,psg_0447,rte_calais_dover,20261212,ctx_weekend_getaway,prd_flexible_combi_ticket,chn_mobile_app,src_behavior_model_01,1,3,3,0,0,False,foot,7,False,161.94,33.9,195.84,True,False,0.813
trp_00822,psg_0447,rte_dieppe_newhaven,20241231,ctx_weekend_getaway,prd_flexible_combi_ticket,chn_mobile_app,src_behavior_model_01,2,1,1,0,0,True,motorcycle,19,False,80.65,47.35,128.0,True,True,0.845
trp_00823,psg_0448,rte_amsterdam_newcastle,20250719,ctx_family_holiday,prd_pet_friendly_travel,chn_website,src_behavior_model_01,1,4,4,0,0,True,motorcycle,13,True,630.71,62.45,693.16,True,False,0.811
trp_00824,psg_0448,rte_dieppe_newhaven,20260323,ctx_visiting_friends,prd_pet_friendly_travel,chn_website,src_behavior_model_01,2,4,3,1,0,True,car,11,True,291.14,60.26,351.4,True,True,0.848
trp_00825,psg_0449,rte_dunkirk_dover,20241202,ctx_business,prd_standard_inside_cabin,chn_call_center,src_behavior_model_01,1,1,1,0,0,False,foot,12,True,74.7,55.75,130.45,True,False,0.86
trp_00826,psg_0449,rte_dunkirk_dover,20250724,ctx_event,prd_flexible_combi_ticket,chn_website,src_behavior_model_01,2,2,2,0,0,False,foot,6,False,126.23,41.11,167.34,True,True,0.91
trp_00827,psg_0450,rte_dunkirk_dover,20250507,ctx_family_holiday,prd_vehicle_crossing_basic,chn_website,src_behavior_model_01,1,3,2,1,0,True,car,84,True,207.75,61.37,269.12,True,False,0.867
trp_00828,psg_0451,rte_dieppe_newhaven,20251128,ctx_mini_cruise,prd_mini_cruise_package,chn_mobile_app,src_behavior_model_01,1,2,2,0,0,True,car,34,True,214.11,72.8,286.91,True,False,0.913
trp_00829,psg_0451,rte_calais_dover,20240927,ctx_weekend_getaway,prd_mini_cruise_package,chn_mobile_app,src_behavior_model_01,2,1,1,0,0,False,foot,8,True,94.71,52.23,146.94,True,True,0.865
trp_00830,psg_0451,rte_calais_dover,20240429,ctx_weekend_getaway,prd_standard_inside_cabin,chn_search_engine,src_behavior_model_01,3,3,3,0,0,False,foot,14,True,207.59,40.16,247.75,True,True,0.91
trp_00831,psg_0452,rte_jersey_portsmouth,20240430,ctx_family_holiday,prd_family_cabin_package,chn_website,src_behavior_model_01,1,3,2,1,0,False,foot,90,True,344.88,73.27,418.15,True,False,0.815
trp_00832,psg_0452,rte_calais_dover,20250731,ctx_transport,prd_family_cabin_package,chn_email_campaign,src_behavior_model_01,2,3,2,1,0,False,foot,69,True,204.59,68.72,273.31,True,True,0.907
trp_00833,psg_0453,rte_kiel_klaipeda,20240604,ctx_family_holiday,prd_vehicle_crossing_basic,chn_website,src_behavior_model_01,1,4,3,1,0,True,car,29,True,758.86,75.69,834.55,True,False,0.823
trp_00834,psg_0453,rte_calais_dover,20260711,ctx_transport,prd_family_cabin_package,chn_website,src_behavior_model_01,2,4,3,1,0,False,foot,41,True,327.59,86.29,413.88,True,True,0.875
trp_00835,psg_0454,rte_amsterdam_newcastle,20240111,ctx_visiting_friends,prd_mini_cruise_package,chn_travel_agency,src_behavior_model_01,1,1,1,0,0,False,foot,94,True,245.75,89.62,335.37,True,False,0.839
trp_00836,psg_0455,rte_dunkirk_dover,20251212,ctx_family_holiday,prd_vehicle_crossing_basic,chn_mobile_app,src_behavior_model_01,1,3,1,2,0,True,car,57,True,212.98,58.74,271.72,True,False,0.905
trp_00837,psg_0456,rte_rosslare_dunkirk,20240104,ctx_family_holiday,prd_commodore_cabin,chn_website,src_behavior_model_01,1,4,1,3,0,True,car,14,True,684.12,70.28,754.4,True,False,0.814
trp_00838,psg_0456,rte_rosslare_dunkirk,20260921,ctx_family_holiday,prd_flexible_combi_ticket,chn_mobile_app,src_behavior_model_01,2,5,4,1,0,True,car,50,True,724.52,74.65,799.17,True,True,0.881
trp_00839,psg_0456,rte_dieppe_newhaven,20260923,ctx_visiting_friends,prd_flexible_combi_ticket,chn_website,src_behavior_model_01,3,3,1,2,0,True,car,68,False,242.84,67.18,310.02,True,True,0.901
trp_00840,psg_0457,rte_dieppe_newhaven,20240702,ctx_family_holiday,prd_flexible_combi_ticket,chn_website,src_behavior_model_01,1,1,1,0,0,True,motorcycle,10,False,83.11,41.47,124.58,True,False,0.859
trp_00841,psg_0457,rte_dieppe_newhaven,20251111,ctx_transport,prd_vehicle_crossing_basic,chn_search_engine,src_behavior_model_01,2,4,3,1,0,True,car,15,True,275.49,45.71,321.2,True,True,0.828
trp_00842,psg_0457,rte_rosslare_dunkirk,20250730,ctx_shopping,prd_vehicle_crossing_basic,chn_website,src_behavior_model_01,3,3,3,0,0,True,van,16,True,452.9,36.41,489.31,True,True,0.803
trp_00843,psg_0458,rte_calais_dover,20250910,ctx_shopping,prd_mini_cruise_package,chn_mobile_app,src_behavior_model_01,1,3,3,0,0,True,camper,12,True,353.72,60.18,413.9,True,False,0.841
trp_00844,psg_0458,rte_dieppe_newhaven,20261125,ctx_weekend_getaway,prd_flexible_combi_ticket,chn_mobile_app,src_behavior_model_01,2,3,2,0,1,False,foot,29,False,201.28,49.21,250.49,True,True,0.851
trp_00845,psg_0458,rte_dunkirk_dover,20260504,ctx_weekend_getaway,prd_flexible_combi_ticket,chn_mobile_app,src_behavior_model_01,3,3,3,0,0,False,foot,21,False,207.75,43.34,251.09,True,True,0.832
trp_00846,psg_0459,rte_calais_dover,20261226,ctx_weekend_getaway,prd_basic_seat,chn_website,src_behavior_model_01,1,3,3,0,0,False,foot,13,False,157.07,45.35,202.42,True,False,0.891
trp_00847,psg_0459,rte_dunkirk_dover,20241117,ctx_weekend_getaway,prd_standard_inside_cabin,chn_search_engine,src_behavior_model_01,2,4,3,1,0,False,foot,5,True,270.81,45.45,316.26,True,True,0.813
trp_00848,psg_0460,rte_calais_dover,20250301,ctx_family_holiday,prd_standard_inside_cabin,chn_travel_agency,src_behavior_model_01,1,4,3,1,0,True,bicycle,30,True,255.13,86.93,342.06,True,False,0.95
trp_00849,psg_0460,rte_rosslare_dunkirk,20250924,ctx_visiting_friends,prd_commodore_cabin,chn_mobile_app,src_behavior_model_01,2,3,1,2,0,True,bicycle,30,True,502.21,66.69,568.9,True,True,0.849
trp_00850,psg_0461,rte_dieppe_newhaven,20260904,ctx_weekend_getaway,prd_basic_seat,chn_mobile_app,src_behavior_model_01,1,2,2,0,0,False,foot,3,False,96.96,47.5,144.46,True,False,0.844
trp_00851,psg_0462,rte_dunkirk_dover,20260803,ctx_weekend_getaway,prd_standard_inside_cabin,chn_website,src_behavior_model_01,1,2,2,0,0,False,foot,17,True,148.59,36.56,185.15,True,False,0.888
trp_00852,psg_0462,rte_jersey_stmalo,20260927,ctx_event,prd_standard_inside_cabin,chn_social_media,src_behavior_model_01,2,1,1,0,0,False,foot,12,True,104.33,47.34,151.67,True,True,0.813
trp_00853,psg_0462,rte_kapellskar_paldiski,20240113,ctx_mini_cruise,prd_mini_cruise_package,chn_social_media,src_behavior_model_01,3,1,1,0,0,True,van,30,True,331.47,54.73,386.2,True,True,0.754
trp_00854,psg_0463,rte_calais_dover,20240227,ctx_weekend_getaway,prd_vehicle_crossing_basic,chn_website,src_behavior_model_01,1,4,4,0,0,False,foot,36,True,281.84,64.79,346.63,True,False,0.835
trp_00855,psg_0463,rte_rosslare_dunkirk,20250726,ctx_weekend_getaway,prd_flexible_combi_ticket,chn_website,src_behavior_model_01,2,4,4,0,0,False,foot,58,True,609.7,65.04,674.74,True,True,0.731
trp_00856,psg_0463,rte_dieppe_newhaven,20240207,ctx_visiting_friends,prd_vehicle_crossing_basic,chn_search_engine,src_behavior_model_01,3,3,3,0,0,True,bicycle,34,True,178.34,43.7,222.04,True,True,0.827
trp_00857,psg_0464,rte_jersey_stmalo,20260715,ctx_shopping,prd_commodore_cabin,chn_social_media,src_behavior_model_01,1,1,1,0,0,False,foot,5,True,75.39,33.21,108.6,True,False,0.787
trp_00858,psg_0465,rte_dieppe_newhaven,20240313,ctx_mini_cruise,prd_premium_lounge_pass,chn_returning_portal,src_behavior_model_01,1,3,3,0,0,False,foot,22,True,291.19,104.07,395.26,True,False,0.867
trp_00859,psg_0465,rte_amsterdam_newcastle,20260713,ctx_mini_cruise,prd_vehicle_crossing_basic,chn_website,src_behavior_model_01,2,1,1,0,0,True,car,41,True,202.91,81.81,284.72,True,True,0.917
trp_00860,psg_0465,rte_kapellskar_paldiski,20261001,ctx_weekend_getaway,prd_commodore_cabin,chn_returning_portal,src_behavior_model_01,3,3,3,0,0,False,foot,84,True,667.94,110.26,778.2,True,True,0.811
trp_00861,psg_0465,rte_amsterdam_newcastle,20250731,ctx_visiting_friends,prd_vehicle_crossing_basic,chn_website,src_behavior_model_01,4,3,3,0,0,True,car,80,True,570.02,84.95,654.97,True,True,0.971
trp_00862,psg_0466,rte_dieppe_newhaven,20260707,ctx_transport,prd_vehicle_crossing_basic,chn_search_engine,src_behavior_model_01,1,4,4,0,0,False,foot,11,True,238.93,41.68,280.61,True,False,0.867
trp_00863,psg_0466,rte_dunkirk_dover,20240727,ctx_transport,prd_vehicle_crossing_basic,chn_returning_portal,src_behavior_model_01,2,3,2,0,1,False,foot,41,True,185.6,50.73,236.33,True,True,0.854
trp_00864,psg_0467,rte_calais_dover,20240707,ctx_visiting_friends,prd_vehicle_crossing_basic,chn_email_campaign,src_behavior_model_01,1,3,1,2,0,False,foot,75,True,179.07,65.27,244.34,True,False,0.9
trp_00865,psg_0468,rte_dieppe_newhaven,20260812,ctx_weekend_getaway,prd_flexible_combi_ticket,chn_social_media,src_behavior_model_01,1,1,1,0,0,True,camper,35,False,120.89,26.65,147.54,True,False,0.851
trp_00866,psg_0469,rte_dunkirk_dover,20241001,ctx_transport,prd_premium_lounge_pass,chn_returning_portal,src_behavior_model_01,1,1,1,0,0,True,camper,3,True,157.96,64.83,222.79,True,False,0.898
trp_00867,psg_0469,rte_kapellskar_paldiski,20250815,ctx_business,prd_premium_lounge_pass,chn_travel_agency,src_behavior_model_01,2,1,1,0,0,False,foot,8,True,329.51,69.57,399.08,True,True,0.795
trp_00868,psg_0470,rte_rosslare_dunkirk,20261110,ctx_transport,prd_pet_friendly_travel,chn_search_engine,src_behavior_model_01,1,3,2,1,0,True,camper,74,True,479.02,50.17,529.19,True,False,0.765
trp_00869,psg_0470,rte_dieppe_newhaven,20260512,ctx_family_holiday,prd_standard_inside_cabin,chn_email_campaign,src_behavior_model_01,2,2,2,0,0,False,foot,16,True,117.61,51.37,168.98,True,True,0.909
trp_00870,psg_0470,rte_rosslare_dunkirk,20240331,ctx_visiting_friends,prd_pet_friendly_travel,chn_website,src_behavior_model_01,3,4,4,0,0,True,car,64,True,618.67,61.8,680.47,True,True,0.842
trp_00871,psg_0471,rte_rosslare_dunkirk,20260526,ctx_transport,prd_standard_inside_cabin,chn_website,src_behavior_model_01,1,4,4,0,0,True,car,19,True,712.26,66.66,778.92,True,False,0.765
trp_00872,psg_0471,rte_calais_dover,20240604,ctx_transport,prd_vehicle_crossing_basic,chn_call_center,src_behavior_model_01,2,4,4,0,0,True,car,18,True,295.23,60.02,355.25,True,True,0.825
trp_00873,psg_0472,rte_calais_dover,20240125,ctx_shopping,prd_basic_seat,chn_email_campaign,src_behavior_model_01,1,3,3,0,0,False,foot,22,False,133.77,34.84,168.61,True,False,0.88
trp_00874,psg_0472,rte_dunkirk_dover,20240621,ctx_transport,prd_basic_seat,chn_search_engine,src_behavior_model_01,2,1,1,0,0,True,van,19,False,90.14,25.73,115.87,True,True,0.879
trp_00875,psg_0473,rte_dunkirk_dover,20260928,ctx_shopping,prd_pet_friendly_travel,chn_search_engine,src_behavior_model_01,1,2,2,0,0,False,foot,20,True,115.27,47.51,162.78,True,False,0.853
trp_00876,psg_0473,rte_karlshamn_klaipeda,20240921,ctx_transport,prd_standard_inside_cabin,chn_website,src_behavior_model_01,2,4,4,0,0,True,van,8,True,852.3,65.68,917.98,True,True,0.835
trp_00877,psg_0473,rte_dunkirk_dover,20240609,ctx_family_holiday,prd_flexible_combi_ticket,chn_website,src_behavior_model_01,3,4,4,0,0,True,camper,38,False,332.13,63.74,395.87,True,True,0.89
trp_00878,psg_0474,rte_amsterdam_newcastle,20240131,ctx_weekend_getaway,prd_premium_lounge_pass,chn_travel_agency,src_behavior_model_01,1,2,0,0,2,False,foot,23,True,448.14,96.16,544.3,True,False,0.848
trp_00879,psg_0474,rte_kapellskar_paldiski,20240808,ctx_event,prd_sea_view_cabin,chn_website,src_behavior_model_01,2,1,1,0,0,True,motorcycle,104,True,259.05,79.18,338.23,True,True,0.839
trp_00880,psg_0474,rte_amsterdam_newcastle,20250925,ctx_weekend_getaway,prd_mini_cruise_package,chn_website,src_behavior_model_01,3,1,1,0,0,False,foot,60,True,256.53,105.22,361.75,True,True,0.912
trp_00881,psg_0475,rte_jersey_stmalo,20250105,ctx_shopping,prd_family_cabin_package,chn_mobile_app,src_behavior_model_01,1,4,3,1,0,False,foot,37,True,417.65,82.8,500.45,True,False,0.855
trp_00882,psg_0476,rte_dieppe_newhaven,20240416,ctx_weekend_getaway,prd_standard_inside_cabin,chn_email_campaign,src_behavior_model_01,1,4,4,0,0,True,bicycle,6,True,260.13,55.65,315.78,True,False,0.928
trp_00883,psg_0476,rte_jersey_portsmouth,20260602,ctx_event,prd_vehicle_crossing_basic,chn_search_engine,src_behavior_model_01,2,3,3,0,0,False,foot,29,True,246.56,43.98,290.54,True,True,0.772
trp_00884,psg_0476,rte_jersey_stmalo,20261123,ctx_shopping,prd_mini_cruise_package,chn_website,src_behavior_model_01,3,2,2,0,0,False,foot,21,True,250.21,49.19,299.4,True,True,0.782
trp_00885,psg_0477,rte_morocco_spain,20260430,ctx_visiting_friends,prd_vehicle_crossing_basic,chn_search_engine,src_behavior_model_01,1,2,2,0,0,True,car,33,True,246.4,41.91,288.31,True,False,0.818
trp_00886,psg_0478,rte_calais_dover,20240418,ctx_family_holiday,prd_vehicle_crossing_basic,chn_search_engine,src_behavior_model_01,1,4,4,0,0,True,car,20,True,253.44,56.64,310.08,True,False,0.859
trp_00887,psg_0478,rte_dieppe_newhaven,20260821,ctx_family_holiday,prd_vehicle_crossing_basic,chn_website,src_behavior_model_01,2,2,2,0,0,True,van,18,True,177.86,44.62,222.48,True,True,0.861
trp_00888,psg_0479,rte_dieppe_newhaven,20250516,ctx_visiting_friends,prd_vehicle_crossing_basic,chn_email_campaign,src_behavior_model_01,1,4,3,1,0,False,foot,37,True,237.68,65.47,303.15,True,False,0.926
trp_00889,psg_0480,rte_rosslare_dunkirk,20240630,ctx_visiting_friends,prd_pet_friendly_travel,chn_website,src_behavior_model_01,1,3,3,0,0,True,van,73,True,487.68,54.92,542.6,True,False,0.776
trp_00890,psg_0480,rte_calais_dover,20240203,ctx_family_holiday,prd_pet_friendly_travel,chn_returning_portal,src_behavior_model_01,2,2,2,0,0,False,foot,66,True,126.91,50.69,177.6,True,True,0.823
trp_00891,psg_0481,rte_jersey_portsmouth,20240505,ctx_family_holiday,prd_pet_friendly_travel,chn_call_center,src_behavior_model_01,1,2,2,0,0,False,foot,60,True,173.46,52.11,225.57,True,False,0.772
trp_00892,psg_0482,rte_amsterdam_newcastle,20260809,ctx_mini_cruise,prd_flexible_combi_ticket,chn_call_center,src_behavior_model_01,1,2,2,0,0,True,car,97,True,336.64,73.02,409.66,True,False,0.894
trp_00893,psg_0482,rte_amsterdam_newcastle,20240314,ctx_mini_cruise,prd_commodore_cabin,chn_call_center,src_behavior_model_01,2,1,1,0,0,False,foot,34,True,193.78,69.91,263.69,True,True,0.898
trp_00894,psg_0483,rte_dieppe_newhaven,20240713,ctx_visiting_friends,prd_standard_inside_cabin,chn_call_center,src_behavior_model_01,1,2,2,0,0,True,van,33,True,186.4,55.93,242.33,True,False,0.829
trp_00895,psg_0484,rte_dunkirk_dover,20240708,ctx_mini_cruise,prd_sea_view_cabin,chn_travel_agency,src_behavior_model_01,1,1,1,0,0,False,foot,38,True,74.35,74.0,148.35,True,False,0.907
trp_00896,psg_0485,rte_amsterdam_newcastle,20250527,ctx_event,prd_mini_cruise_package,chn_mobile_app,src_behavior_model_01,1,1,1,0,0,False,foot,4,True,234.67,66.11,300.78,True,False,0.814
trp_00897,psg_0486,rte_dieppe_newhaven,20251013,ctx_mini_cruise,prd_standard_inside_cabin,chn_mobile_app,src_behavior_model_01,1,2,2,0,0,True,van,27,True,182.62,41.88,224.5,True,False,0.875
trp_00898,psg_0487,rte_calais_dover,20241227,ctx_business,prd_flexible_combi_ticket,chn_travel_agency,src_behavior_model_01,1,1,1,0,0,False,foot,9,False,63.59,57.12,120.71,True,False,0.94
trp_00899,psg_0487,rte_dieppe_newhaven,20260406,ctx_business,prd_flexible_combi_ticket,chn_website,src_behavior_model_01,2,1,1,0,0,True,camper,7,False,130.31,51.56,181.87,True,True,0.936
trp_00900,psg_0487,rte_trelleborg_klaipeda,20240311,ctx_business,prd_vehicle_crossing_basic,chn_returning_portal,src_behavior_model_01,3,2,2,0,0,True,bicycle,9,True,406.29,37.11,443.4,True,True,0.888
trp_00901,psg_0488,rte_calais_dover,20240822,ctx_visiting_friends,prd_vehicle_crossing_basic,chn_mobile_app,src_behavior_model_01,1,5,2,3,0,False,foot,90,True,276.28,78.26,354.54,True,False,0.943
trp_00902,psg_0488,rte_rosslare_dunkirk,20261227,ctx_family_holiday,prd_mini_cruise_package,chn_website,src_behavior_model_01,2,3,2,1,0,True,camper,15,True,705.5,86.3,791.8,True,True,0.786
trp_00903,psg_0488,rte_calais_dover,20260204,ctx_family_holiday,prd_standard_inside_cabin,chn_mobile_app,src_behavior_model_01,3,4,3,1,0,False,foot,89,True,293.54,70.26,363.8,True,True,0.898
trp_00904,psg_0488,rte_jersey_portsmouth,20250818,ctx_family_holiday,prd_vehicle_crossing_basic,chn_travel_agency,src_behavior_model_01,4,3,2,1,0,False,foot,28,True,264.13,77.33,341.46,True,True,0.823
trp_00905,psg_0489,rte_jersey_poole,20240228,ctx_shopping,prd_mini_cruise_package,chn_mobile_app,src_behavior_model_01,1,1,1,0,0,False,foot,17,True,154.63,56.32,210.95,True,False,0.836
trp_00906,psg_0489,rte_dunkirk_dover,20260628,ctx_mini_cruise,prd_mini_cruise_package,chn_social_media,src_behavior_model_01,2,2,2,0,0,False,foot,8,True,176.02,62.6,238.62,True,True,0.906
trp_00907,psg_0490,rte_calais_dover,20240708,ctx_event,prd_sea_view_cabin,chn_website,src_behavior_model_01,1,2,2,0,0,True,car,84,True,169.12,94.08,263.2,True,False,0.912
trp_00908,psg_0490,rte_karlshamn_klaipeda,20250706,ctx_mini_cruise,prd_sea_view_cabin,chn_returning_portal,src_behavior_model_01,2,3,2,1,0,False,foot,47,True,665.68,113.45,779.13,True,True,0.856
trp_00909,psg_0491,rte_calais_dover,20241223,ctx_transport,prd_standard_inside_cabin,chn_search_engine,src_behavior_model_01,1,1,1,0,0,False,foot,60,True,64.82,43.5,108.32,True,False,0.853
trp_00910,psg_0491,rte_rosslare_dunkirk,20250818,ctx_transport,prd_vehicle_crossing_basic,chn_search_engine,src_behavior_model_01,2,1,1,0,0,True,van,31,True,191.25,37.67,228.92,True,True,0.741
trp_00911,psg_0492,rte_amsterdam_newcastle,20260322,ctx_weekend_getaway,prd_sea_view_cabin,chn_mobile_app,src_behavior_model_01,1,3,2,1,0,False,foot,35,True,599.46,49.26,648.72,True,False,0.761
trp_00912,psg_0492,rte_dieppe_newhaven,20250418,ctx_shopping,prd_basic_seat,chn_social_media,src_behavior_model_01,2,1,1,0,0,False,foot,18,False,42.68,28.03,70.71,True,True,0.921
trp_00913,psg_0493,rte_calais_dover,20260305,ctx_family_holiday,prd_vehicle_crossing_basic,chn_website,src_behavior_model_01,1,2,2,0,0,True,car,53,True,178.3,46.58,224.88,True,False,0.86
trp_00914,psg_0493,rte_calais_dover,20260702,ctx_family_holiday,prd_pet_friendly_travel,chn_website,src_behavior_model_01,2,1,1,0,0,False,foot,49,True,60.25,54.02,114.27,True,True,0.845
trp_00915,psg_0493,rte_calais_dover,20240612,ctx_shopping,prd_flexible_combi_ticket,chn_website,src_behavior_model_01,3,2,2,0,0,True,camper,15,False,208.57,39.67,248.24,True,True,0.867
trp_00916,psg_0494,rte_jersey_portsmouth,20240616,ctx_weekend_getaway,prd_basic_seat,chn_search_engine,src_behavior_model_01,1,3,2,0,1,False,foot,18,False,198.99,44.09,243.08,True,False,0.832
trp_00917,psg_0494,rte_dunkirk_dover,20240214,ctx_shopping,prd_basic_seat,chn_social_media,src_behavior_model_01,2,2,2,0,0,True,motorcycle,23,False,104.81,31.12,135.93,True,True,0.887
trp_00918,psg_0495,rte_amsterdam_newcastle,20250325,ctx_mini_cruise,prd_flexible_combi_ticket,chn_travel_agency,src_behavior_model_01,1,2,2,0,0,True,van,34,True,418.77,86.91,505.68,True,False,0.921
trp_00919,psg_0496,rte_karlshamn_klaipeda,20251102,ctx_family_holiday,prd_pet_friendly_travel,chn_call_center,src_behavior_model_01,1,2,2,0,0,True,car,19,True,379.11,53.13,432.24,True,False,0.824
trp_00920,psg_0496,rte_amsterdam_newcastle,20260123,ctx_visiting_friends,prd_mini_cruise_package,chn_website,src_behavior_model_01,2,3,2,1,0,True,car,20,True,832.54,84.18,916.72,True,True,0.775
trp_00921,psg_0497,rte_dunkirk_dover,20240527,ctx_shopping,prd_basic_seat,chn_website,src_behavior_model_01,1,4,4,0,0,False,foot,8,False,188.73,27.79,216.52,True,False,0.899
trp_00922,psg_0498,rte_amsterdam_newcastle,20260501,ctx_mini_cruise,prd_mini_cruise_package,chn_call_center,src_behavior_model_01,1,1,1,0,0,False,foot,120,True,274.62,88.7,363.32,True,False,0.896
trp_00923,psg_0499,rte_dunkirk_dover,20250809,ctx_mini_cruise,prd_standard_inside_cabin,chn_mobile_app,src_behavior_model_01,1,3,2,1,0,False,foot,18,True,215.18,41.24,256.42,True,False,0.91
trp_00924,psg_0499,rte_jersey_portsmouth,20240607,ctx_mini_cruise,prd_basic_seat,chn_mobile_app,src_behavior_model_01,2,1,1,0,0,False,foot,13,False,73.67,35.05,108.72,True,True,0.748
trp_00925,psg_0500,rte_amsterdam_newcastle,20260402,ctx_weekend_getaway,prd_commodore_cabin,chn_returning_portal,src_behavior_model_01,1,3,2,0,1,True,car,15,True,647.49,101.05,748.54,True,False,0.889
trp_00926,psg_0501,rte_jersey_poole,20261216,ctx_mini_cruise,prd_mini_cruise_package,chn_social_media,src_behavior_model_01,1,3,2,0,1,False,foot,34,True,406.04,65.54,471.58,True,False,0.781
trp_00927,psg_0502,rte_calais_dover,20261125,ctx_mini_cruise,prd_standard_inside_cabin,chn_website,src_behavior_model_01,1,1,1,0,0,True,car,26,True,99.69,38.69,138.38,True,False,0.915
trp_00928,psg_0502,rte_dieppe_newhaven,20250524,ctx_weekend_getaway,prd_flexible_combi_ticket,chn_mobile_app,src_behavior_model_01,2,3,3,0,0,False,foot,19,False,200.3,35.35,235.65,True,True,0.906
trp_00929,psg_0503,rte_amsterdam_newcastle,20250115,ctx_mini_cruise,prd_sea_view_cabin,chn_returning_portal,src_behavior_model_01,1,2,2,0,0,False,foot,77,True,404.22,98.43,502.65,True,False,0.869
trp_00930,psg_0503,rte_kiel_klaipeda,20260721,ctx_visiting_friends,prd_mini_cruise_package,chn_returning_portal,src_behavior_model_01,2,1,1,0,0,False,foot,65,True,315.66,106.59,422.25,True,True,0.872
trp_00931,psg_0504,rte_amsterdam_newcastle,20250604,ctx_mini_cruise,prd_mini_cruise_package,chn_call_center,src_behavior_model_01,1,1,0,0,1,False,foot,114,True,257.54,89.57,347.11,True,False,0.827
trp_00932,psg_0504,rte_kapellskar_paldiski,20260823,ctx_weekend_getaway,prd_mini_cruise_package,chn_call_center,src_behavior_model_01,2,1,0,0,1,False,foot,108,True,286.71,88.52,375.23,True,True,0.743
trp_00933,psg_0505,rte_amsterdam_newcastle,20250302,ctx_mini_cruise,prd_flexible_combi_ticket,chn_mobile_app,src_behavior_model_01,1,2,2,0,0,False,foot,29,True,347.45,39.13,386.58,True,False,0.755
trp_00934,psg_0506,rte_kapellskar_paldiski,20261208,ctx_weekend_getaway,prd_sea_view_cabin,chn_mobile_app,src_behavior_model_01,1,2,2,0,0,False,foot,16,True,405.57,57.32,462.89,True,False,0.775
trp_00935,psg_0506,rte_jersey_stmalo,20260209,ctx_weekend_getaway,prd_basic_seat,chn_mobile_app,src_behavior_model_01,2,3,2,1,0,False,foot,14,True,239.03,37.42,276.45,True,True,0.82
trp_00936,psg_0507,rte_amsterdam_newcastle,20251007,ctx_mini_cruise,prd_mini_cruise_package,chn_returning_portal,src_behavior_model_01,1,2,2,0,0,False,foot,108,True,475.14,100.67,575.81,True,False,0.827
trp_00937,psg_0508,rte_dieppe_newhaven,20240202,ctx_visiting_friends,prd_pet_friendly_travel,chn_call_center,src_behavior_model_01,1,4,3,1,0,True,car,71,True,280.28,66.0,346.28,True,False,0.85
trp_00938,psg_0509,rte_dieppe_newhaven,20250922,ctx_weekend_getaway,prd_flexible_combi_ticket,chn_social_media,src_behavior_model_01,1,2,2,0,0,False,foot,23,False,124.06,43.81,167.87,True,False,0.829
trp_00939,psg_0509,rte_amsterdam_newcastle,20250103,ctx_weekend_getaway,prd_basic_seat,chn_social_media,src_behavior_model_01,2,2,2,0,0,False,foot,9,True,241.12,38.72,279.84,True,True,0.849
trp_00940,psg_0510,rte_spain_morocco,20261121,ctx_weekend_getaway,prd_basic_seat,chn_email_campaign,src_behavior_model_01,1,3,3,0,0,False,foot,21,False,273.53,25.66,299.19,True,False,0.785
trp_00941,psg_0511,rte_rosslare_dunkirk,20250506,ctx_mini_cruise,prd_commodore_cabin,chn_call_center,src_behavior_model_01,1,2,2,0,0,False,foot,78,True,345.46,109.02,454.48,True,False,0.789
trp_00942,psg_0512,rte_amsterdam_newcastle,20250920,ctx_business,prd_standard_inside_cabin,chn_returning_portal,src_behavior_model_01,1,2,2,0,0,False,foot,2,True,371.25,62.05,433.3,True,False,0.872
trp_00943,psg_0513,rte_jersey_stmalo,20240730,ctx_family_holiday,prd_vehicle_crossing_basic,chn_email_campaign,src_behavior_model_01,1,5,3,2,0,False,foot,38,True,405.38,84.12,489.5,True,False,0.831
trp_00944,psg_0513,rte_calais_dover,20260722,ctx_family_holiday,prd_vehicle_crossing_basic,chn_website,src_behavior_model_01,2,4,1,3,0,True,van,34,True,313.24,68.95,382.19,True,True,0.932
trp_00945,psg_0514,rte_amsterdam_newcastle,20260902,ctx_mini_cruise,prd_standard_inside_cabin,chn_mobile_app,src_behavior_model_01,1,1,1,0,0,False,foot,10,True,175.53,45.11,220.64,True,False,0.748
trp_00946,psg_0514,rte_amsterdam_newcastle,20260823,ctx_mini_cruise,prd_basic_seat,chn_search_engine,src_behavior_model_01,2,1,1,0,0,False,foot,14,True,130.04,41.67,171.71,True,True,0.769
trp_00947,psg_0515,rte_spain_morocco,20260719,ctx_transport,prd_flexible_combi_ticket,chn_social_media,src_behavior_model_01,1,4,4,0,0,False,foot,8,False,347.61,35.19,382.8,True,False,0.779
trp_00948,psg_0516,rte_dieppe_newhaven,20240817,ctx_transport,prd_flexible_combi_ticket,chn_website,src_behavior_model_01,1,3,2,0,1,True,car,7,False,217.25,51.37,268.62,True,False,0.917
trp_00949,psg_0516,rte_trelleborg_klaipeda,20250603,ctx_family_holiday,prd_mini_cruise_package,chn_search_engine,src_behavior_model_01,2,3,3,0,0,True,camper,53,True,970.54,68.88,1039.42,True,True,0.734
trp_00950,psg_0516,rte_spain_morocco,20261104,ctx_transport,prd_standard_inside_cabin,chn_call_center,src_behavior_model_01,3,1,1,0,0,True,car,20,True,152.25,38.03,190.28,True,True,0.756
trp_00951,psg_0517,rte_karlshamn_klaipeda,20250616,ctx_mini_cruise,prd_commodore_cabin,chn_call_center,src_behavior_model_01,1,1,0,0,1,False,foot,37,True,232.68,73.65,306.33,True,False,0.808
trp_00952,psg_0518,rte_jersey_poole,20250731,ctx_weekend_getaway,prd_flexible_combi_ticket,chn_search_engine,src_behavior_model_01,1,2,2,0,0,False,foot,9,False,190.5,39.5,230.0,True,False,0.752
trp_00953,psg_0519,rte_dunkirk_dover,20260519,ctx_shopping,prd_basic_seat,chn_website,src_behavior_model_01,1,3,3,0,0,False,foot,23,False,143.49,29.73,173.22,True,False,0.928
trp_00954,psg_0520,rte_dieppe_newhaven,20250503,ctx_family_holiday,prd_pet_friendly_travel,chn_website,src_behavior_model_01,1,3,3,0,0,True,camper,11,True,222.12,49.29,271.41,True,False,0.928
trp_00955,psg_0521,rte_dunkirk_dover,20251110,ctx_weekend_getaway,prd_standard_inside_cabin,chn_mobile_app,src_behavior_model_01,1,3,3,0,0,True,camper,11,True,266.79,58.61,325.4,True,False,0.846
trp_00956,psg_0522,rte_calais_dover,20250302,ctx_event,prd_mini_cruise_package,chn_social_media,src_behavior_model_01,1,1,1,0,0,False,foot,15,True,88.93,53.12,142.05,True,False,0.848
trp_00957,psg_0522,rte_dunkirk_dover,20240916,ctx_shopping,prd_flexible_combi_ticket,chn_mobile_app,src_behavior_model_01,2,2,2,0,0,True,van,30,False,184.52,45.27,229.79,True,True,0.882
trp_00958,psg_0523,rte_jersey_poole,20250822,ctx_shopping,prd_basic_seat,chn_search_engine,src_behavior_model_01,1,1,1,0,0,False,foot,26,False,68.69,28.96,97.65,True,False,0.753
trp_00959,psg_0524,rte_jersey_poole,20241001,ctx_weekend_getaway,prd_mini_cruise_package,chn_website,src_behavior_model_01,1,3,3,0,0,False,foot,15,True,387.25,70.28,457.53,True,False,0.762
trp_00960,psg_0525,rte_dunkirk_dover,20240813,ctx_family_holiday,prd_standard_inside_cabin,chn_website,src_behavior_model_01,1,3,2,1,0,False,foot,42,True,229.57,61.53,291.1,True,False,0.898
trp_00961,psg_0525,rte_amsterdam_newcastle,20250315,ctx_visiting_friends,prd_pet_friendly_travel,chn_website,src_behavior_model_01,2,4,4,0,0,False,foot,12,True,632.7,55.7,688.4,True,True,0.799
trp_00962,psg_0526,rte_dieppe_newhaven,20260821,ctx_visiting_friends,prd_vehicle_crossing_basic,chn_travel_agency,src_behavior_model_01,1,4,1,3,0,True,bicycle,68,True,276.35,67.82,344.17,True,False,0.894
trp_00963,psg_0526,rte_dieppe_newhaven,20260610,ctx_family_holiday,prd_vehicle_crossing_basic,chn_website,src_behavior_model_01,2,5,3,2,0,True,motorcycle,57,True,275.2,79.86,355.06,True,True,0.893
trp_00964,psg_0527,rte_dunkirk_dover,20260101,ctx_family_holiday,prd_vehicle_crossing_basic,chn_travel_agency,src_behavior_model_01,1,4,4,0,0,True,car,51,True,297.36,38.38,335.74,True,False,0.823
trp_00965,psg_0527,rte_rosslare_dunkirk,20260728,ctx_transport,prd_commodore_cabin,chn_search_engine,src_behavior_model_01,2,4,3,0,1,False,foot,57,True,697.36,59.04,756.4,True,True,0.844
trp_00966,psg_0528,rte_dunkirk_dover,20240101,ctx_weekend_getaway,prd_vehicle_crossing_basic,chn_call_center,src_behavior_model_01,1,2,2,0,0,True,car,108,True,159.66,85.7,245.36,True,False,0.822
trp_00967,psg_0528,rte_kapellskar_paldiski,20260201,ctx_mini_cruise,prd_commodore_cabin,chn_travel_agency,src_behavior_model_01,2,2,0,0,2,False,foot,62,True,444.15,86.24,530.39,True,True,0.732
trp_00968,psg_0528,rte_jersey_portsmouth,20260620,ctx_weekend_getaway,prd_mini_cruise_package,chn_returning_portal,src_behavior_model_01,3,2,0,0,2,False,foot,60,True,271.26,103.14,374.4,True,True,0.735
trp_00969,psg_0529,rte_morocco_spain,20260309,ctx_weekend_getaway,prd_vehicle_crossing_basic,chn_email_campaign,src_behavior_model_01,1,2,2,0,0,False,foot,3,True,191.03,23.86,214.89,True,False,0.831
trp_00970,psg_0530,rte_dieppe_newhaven,20250421,ctx_weekend_getaway,prd_standard_inside_cabin,chn_search_engine,src_behavior_model_01,1,2,2,0,0,False,foot,19,True,137.2,54.92,192.12,True,False,0.886
trp_00971,psg_0531,rte_karlshamn_klaipeda,20260803,ctx_transport,prd_premium_lounge_pass,chn_website,src_behavior_model_01,1,1,1,0,0,False,foot,4,True,308.72,60.28,369.0,True,False,0.782
trp_00972,psg_0531,rte_kiel_klaipeda,20250305,ctx_business,prd_sea_view_cabin,chn_website,src_behavior_model_01,2,2,2,0,0,False,foot,1,True,402.25,60.92,463.17,True,True,0.871
trp_00973,psg_0531,rte_amsterdam_newcastle,20260429,ctx_business,prd_commodore_cabin,chn_returning_portal,src_behavior_model_01,3,1,1,0,0,True,motorcycle,1,True,224.3,52.04,276.34,True,True,0.893
trp_00974,psg_0532,rte_jersey_stmalo,20250909,ctx_shopping,prd_basic_seat,chn_email_campaign,src_behavior_model_01,1,4,4,0,0,False,foot,19,True,265.22,32.35,297.57,True,False,0.739
trp_00975,psg_0533,rte_rosslare_dunkirk,20260903,ctx_visiting_friends,prd_premium_lounge_pass,chn_returning_portal,src_behavior_model_01,1,2,2,0,0,True,car,52,True,483.38,114.38,597.76,True,False,0.814
trp_00976,psg_0533,rte_amsterdam_newcastle,20240909,ctx_weekend_getaway,prd_commodore_cabin,chn_returning_portal,src_behavior_model_01,2,2,2,0,0,False,foot,84,True,385.09,88.95,474.04,True,True,0.97
trp_00977,psg_0534,rte_jersey_portsmouth,20250404,ctx_visiting_friends,prd_family_cabin_package,chn_email_campaign,src_behavior_model_01,1,4,1,3,0,False,foot,78,True,433.23,75.56,508.79,True,False,0.866
trp_00978,psg_0534,rte_dunkirk_dover,20260704,ctx_family_holiday,prd_vehicle_crossing_basic,chn_email_campaign,src_behavior_model_01,2,3,2,1,0,False,foot,50,True,174.64,67.32,241.96,True,True,0.863
trp_00979,psg_0534,rte_rosslare_dunkirk,20251011,ctx_family_holiday,prd_vehicle_crossing_basic,chn_email_campaign,src_behavior_model_01,3,4,3,1,0,False,foot,40,True,535.83,75.35,611.18,True,True,0.858
trp_00980,psg_0534,rte_dieppe_newhaven,20260405,ctx_transport,prd_standard_inside_cabin,chn_website,src_behavior_model_01,4,4,2,2,0,True,camper,51,True,314.89,70.45,385.34,True,True,0.947
trp_00981,psg_0535,rte_dieppe_newhaven,20240924,ctx_transport,prd_standard_inside_cabin,chn_search_engine,src_behavior_model_01,1,2,2,0,0,False,foot,33,True,141.41,42.99,184.4,True,False,0.862
trp_00982,psg_0535,rte_dieppe_newhaven,20241009,ctx_visiting_friends,prd_flexible_combi_ticket,chn_website,src_behavior_model_01,2,1,1,0,0,False,foot,10,False,69.23,32.31,101.54,True,True,0.898
trp_00983,psg_0536,rte_rosslare_dunkirk,20250723,ctx_visiting_friends,prd_family_cabin_package,chn_mobile_app,src_behavior_model_01,1,5,1,4,0,False,foot,27,True,885.05,74.5,959.55,True,False,0.862
trp_00984,psg_0537,rte_calais_dover,20240330,ctx_weekend_getaway,prd_standard_inside_cabin,chn_search_engine,src_behavior_model_01,1,3,3,0,0,False,foot,29,True,212.55,57.07,269.62,True,False,0.871
trp_00985,psg_0537,rte_jersey_portsmouth,20260110,ctx_weekend_getaway,prd_mini_cruise_package,chn_website,src_behavior_model_01,2,2,2,0,0,False,foot,26,True,284.56,69.12,353.68,True,True,0.815
trp_00986,psg_0537,rte_dunkirk_dover,20240321,ctx_mini_cruise,prd_mini_cruise_package,chn_mobile_app,src_behavior_model_01,3,3,2,1,0,False,foot,14,True,256.53,71.71,328.24,True,True,0.87
trp_00987,psg_0538,rte_jersey_stmalo,20251014,ctx_visiting_friends,prd_pet_friendly_travel,chn_search_engine,src_behavior_model_01,1,3,2,1,0,False,foot,37,True,249.06,55.65,304.71,True,False,0.835
trp_00988,psg_0538,rte_amsterdam_newcastle,20260715,ctx_visiting_friends,prd_vehicle_crossing_basic,chn_website,src_behavior_model_01,2,3,2,1,0,True,car,48,True,562.85,48.51,611.36,True,True,0.834
trp_00989,psg_0538,rte_kiel_klaipeda,20260816,ctx_transport,prd_pet_friendly_travel,chn_website,src_behavior_model_01,3,2,2,0,0,True,van,38,True,481.87,55.6,537.47,True,True,0.831
trp_00990,psg_0539,rte_jersey_poole,20250509,ctx_transport,prd_flexible_combi_ticket,chn_call_center,src_behavior_model_01,1,3,3,0,0,False,foot,21,False,305.61,47.7,353.31,True,False,0.846
trp_00991,psg_0539,rte_jersey_stmalo,20250726,ctx_family_holiday,prd_vehicle_crossing_basic,chn_website,src_behavior_model_01,2,2,2,0,0,False,foot,50,True,165.52,48.62,214.14,True,True,0.794
trp_00992,psg_0540,rte_calais_dover,20240708,ctx_weekend_getaway,prd_flexible_combi_ticket,chn_website,src_behavior_model_01,1,1,1,0,0,False,foot,6,False,61.84,34.41,96.25,True,False,0.907
trp_00993,psg_0540,rte_jersey_poole,20240721,ctx_weekend_getaway,prd_flexible_combi_ticket,chn_website,src_behavior_model_01,2,3,3,0,0,False,foot,10,False,278.27,55.88,334.15,True,True,0.775
trp_00994,psg_0541,rte_dieppe_newhaven,20250808,ctx_business,prd_flexible_combi_ticket,chn_website,src_behavior_model_01,1,1,1,0,0,True,car,1,False,100.69,37.44,138.13,True,False,0.979
trp_00995,psg_0541,rte_rosslare_dunkirk,20251027,ctx_business,prd_commodore_cabin,chn_website,src_behavior_model_01,2,1,1,0,0,False,foot,6,True,163.69,58.35,222.04,True,True,0.849
trp_00996,psg_0542,rte_rosslare_dunkirk,20240524,ctx_transport,prd_sea_view_cabin,chn_search_engine,src_behavior_model_01,1,2,2,0,0,False,foot,47,True,322.66,68.81,391.47,True,False,0.741
trp_00997,psg_0543,rte_dieppe_newhaven,20250205,ctx_transport,prd_basic_seat,chn_search_engine,src_behavior_model_01,1,2,2,0,0,False,foot,3,False,88.43,27.38,115.81,True,False,0.833
trp_00998,psg_0543,rte_morocco_spain,20251110,ctx_transport,prd_basic_seat,chn_website,src_behavior_model_01,2,4,4,0,0,True,car,25,False,380.06,37.5,417.56,True,True,0.831
trp_00999,psg_0544,rte_dieppe_newhaven,20250903,ctx_shopping,prd_basic_seat,chn_website,src_behavior_model_01,1,2,2,0,0,False,foot,21,False,103.4,29.35,132.75,True,False,0.913
trp_01000,psg_0545,rte_amsterdam_newcastle,20260617,ctx_visiting_friends,prd_sea_view_cabin,chn_travel_agency,src_behavior_model_01,1,1,1,0,0,True,car,7,True,229.7,58.48,288.18,True,False,0.898
trp_01001,psg_0545,rte_dieppe_newhaven,20250802,ctx_transport,prd_standard_inside_cabin,chn_search_engine,src_behavior_model_01,2,1,1,0,0,True,car,2,True,98.81,60.9,159.71,True,True,0.909
trp_01002,psg_0546,rte_dieppe_newhaven,20250204,ctx_shopping,prd_vehicle_crossing_basic,chn_website,src_behavior_model_01,1,4,3,1,0,False,foot,16,True,264.95,46.77,311.72,True,False,0.814
trp_01003,psg_0546,rte_dunkirk_dover,20250908,ctx_transport,prd_pet_friendly_travel,chn_travel_agency,src_behavior_model_01,2,2,2,0,0,True,camper,47,True,187.91,57.22,245.13,True,True,0.852
trp_01004,psg_0547,rte_amsterdam_newcastle,20240215,ctx_mini_cruise,prd_commodore_cabin,chn_travel_agency,src_behavior_model_01,1,2,1,0,1,False,foot,53,True,370.99,89.91,460.9,True,False,0.907
trp_01005,psg_0548,rte_kiel_klaipeda,20240308,ctx_visiting_friends,prd_sea_view_cabin,chn_website,src_behavior_model_01,1,3,3,0,0,True,car,80,True,780.35,112.88,893.23,True,False,0.828
trp_01006,psg_0549,rte_rosslare_dunkirk,20250510,ctx_family_holiday,prd_mini_cruise_package,chn_call_center,src_behavior_model_01,1,4,2,2,0,True,car,65,True,970.19,107.96,1078.15,True,False,0.863
trp_01007,psg_0550,rte_kapellskar_paldiski,20260314,ctx_mini_cruise,prd_mini_cruise_package,chn_website,src_behavior_model_01,1,2,1,0,1,True,van,33,True,622.29,96.7,718.99,True,False,0.838
trp_01008,psg_0551,rte_dunkirk_dover,20250716,ctx_transport,prd_flexible_combi_ticket,chn_search_engine,src_behavior_model_01,1,4,4,0,0,True,car,11,False,303.66,60.08,363.74,True,False,0.835
trp_01009,psg_0552,rte_kiel_klaipeda,20240206,ctx_visiting_friends,prd_commodore_cabin,chn_travel_agency,src_behavior_model_01,1,1,1,0,0,False,foot,85,True,240.27,104.47,344.74,True,False,0.826
trp_01010,psg_0553,rte_trelleborg_klaipeda,20240522,ctx_shopping,prd_family_cabin_package,chn_mobile_app,src_behavior_model_01,1,5,4,1,0,False,foot,46,True,1202.82,80.07,1282.89,True,False,0.883
trp_01011,psg_0554,rte_dunkirk_dover,20241205,ctx_weekend_getaway,prd_vehicle_crossing_basic,chn_social_media,src_behavior_model_01,1,1,1,0,0,False,foot,13,True,48.79,34.31,83.1,True,False,0.838
trp_01012,psg_0555,rte_dieppe_newhaven,20251127,ctx_weekend_getaway,prd_basic_seat,chn_website,src_behavior_model_01,1,3,3,0,0,True,car,19,False,190.67,29.68,220.35,True,False,0.914
trp_01013,psg_0555,rte_amsterdam_newcastle,20241230,ctx_event,prd_mini_cruise_package,chn_website,src_behavior_model_01,2,3,3,0,0,False,foot,14,True,663.51,80.1,743.61,True,True,0.835
trp_01014,psg_0555,rte_calais_dover,20240822,ctx_weekend_getaway,prd_flexible_combi_ticket,chn_website,src_behavior_model_01,3,1,1,0,0,False,foot,35,False,64.65,47.16,111.81,True,True,0.851
trp_01015,psg_0556,rte_dunkirk_dover,20240121,ctx_transport,prd_flexible_combi_ticket,chn_search_engine,src_behavior_model_01,1,4,4,0,0,True,motorcycle,43,False,238.31,57.88,296.19,True,False,0.849
trp_01016,psg_0556,rte_dunkirk_dover,20260903,ctx_transport,prd_standard_inside_cabin,chn_website,src_behavior_model_01,2,3,3,0,0,True,car,52,True,241.42,49.81,291.23,True,True,0.865
trp_01017,psg_0557,rte_dieppe_newhaven,20261011,ctx_event,prd_flexible_combi_ticket,chn_mobile_app,src_behavior_model_01,1,2,2,0,0,True,van,10,False,168.23,49.3,217.53,True,False,0.905
trp_01018,psg_0558,rte_rosslare_dunkirk,20260524,ctx_transport,prd_standard_inside_cabin,chn_website,src_behavior_model_01,1,4,3,0,1,True,car,53,True,658.65,56.82,715.47,True,False,0.731
trp_01019,psg_0559,rte_rosslare_dunkirk,20240806,ctx_family_holiday,prd_family_cabin_package,chn_call_center,src_behavior_model_01,1,3,2,1,0,True,car,33,True,603.65,76.43,680.08,True,False,0.801
trp_01020,psg_0559,rte_calais_dover,20251016,ctx_visiting_friends,prd_vehicle_crossing_basic,chn_website,src_behavior_model_01,2,4,2,2,0,True,camper,46,True,311.42,72.45,383.87,True,True,0.912
trp_01021,psg_0560,rte_rosslare_dunkirk,20260621,ctx_family_holiday,prd_commodore_cabin,chn_email_campaign,src_behavior_model_01,1,2,2,0,0,False,foot,52,True,332.74,49.66,382.4,True,False,0.834
trp_01022,psg_0561,rte_karlshamn_klaipeda,20250626,ctx_event,prd_commodore_cabin,chn_website,src_behavior_model_01,1,2,2,0,0,False,foot,58,True,442.37,108.26,550.63,True,False,0.809
trp_01023,psg_0562,rte_dunkirk_dover,20261223,ctx_transport,prd_vehicle_crossing_basic,chn_search_engine,src_behavior_model_01,1,2,2,0,0,True,motorcycle,8,True,132.18,28.65,160.83,True,False,0.857
trp_01024,psg_0563,rte_rosslare_dunkirk,20261218,ctx_transport,prd_standard_inside_cabin,chn_website,src_behavior_model_01,1,4,4,0,0,True,car,9,True,674.92,55.38,730.3,True,False,0.75
trp_01025,psg_0563,rte_dunkirk_dover,20251222,ctx_family_holiday,prd_flexible_combi_ticket,chn_call_center,src_behavior_model_01,2,2,2,0,0,False,foot,27,False,137.06,44.44,181.5,True,True,0.876
trp_01026,psg_0564,rte_amsterdam_newcastle,20250401,ctx_weekend_getaway,prd_commodore_cabin,chn_website,src_behavior_model_01,1,2,1,0,1,False,foot,120,True,410.3,85.91,496.21,True,False,0.91
trp_01027,psg_0564,rte_dunkirk_dover,20250711,ctx_mini_cruise,prd_commodore_cabin,chn_call_center,src_behavior_model_01,2,2,1,0,1,True,camper,109,True,206.71,86.17,292.88,True,True,0.843
trp_01028,psg_0564,rte_amsterdam_newcastle,20260919,ctx_mini_cruise,prd_mini_cruise_package,chn_website,src_behavior_model_01,3,1,1,0,0,False,foot,81,True,251.37,103.75,355.12,True,True,0.843
trp_01029,psg_0565,rte_dunkirk_dover,20241128,ctx_transport,prd_vehicle_crossing_basic,chn_search_engine,src_behavior_model_01,1,3,3,0,0,True,car,34,True,224.45,57.13,281.58,True,False,0.874
trp_01030,psg_0566,rte_jersey_stmalo,20261006,ctx_mini_cruise,prd_standard_inside_cabin,chn_social_media,src_behavior_model_01,1,3,2,1,0,False,foot,28,True,287.15,40.74,327.89,True,False,0.844
trp_01031,psg_0567,rte_amsterdam_newcastle,20240603,ctx_business,prd_premium_lounge_pass,chn_website,src_behavior_model_01,1,1,1,0,0,False,foot,11,True,264.8,70.34,335.14,True,False,0.81
trp_01032,psg_0567,rte_calais_dover,20260622,ctx_transport,prd_premium_lounge_pass,chn_website,src_behavior_model_01,2,2,2,0,0,False,foot,6,True,195.94,55.98,251.92,True,True,0.916
trp_01033,psg_0568,rte_dunkirk_dover,20241206,ctx_family_holiday,prd_vehicle_crossing_basic,chn_returning_portal,src_behavior_model_01,1,4,4,0,0,True,car,16,True,285.14,53.3,338.44,True,False,0.839
trp_01034,psg_0568,rte_dunkirk_dover,20260405,ctx_family_holiday,prd_vehicle_crossing_basic,chn_website,src_behavior_model_01,2,3,3,0,0,False,foot,48,True,203.05,46.04,249.09,True,True,0.859
trp_01035,psg_0569,rte_dieppe_newhaven,20250408,ctx_family_holiday,prd_vehicle_crossing_basic,chn_search_engine,src_behavior_model_01,1,2,2,0,0,False,foot,47,True,111.37,49.1,160.47,True,False,0.846
trp_01036,psg_0570,rte_calais_dover,20260227,ctx_visiting_friends,prd_vehicle_crossing_basic,chn_email_campaign,src_behavior_model_01,1,3,3,0,0,True,car,41,True,211.46,59.07,270.53,True,False,0.927
trp_01037,psg_0570,rte_dunkirk_dover,20240820,ctx_visiting_friends,prd_standard_inside_cabin,chn_email_campaign,src_behavior_model_01,2,3,2,1,0,False,foot,34,True,226.24,62.11,288.35,True,True,0.883
trp_01038,psg_0571,rte_calais_dover,20240424,ctx_business,prd_basic_seat,chn_returning_portal,src_behavior_model_01,1,1,1,0,0,True,car,5,False,96.05,50.68,146.73,True,False,0.929
trp_01039,psg_0571,rte_dunkirk_dover,20240417,ctx_business,prd_flexible_combi_ticket,chn_returning_portal,src_behavior_model_01,2,1,1,0,0,False,foot,13,False,60.63,49.8,110.43,True,True,0.888
trp_01040,psg_0572,rte_dieppe_newhaven,20250625,ctx_family_holiday,prd_vehicle_crossing_basic,chn_returning_portal,src_behavior_model_01,1,2,2,0,0,True,car,40,True,151.43,39.19,190.62,True,False,0.881
trp_01041,psg_0572,rte_calais_dover,20240817,ctx_transport,prd_flexible_combi_ticket,chn_website,src_behavior_model_01,2,3,3,0,0,True,car,45,False,244.58,41.86,286.44,True,True,0.866
trp_01042,psg_0572,rte_karlshamn_klaipeda,20261005,ctx_shopping,prd_standard_inside_cabin,chn_search_engine,src_behavior_model_01,3,3,3,0,0,True,car,11,True,677.36,62.36,739.72,True,True,0.844
trp_01043,psg_0573,rte_calais_dover,20260923,ctx_weekend_getaway,prd_flexible_combi_ticket,chn_email_campaign,src_behavior_model_01,1,2,2,0,0,True,camper,13,False,167.7,34.05,201.75,True,False,0.877
trp_01044,psg_0574,rte_calais_dover,20240908,ctx_visiting_friends,prd_vehicle_crossing_basic,chn_travel_agency,src_behavior_model_01,1,5,1,4,0,True,bicycle,22,True,311.19,77.77,388.96,True,False,0.877
trp_01045,psg_0574,rte_jersey_poole,20260711,ctx_family_holiday,prd_family_cabin_package,chn_travel_agency,src_behavior_model_01,2,5,3,2,0,False,foot,47,True,594.21,76.32,670.53,True,True,0.855
trp_01046,psg_0574,rte_calais_dover,20251207,ctx_family_holiday,prd_family_cabin_package,chn_website,src_behavior_model_01,3,5,3,2,0,False,foot,64,True,399.46,92.4,491.86,True,True,0.977
trp_01047,psg_0575,rte_trelleborg_klaipeda,20260320,ctx_visiting_friends,prd_basic_seat,chn_website,src_behavior_model_01,1,1,1,0,0,False,foot,2,True,158.06,38.94,197.0,True,False,0.793
trp_01048,psg_0575,rte_dieppe_newhaven,20240822,ctx_business,prd_basic_seat,chn_travel_agency,src_behavior_model_01,2,2,2,0,0,False,foot,3,False,97.18,51.8,148.98,True,True,0.867
trp_01049,psg_0576,rte_dieppe_newhaven,20250422,ctx_visiting_friends,prd_flexible_combi_ticket,chn_search_engine,src_behavior_model_01,1,3,3,0,0,True,car,23,False,229.14,59.1,288.24,True,False,0.856
trp_01050,psg_0577,rte_calais_dover,20241222,ctx_weekend_getaway,prd_basic_seat,chn_social_media,src_behavior_model_01,1,1,1,0,0,False,foot,16,False,54.91,32.69,87.6,True,False,0.919
trp_01051,psg_0577,rte_calais_dover,20260915,ctx_weekend_getaway,prd_flexible_combi_ticket,chn_mobile_app,src_behavior_model_01,2,1,1,0,0,False,foot,33,False,69.57,36.2,105.77,True,True,0.862
trp_01052,psg_0577,rte_karlshamn_klaipeda,20250621,ctx_weekend_getaway,prd_mini_cruise_package,chn_website,src_behavior_model_01,3,3,3,0,0,False,foot,12,True,918.56,60.66,979.22,True,True,0.735
trp_01053,psg_0577,rte_jersey_poole,20250720,ctx_weekend_getaway,prd_standard_inside_cabin,chn_mobile_app,src_behavior_model_01,4,3,2,1,0,False,foot,24,True,327.83,58.93,386.76,True,True,0.826
trp_01054,psg_0577,rte_dunkirk_dover,20241222,ctx_weekend_getaway,prd_basic_seat,chn_social_media,src_behavior_model_01,5,3,3,0,0,False,foot,5,False,127.12,35.25,162.37,True,True,0.926
trp_01055,psg_0578,rte_rosslare_dunkirk,20260315,ctx_shopping,prd_family_cabin_package,chn_call_center,src_behavior_model_01,1,5,1,4,0,True,car,61,True,993.08,74.09,1067.17,True,False,0.847
trp_01056,psg_0579,rte_dunkirk_dover,20250525,ctx_event,prd_basic_seat,chn_search_engine,src_behavior_model_01,1,2,2,0,0,False,foot,21,False,86.86,25.67,112.53,True,False,0.84
trp_01057,psg_0580,rte_jersey_poole,20250504,ctx_weekend_getaway,prd_pet_friendly_travel,chn_search_engine,src_behavior_model_01,1,2,2,0,0,False,foot,13,True,168.03,57.14,225.17,True,False,0.796
trp_01058,psg_0580,rte_amsterdam_newcastle,20251014,ctx_transport,prd_vehicle_crossing_basic,chn_website,src_behavior_model_01,2,2,2,0,0,False,foot,74,True,352.7,44.31,397.01,True,True,0.829
trp_01059,psg_0581,rte_dieppe_newhaven,20260605,ctx_business,prd_flexible_combi_ticket,chn_website,src_behavior_model_01,1,1,1,0,0,False,foot,10,False,67.96,42.34,110.3,True,False,0.886
trp_01060,psg_0582,rte_kapellskar_paldiski,20260419,ctx_event,prd_commodore_cabin,chn_call_center,src_behavior_model_01,1,1,1,0,0,True,motorcycle,102,True,216.14,77.96,294.1,True,False,0.8
trp_01061,psg_0583,rte_dieppe_newhaven,20250702,ctx_weekend_getaway,prd_vehicle_crossing_basic,chn_website,src_behavior_model_01,1,4,3,1,0,True,car,16,True,253.1,37.45,290.55,True,False,0.919
trp_01062,psg_0584,rte_kapellskar_paldiski,20261121,ctx_transport,prd_vehicle_crossing_basic,chn_website,src_behavior_model_01,1,3,3,0,0,True,car,22,True,626.2,41.88,668.08,True,False,0.784
trp_01063,psg_0584,rte_calais_dover,20250422,ctx_shopping,prd_vehicle_crossing_basic,chn_search_engine,src_behavior_model_01,2,1,1,0,0,True,car,48,True,85.85,34.63,120.48,True,True,0.911
trp_01064,psg_0584,rte_morocco_spain,20260515,ctx_family_holiday,prd_vehicle_crossing_basic,chn_website,src_behavior_model_01,3,1,1,0,0,True,van,33,True,157.02,40.84,197.86,True,True,0.82
trp_01065,psg_0585,rte_rosslare_dunkirk,20250113,ctx_shopping,prd_standard_inside_cabin,chn_travel_agency,src_behavior_model_01,1,3,1,2,0,True,camper,89,True,500.22,83.25,583.47,True,False,0.816
trp_01066,psg_0586,rte_amsterdam_newcastle,20250116,ctx_weekend_getaway,prd_standard_inside_cabin,chn_mobile_app,src_behavior_model_01,1,1,1,0,0,False,foot,6,True,183.08,36.23,219.31,True,False,0.785
trp_01067,psg_0587,rte_dieppe_newhaven,20260606,ctx_visiting_friends,prd_commodore_cabin,chn_returning_portal,src_behavior_model_01,1,2,2,0,0,False,foot,87,True,159.97,89.18,249.15,True,False,0.917
trp_01068,psg_0587,rte_amsterdam_newcastle,20250827,ctx_weekend_getaway,prd_sea_view_cabin,chn_website,src_behavior_model_01,2,2,2,0,0,True,van,51,True,411.18,101.26,512.44,True,True,0.921
trp_01069,psg_0588,rte_dieppe_newhaven,20250309,ctx_event,prd_basic_seat,chn_email_campaign,src_behavior_model_01,1,3,2,0,1,True,car,7,False,155.89,40.27,196.16,True,False,0.921
trp_01070,psg_0588,rte_rosslare_dunkirk,20251122,ctx_weekend_getaway,prd_vehicle_crossing_basic,chn_website,src_behavior_model_01,2,4,4,0,0,True,car,22,True,550.41,28.94,579.35,True,True,0.755
trp_01071,psg_0589,rte_dunkirk_dover,20260413,ctx_transport,prd_vehicle_crossing_basic,chn_search_engine,src_behavior_model_01,1,4,3,1,0,True,car,13,True,228.26,33.48,261.74,True,False,0.825
trp_01072,psg_0590,rte_dunkirk_dover,20260926,ctx_visiting_friends,prd_vehicle_crossing_basic,chn_search_engine,src_behavior_model_01,1,3,2,1,0,True,van,16,True,233.26,35.69,268.95,True,False,0.836
trp_01073,psg_0591,rte_amsterdam_newcastle,20260712,ctx_transport,prd_mini_cruise_package,chn_search_engine,src_behavior_model_01,1,3,3,0,0,True,car,10,True,823.14,86.14,909.28,True,False,0.778
trp_01074,psg_0591,rte_calais_dover,20241202,ctx_family_holiday,prd_vehicle_crossing_basic,chn_website,src_behavior_model_01,2,2,2,0,0,True,car,16,True,162.99,55.45,218.44,True,True,0.814
trp_01075,psg_0592,rte_amsterdam_newcastle,20261028,ctx_mini_cruise,prd_mini_cruise_package,chn_website,src_behavior_model_01,1,1,1,0,0,True,motorcycle,80,True,246.11,118.03,364.14,True,False,0.954
trp_01076,psg_0593,rte_amsterdam_newcastle,20241223,ctx_visiting_friends,prd_mini_cruise_package,chn_website,src_behavior_model_01,1,2,1,0,1,False,foot,63,True,546.23,95.04,641.27,True,False,0.906
trp_01077,psg_0593,rte_trelleborg_klaipeda,20260129,ctx_mini_cruise,prd_sea_view_cabin,chn_call_center,src_behavior_model_01,2,1,1,0,0,False,foot,52,True,216.17,73.38,289.55,True,True,0.837
trp_01078,psg_0594,rte_kiel_klaipeda,20250902,ctx_shopping,prd_family_cabin_package,chn_travel_agency,src_behavior_model_01,1,4,3,1,0,False,foot,83,True,1011.88,84.22,1096.1,True,False,0.877
trp_01079,psg_0595,rte_trelleborg_klaipeda,20240829,ctx_mini_cruise,prd_premium_lounge_pass,chn_call_center,src_behavior_model_01,1,1,1,0,0,True,motorcycle,36,True,322.51,108.84,431.35,True,False,0.849
trp_01080,psg_0596,rte_dieppe_newhaven,20240724,ctx_family_holiday,prd_pet_friendly_travel,chn_website,src_behavior_model_01,1,4,4,0,0,True,car,72,True,264.59,51.95,316.54,True,False,0.847
trp_01081,psg_0597,rte_amsterdam_newcastle,20260421,ctx_transport,prd_flexible_combi_ticket,chn_website,src_behavior_model_01,1,1,1,0,0,False,foot,5,True,185.41,43.34,228.75,True,False,0.788
trp_01082,psg_0597,rte_dunkirk_dover,20260825,ctx_business,prd_premium_lounge_pass,chn_returning_portal,src_behavior_model_01,2,2,2,0,0,False,foot,12,True,179.57,59.35,238.92,True,True,0.862
trp_01083,psg_0598,rte_calais_dover,20260629,ctx_weekend_getaway,prd_mini_cruise_package,chn_social_media,src_behavior_model_01,1,1,1,0,0,False,foot,24,True,97.49,62.57,160.06,True,False,0.845
trp_01084,psg_0598,rte_jersey_stmalo,20261008,ctx_weekend_getaway,prd_basic_seat,chn_social_media,src_behavior_model_01,2,1,1,0,0,False,foot,3,True,74.32,27.47,101.79,True,True,0.781
trp_01085,psg_0599,rte_jersey_portsmouth,20240704,ctx_shopping,prd_basic_seat,chn_social_media,src_behavior_model_01,1,4,3,1,0,False,foot,22,False,266.01,29.29,295.3,True,False,0.785
trp_01086,psg_0600,rte_calais_dover,20261206,ctx_shopping,prd_mini_cruise_package,chn_social_media,src_behavior_model_01,1,3,2,1,0,False,foot,12,True,259.05,59.56,318.61,True,False,0.876
trp_01087,psg_0601,rte_jersey_stmalo,20250621,ctx_event,prd_basic_seat,chn_website,src_behavior_model_01,1,1,1,0,0,False,foot,26,True,71.95,36.07,108.02,True,False,0.787
trp_01088,psg_0601,rte_calais_dover,20260916,ctx_event,prd_basic_seat,chn_email_campaign,src_behavior_model_01,2,3,2,0,1,False,foot,4,False,136.79,38.36,175.15,True,True,0.844
trp_01089,psg_0602,rte_calais_dover,20260203,ctx_business,prd_premium_lounge_pass,chn_search_engine,src_behavior_model_01,1,1,1,0,0,False,foot,5,True,96.17,69.54,165.71,True,False,0.927
trp_01090,psg_0602,rte_calais_dover,20250722,ctx_transport,prd_flexible_combi_ticket,chn_website,src_behavior_model_01,2,1,1,0,0,False,foot,13,False,71.74,51.52,123.26,True,True,0.97
trp_01091,psg_0602,rte_karlshamn_klaipeda,20240712,ctx_business,prd_standard_inside_cabin,chn_call_center,src_behavior_model_01,3,2,2,0,0,False,foot,6,True,426.7,50.54,477.24,True,True,0.883
trp_01092,psg_0602,rte_amsterdam_newcastle,20250623,ctx_business,prd_flexible_combi_ticket,chn_travel_agency,src_behavior_model_01,4,2,2,0,0,False,foot,4,True,375.01,59.58,434.59,True,True,0.887
trp_01093,psg_0603,rte_dieppe_newhaven,20241017,ctx_visiting_friends,prd_vehicle_crossing_basic,chn_website,src_behavior_model_01,1,3,3,0,0,True,car,20,True,211.91,102.38,314.29,True,False,0.935
trp_01094,psg_0604,rte_kapellskar_paldiski,20240521,ctx_business,prd_sea_view_cabin,chn_returning_portal,src_behavior_model_01,1,1,1,0,0,True,car,14,True,250.08,64.79,314.87,True,False,0.797
trp_01095,psg_0604,rte_dieppe_newhaven,20260421,ctx_business,prd_premium_lounge_pass,chn_returning_portal,src_behavior_model_01,2,2,2,0,0,True,car,2,True,238.64,53.35,291.99,True,True,0.941
trp_01096,psg_0604,rte_calais_dover,20241206,ctx_business,prd_standard_inside_cabin,chn_website,src_behavior_model_01,3,1,1,0,0,True,van,10,True,115.95,50.05,166.0,True,True,0.976
trp_01097,psg_0605,rte_calais_dover,20240826,ctx_mini_cruise,prd_mini_cruise_package,chn_mobile_app,src_behavior_model_01,1,2,2,0,0,False,foot,22,True,178.5,61.28,239.78,True,False,0.83
trp_01098,psg_0605,rte_jersey_poole,20260603,ctx_mini_cruise,prd_basic_seat,chn_website,src_behavior_model_01,2,3,3,0,0,False,foot,8,False,219.37,47.84,267.21,True,True,0.848
trp_01099,psg_0605,rte_dieppe_newhaven,20250531,ctx_mini_cruise,prd_mini_cruise_package,chn_search_engine,src_behavior_model_01,3,1,1,0,0,True,car,12,True,125.72,68.05,193.77,True,True,0.883
trp_01100,psg_0606,rte_calais_dover,20250327,ctx_event,prd_mini_cruise_package,chn_social_media,src_behavior_model_01,1,3,2,0,1,False,foot,23,True,278.08,75.46,353.54,True,False,0.848
trp_01101,psg_0606,rte_jersey_stmalo,20240628,ctx_mini_cruise,prd_standard_inside_cabin,chn_mobile_app,src_behavior_model_01,2,3,2,0,1,False,foot,26,True,324.28,49.46,373.74,True,True,0.827
trp_01102,psg_0606,rte_dieppe_newhaven,20240131,ctx_weekend_getaway,prd_flexible_combi_ticket,chn_social_media,src_behavior_model_01,3,2,2,0,0,True,car,14,False,157.8,45.45,203.25,True,True,0.905
trp_01103,psg_0607,rte_rosslare_dunkirk,20260626,ctx_transport,prd_vehicle_crossing_basic,chn_search_engine,src_behavior_model_01,1,1,1,0,0,True,van,21,True,208.37,48.99,257.36,True,False,0.763
trp_01104,psg_0607,rte_dieppe_newhaven,20240623,ctx_shopping,prd_vehicle_crossing_basic,chn_website,src_behavior_model_01,2,4,3,0,1,True,car,36,True,291.41,54.44,345.85,True,True,0.829
trp_01105,psg_0607,rte_dunkirk_dover,20241225,ctx_shopping,prd_flexible_combi_ticket,chn_website,src_behavior_model_01,3,1,1,0,0,True,bicycle,27,False,77.81,52.29,130.1,True,True,0.874
trp_01106,psg_0608,rte_kapellskar_paldiski,20251213,ctx_weekend_getaway,prd_mini_cruise_package,chn_website,src_behavior_model_01,1,3,3,0,0,False,foot,34,True,936.86,124.16,1061.02,True,False,0.825
trp_01107,psg_0609,rte_amsterdam_newcastle,20250723,ctx_mini_cruise,prd_mini_cruise_package,chn_website,src_behavior_model_01,1,1,1,0,0,True,car,23,True,298.19,108.88,407.07,True,False,0.852
trp_01108,psg_0609,rte_dieppe_newhaven,20240331,ctx_weekend_getaway,prd_commodore_cabin,chn_website,src_behavior_model_01,2,2,2,0,0,False,foot,66,True,136.3,90.4,226.7,True,True,0.87
trp_01109,psg_0609,rte_amsterdam_newcastle,20240610,ctx_weekend_getaway,prd_mini_cruise_package,chn_returning_portal,src_behavior_model_01,3,2,1,0,1,False,foot,116,True,465.91,101.9,567.81,True,True,0.859
trp_01110,psg_0610,rte_calais_dover,20260227,ctx_visiting_friends,prd_sea_view_cabin,chn_travel_agency,src_behavior_model_01,1,1,0,0,1,False,foot,76,True,62.72,69.52,132.24,True,False,0.923
trp_01111,psg_0611,rte_dunkirk_dover,20260101,ctx_transport,prd_standard_inside_cabin,chn_website,src_behavior_model_01,1,4,1,3,0,True,car,41,True,285.93,74.04,359.97,True,False,0.943
trp_01112,psg_0611,rte_dieppe_newhaven,20260429,ctx_shopping,prd_family_cabin_package,chn_website,src_behavior_model_01,2,4,1,3,0,True,camper,33,True,360.15,73.98,434.13,True,True,0.918
trp_01113,psg_0612,rte_amsterdam_newcastle,20250324,ctx_visiting_friends,prd_flexible_combi_ticket,chn_website,src_behavior_model_01,1,1,1,0,0,False,foot,7,True,177.22,48.53,225.75,True,False,0.896
trp_01114,psg_0612,rte_dieppe_newhaven,20250415,ctx_business,prd_flexible_combi_ticket,chn_search_engine,src_behavior_model_01,2,1,1,0,0,False,foot,7,False,70.73,51.7,122.43,True,True,0.9
trp_01115,psg_0612,rte_dieppe_newhaven,20240118,ctx_business,prd_flexible_combi_ticket,chn_returning_portal,src_behavior_model_01,3,1,1,0,0,False,foot,11,False,72.16,36.54,108.7,True,True,0.978
trp_01116,psg_0612,rte_dieppe_newhaven,20240819,ctx_business,prd_flexible_combi_ticket,chn_website,src_behavior_model_01,4,2,2,0,0,False,foot,12,False,129.27,45.14,174.41,True,True,0.945
trp_01117,psg_0612,rte_dieppe_newhaven,20251014,ctx_business,prd_basic_seat,chn_travel_agency,src_behavior_model_01,5,2,2,0,0,True,camper,10,False,161.25,58.47,219.72,True,True,0.926
trp_01118,psg_0613,rte_calais_dover,20250720,ctx_shopping,prd_vehicle_crossing_basic,chn_social_media,src_behavior_model_01,1,4,3,0,1,True,car,4,True,237.02,48.54,285.56,True,False,0.861
trp_01119,psg_0614,rte_amsterdam_newcastle,20261229,ctx_mini_cruise,prd_sea_view_cabin,chn_call_center,src_behavior_model_01,1,1,1,0,0,False,foot,47,True,177.51,84.58,262.09,True,False,0.881
trp_01120,psg_0615,rte_dieppe_newhaven,20260523,ctx_weekend_getaway,prd_vehicle_crossing_basic,chn_mobile_app,src_behavior_model_01,1,1,1,0,0,True,car,18,True,94.67,34.59,129.26,True,False,0.812
trp_01121,psg_0616,rte_amsterdam_newcastle,20260716,ctx_weekend_getaway,prd_commodore_cabin,chn_website,src_behavior_model_01,1,1,0,0,1,False,foot,34,True,178.17,73.04,251.21,True,False,0.827
trp_01122,psg_0616,rte_karlshamn_klaipeda,20251222,ctx_mini_cruise,prd_mini_cruise_package,chn_website,src_behavior_model_01,2,2,1,0,1,False,foot,113,True,637.78,114.85,752.63,True,True,0.734
trp_01123,psg_0617,rte_amsterdam_newcastle,20250718,ctx_business,prd_premium_lounge_pass,chn_returning_portal,src_behavior_model_01,1,1,1,0,0,False,foot,4,True,247.23,53.43,300.66,True,False,0.876
trp_01124,psg_0617,rte_karlshamn_klaipeda,20240409,ctx_business,prd_standard_inside_cabin,chn_website,src_behavior_model_01,2,1,1,0,0,False,foot,4,True,214.4,56.72,271.12,True,True,0.898
trp_01125,psg_0618,rte_dieppe_newhaven,20261222,ctx_family_holiday,prd_standard_inside_cabin,chn_travel_agency,src_behavior_model_01,1,4,2,2,0,True,car,59,True,278.3,82.94,361.24,True,False,0.872
trp_01126,psg_0619,rte_rosslare_dunkirk,20240108,ctx_transport,prd_flexible_combi_ticket,chn_website,src_behavior_model_01,1,2,2,0,0,True,car,25,True,325.95,54.62,380.57,True,False,0.735
trp_01127,psg_0620,rte_dunkirk_dover,20250211,ctx_family_holiday,prd_flexible_combi_ticket,chn_website,src_behavior_model_01,1,5,4,1,0,True,motorcycle,35,False,365.47,76.38,441.85,True,False,0.953
trp_01128,psg_0620,rte_jersey_stmalo,20260406,ctx_family_holiday,prd_vehicle_crossing_basic,chn_email_campaign,src_behavior_model_01,2,3,2,1,0,False,foot,51,True,251.41,66.63,318.04,True,True,0.873
trp_01129,psg_0621,rte_kiel_klaipeda,20240611,ctx_weekend_getaway,prd_sea_view_cabin,chn_website,src_behavior_model_01,1,2,2,0,0,False,foot,50,True,446.68,106.64,553.32,True,False,0.816
trp_01130,psg_0621,rte_amsterdam_newcastle,20260715,ctx_mini_cruise,prd_sea_view_cabin,chn_website,src_behavior_model_01,2,1,1,0,0,True,bicycle,73,True,214.81,95.11,309.92,True,True,0.869
trp_01131,psg_0622,rte_amsterdam_newcastle,20240218,ctx_event,prd_sea_view_cabin,chn_call_center,src_behavior_model_01,1,1,1,0,0,False,foot,29,True,189.04,98.0,287.04,True,False,0.97
trp_01132,psg_0622,rte_dieppe_newhaven,20240208,ctx_weekend_getaway,prd_sea_view_cabin,chn_returning_portal,src_behavior_model_01,2,2,2,0,0,False,foot,86,True,153.91,108.09,262.0,True,True,0.96
trp_01133,psg_0623,rte_calais_dover,20260719,ctx_transport,prd_flexible_combi_ticket,chn_email_campaign,src_behavior_model_01,1,4,4,0,0,False,foot,19,False,219.49,42.18,261.67,True,False,0.876
trp_01134,psg_0624,rte_rosslare_dunkirk,20240420,ctx_family_holiday,prd_vehicle_crossing_basic,chn_website,src_behavior_model_01,1,3,2,1,0,True,car,27,True,451.75,67.43,519.18,True,False,0.817
trp_01135,psg_0625,rte_jersey_portsmouth,20241128,ctx_family_holiday,prd_flexible_combi_ticket,chn_call_center,src_behavior_model_01,1,2,2,0,0,False,foot,49,False,185.91,42.05,227.96,True,False,0.784
trp_01136,psg_0626,rte_jersey_portsmouth,20260706,ctx_mini_cruise,prd_basic_seat,chn_website,src_behavior_model_01,1,2,2,0,0,False,foot,32,False,148.35,44.8,193.15,True,False,0.793
trp_01137,psg_0627,rte_calais_dover,20250607,ctx_transport,prd_vehicle_crossing_basic,chn_returning_portal,src_behavior_model_01,1,2,2,0,0,True,camper,24,True,182.11,41.87,223.98,True,False,0.905
trp_01138,psg_0627,rte_dunkirk_dover,20251118,ctx_transport,prd_flexible_combi_ticket,chn_search_engine,src_behavior_model_01,2,4,3,1,0,True,car,54,False,282.28,46.26,328.54,True,True,0.926
trp_01139,psg_0627,rte_rosslare_dunkirk,20240203,ctx_shopping,prd_flexible_combi_ticket,chn_website,src_behavior_model_01,3,2,2,0,0,True,van,11,True,332.18,42.06,374.24,True,True,0.814
trp_01140,psg_0628,rte_dunkirk_dover,20240131,ctx_transport,prd_vehicle_crossing_basic,chn_search_engine,src_behavior_model_01,1,4,4,0,0,True,bicycle,9,True,275.54,43.19,318.73,True,False,0.857
trp_01141,psg_0629,rte_amsterdam_newcastle,20241128,ctx_mini_cruise,prd_mini_cruise_package,chn_call_center,src_behavior_model_01,1,2,0,0,2,False,foot,86,True,504.74,105.59,610.33,True,False,0.84
trp_01142,psg_0630,rte_calais_dover,20240304,ctx_family_holiday,prd_pet_friendly_travel,chn_search_engine,src_behavior_model_01,1,3,3,0,0,False,foot,38,True,169.03,58.68,227.71,True,False,0.888
trp_01143,psg_0631,rte_amsterdam_newcastle,20250519,ctx_event,prd_sea_view_cabin,chn_returning_portal,src_behavior_model_01,1,1,1,0,0,False,foot,111,True,210.63,71.95,282.58,True,False,0.901
trp_01144,psg_0632,rte_kiel_klaipeda,20261026,ctx_family_holiday,prd_vehicle_crossing_basic,chn_website,src_behavior_model_01,1,3,2,1,0,True,car,39,True,628.32,47.73,676.05,True,False,0.81
trp_01145,psg_0633,rte_jersey_poole,20250123,ctx_visiting_friends,prd_vehicle_crossing_basic,chn_email_campaign,src_behavior_model_01,1,3,2,1,0,False,foot,17,True,270.27,72.35,342.62,True,False,0.878
trp_01146,psg_0634,rte_dunkirk_dover,20260526,ctx_weekend_getaway,prd_flexible_combi_ticket,chn_website,src_behavior_model_01,1,1,0,0,1,True,car,70,False,95.65,68.43,164.08,True,False,0.896
trp_01147,psg_0634,rte_jersey_poole,20261223,ctx_mini_cruise,prd_mini_cruise_package,chn_returning_portal,src_behavior_model_01,2,1,0,0,1,False,foot,85,True,144.55,92.06,236.61,True,True,0.789
trp_01148,psg_0635,rte_amsterdam_newcastle,20250305,ctx_event,prd_sea_view_cabin,chn_website,src_behavior_model_01,1,2,2,0,0,False,foot,33,True,402.62,50.3,452.92,True,False,0.809
trp_01149,psg_0636,rte_dunkirk_dover,20240915,ctx_event,prd_basic_seat,chn_search_engine,src_behavior_model_01,1,2,2,0,0,False,foot,21,False,88.58,31.08,119.66,True,False,0.857
trp_01150,psg_0636,rte_rosslare_dunkirk,20241221,ctx_shopping,prd_standard_inside_cabin,chn_email_campaign,src_behavior_model_01,2,2,2,0,0,True,car,12,True,272.52,38.94,311.46,True,True,0.733
trp_01151,psg_0637,rte_karlshamn_klaipeda,20240816,ctx_weekend_getaway,prd_sea_view_cabin,chn_website,src_behavior_model_01,1,3,3,0,0,False,foot,55,True,587.84,106.74,694.58,True,False,0.823
trp_01152,psg_0637,rte_amsterdam_newcastle,20260717,ctx_mini_cruise,prd_commodore_cabin,chn_returning_portal,src_behavior_model_01,2,1,1,0,0,False,foot,88,True,192.01,93.64,285.65,True,True,0.976
trp_01153,psg_0637,rte_amsterdam_newcastle,20260925,ctx_weekend_getaway,prd_sea_view_cabin,chn_website,src_behavior_model_01,3,2,2,0,0,False,foot,28,True,437.05,103.34,540.39,True,True,0.94
trp_01154,psg_0637,rte_calais_dover,20250522,ctx_visiting_friends,prd_sea_view_cabin,chn_returning_portal,src_behavior_model_01,4,3,3,0,0,False,foot,31,True,227.36,103.33,330.69,True,True,0.974
trp_01155,psg_0637,rte_calais_dover,20260725,ctx_weekend_getaway,prd_sea_view_cabin,chn_returning_portal,src_behavior_model_01,5,3,3,0,0,True,camper,85,True,282.29,107.29,389.58,True,True,0.962
trp_01156,psg_0638,rte_calais_dover,20250802,ctx_mini_cruise,prd_basic_seat,chn_mobile_app,src_behavior_model_01,1,2,2,0,0,False,foot,18,False,98.22,36.72,134.94,True,False,0.885
trp_01157,psg_0638,rte_dunkirk_dover,20261220,ctx_weekend_getaway,prd_mini_cruise_package,chn_mobile_app,src_behavior_model_01,2,3,3,0,0,False,foot,28,True,261.39,60.38,321.77,True,True,0.909
trp_01158,psg_0639,rte_amsterdam_newcastle,20240728,ctx_mini_cruise,prd_flexible_combi_ticket,chn_website,src_behavior_model_01,1,2,2,0,0,True,van,85,True,413.63,72.49,486.12,True,False,0.833
trp_01159,psg_0639,rte_jersey_poole,20240923,ctx_mini_cruise,prd_commodore_cabin,chn_call_center,src_behavior_model_01,2,1,1,0,0,False,foot,94,True,96.12,71.06,167.18,True,True,0.818
trp_01160,psg_0640,rte_kapellskar_paldiski,20260607,ctx_visiting_friends,prd_commodore_cabin,chn_call_center,src_behavior_model_01,1,1,1,0,0,True,motorcycle,88,True,216.9,90.03,306.93,True,False,0.811
trp_01161,psg_0640,rte_dieppe_newhaven,20250411,ctx_event,prd_flexible_combi_ticket,chn_website,src_behavior_model_01,2,2,2,0,0,True,motorcycle,45,False,140.07,88.4,228.47,True,True,0.956
trp_01162,psg_0640,rte_dunkirk_dover,20261202,ctx_weekend_getaway,prd_premium_lounge_pass,chn_returning_portal,src_behavior_model_01,3,1,1,0,0,False,foot,19,True,84.34,95.62,179.96,True,True,0.911
trp_01163,psg_0640,rte_amsterdam_newcastle,20250929,ctx_visiting_friends,prd_commodore_cabin,chn_website,src_behavior_model_01,4,3,2,0,1,True,car,75,True,631.88,111.94,743.82,True,True,0.924
trp_01164,psg_0641,rte_kiel_klaipeda,20241015,ctx_mini_cruise,prd_basic_seat,chn_mobile_app,src_behavior_model_01,1,2,2,0,0,True,car,14,True,374.26,28.67,402.93,True,False,0.836
trp_01165,psg_0641,rte_trelleborg_klaipeda,20240509,ctx_mini_cruise,prd_standard_inside_cabin,chn_mobile_app,src_behavior_model_01,2,1,1,0,0,False,foot,34,True,200.52,47.63,248.15,True,True,0.786
trp_01166,psg_0641,rte_dunkirk_dover,20261207,ctx_event,prd_mini_cruise_package,chn_mobile_app,src_behavior_model_01,3,3,3,0,0,False,foot,31,True,277.2,61.86,339.06,True,True,0.842
trp_01167,psg_0642,rte_calais_dover,20240113,ctx_shopping,prd_basic_seat,chn_mobile_app,src_behavior_model_01,1,3,2,0,1,False,foot,30,False,138.11,40.15,178.26,True,False,0.822
trp_01168,psg_0643,rte_dieppe_newhaven,20240304,ctx_business,prd_flexible_combi_ticket,chn_website,src_behavior_model_01,1,2,2,0,0,True,motorcycle,12,False,169.03,61.8,230.83,True,False,0.878
trp_01169,psg_0643,rte_rosslare_dunkirk,20260916,ctx_business,prd_basic_seat,chn_returning_portal,src_behavior_model_01,2,1,1,0,0,False,foot,12,True,134.56,43.35,177.91,True,True,0.843
trp_01170,psg_0644,rte_calais_dover,20260929,ctx_shopping,prd_basic_seat,chn_email_campaign,src_behavior_model_01,1,3,1,1,1,False,foot,2,False,137.43,33.83,171.26,True,False,0.876
trp_01171,psg_0645,rte_dunkirk_dover,20260205,ctx_business,prd_premium_lounge_pass,chn_call_center,src_behavior_model_01,1,1,1,0,0,True,van,12,True,154.06,52.11,206.17,True,False,0.948
trp_01172,psg_0645,rte_calais_dover,20240206,ctx_event,prd_flexible_combi_ticket,chn_travel_agency,src_behavior_model_01,2,1,1,0,0,False,foot,12,False,67.8,54.18,121.98,True,True,0.875
trp_01173,psg_0646,rte_calais_dover,20240523,ctx_business,prd_flexible_combi_ticket,chn_website,src_behavior_model_01,1,2,2,0,0,True,car,1,False,150.47,52.17,202.64,True,False,0.945
trp_01174,psg_0646,rte_dunkirk_dover,20250517,ctx_business,prd_basic_seat,chn_returning_portal,src_behavior_model_01,2,1,1,0,0,False,foot,3,False,52.45,50.15,102.6,True,True,0.962
trp_01175,psg_0647,rte_jersey_poole,20240702,ctx_family_holiday,prd_family_cabin_package,chn_email_campaign,src_behavior_model_01,1,4,1,3,0,False,foot,53,True,424.63,85.72,510.35,True,False,0.781
trp_01176,psg_0648,rte_calais_dover,20250422,ctx_transport,prd_vehicle_crossing_basic,chn_returning_portal,src_behavior_model_01,1,3,2,0,1,True,car,28,True,234.31,52.64,286.95,True,False,0.876
trp_01177,psg_0648,rte_dieppe_newhaven,20260210,ctx_transport,prd_vehicle_crossing_basic,chn_search_engine,src_behavior_model_01,2,1,1,0,0,True,car,7,True,96.43,30.24,126.67,True,True,0.848
trp_01178,psg_0649,rte_dieppe_newhaven,20240425,ctx_family_holiday,prd_vehicle_crossing_basic,chn_search_engine,src_behavior_model_01,1,2,2,0,0,False,foot,30,True,108.0,47.29,155.29,True,False,0.829
trp_01179,psg_0649,rte_calais_dover,20250819,ctx_transport,prd_flexible_combi_ticket,chn_website,src_behavior_model_01,2,4,4,0,0,True,camper,51,False,291.92,58.02,349.94,True,True,0.912
trp_01180,psg_0649,rte_dunkirk_dover,20260426,ctx_transport,prd_vehicle_crossing_basic,chn_website,src_behavior_model_01,3,1,1,0,0,True,car,27,True,90.21,31.16,121.37,True,True,0.848
trp_01181,psg_0650,rte_jersey_stmalo,20240724,ctx_weekend_getaway,prd_vehicle_crossing_basic,chn_website,src_behavior_model_01,1,1,1,0,0,False,foot,20,True,70.6,23.86,94.46,True,False,0.732
trp_01182,psg_0650,rte_dunkirk_dover,20250713,ctx_transport,prd_basic_seat,chn_social_media,src_behavior_model_01,2,4,3,1,0,False,foot,28,False,153.57,46.4,199.97,True,True,0.918
trp_01183,psg_0651,rte_calais_dover,20250205,ctx_family_holiday,prd_flexible_combi_ticket,chn_travel_agency,src_behavior_model_01,1,2,2,0,0,True,van,33,False,162.09,42.11,204.2,True,False,0.863
trp_01184,psg_0652,rte_dieppe_newhaven,20251008,ctx_transport,prd_vehicle_crossing_basic,chn_website,src_behavior_model_01,1,2,2,0,0,True,motorcycle,33,True,128.92,38.62,167.54,True,False,0.927
trp_01185,psg_0652,rte_dunkirk_dover,20250910,ctx_transport,prd_vehicle_crossing_basic,chn_returning_portal,src_behavior_model_01,2,3,3,0,0,True,motorcycle,29,True,229.18,51.9,281.08,True,True,0.889
trp_01186,psg_0652,rte_spain_morocco,20240409,ctx_family_holiday,prd_vehicle_crossing_basic,chn_search_engine,src_behavior_model_01,3,2,2,0,0,True,car,15,True,232.38,48.21,280.59,True,True,0.811
trp_01187,psg_0653,rte_rosslare_dunkirk,20240610,ctx_family_holiday,prd_vehicle_crossing_basic,chn_website,src_behavior_model_01,1,2,2,0,0,True,bicycle,71,True,304.97,56.37,361.34,True,False,0.799
trp_01188,psg_0653,rte_karlshamn_klaipeda,20260925,ctx_weekend_getaway,prd_vehicle_crossing_basic,chn_call_center,src_behavior_model_01,2,2,2,0,0,True,van,55,True,406.46,56.21,462.67,True,True,0.836
trp_01189,psg_0653,rte_dunkirk_dover,20250316,ctx_visiting_friends,prd_flexible_combi_ticket,chn_call_center,src_behavior_model_01,3,4,3,1,0,False,foot,60,False,255.58,62.23,317.81,True,True,0.894
trp_01190,psg_0654,rte_dieppe_newhaven,20261206,ctx_weekend_getaway,prd_basic_seat,chn_email_campaign,src_behavior_model_01,1,3,3,0,0,True,car,27,False,166.38,29.31,195.69,True,False,0.847
trp_01191,psg_0655,rte_calais_dover,20240601,ctx_mini_cruise,prd_mini_cruise_package,chn_website,src_behavior_model_01,1,3,3,0,0,False,foot,25,True,294.23,68.89,363.12,True,False,0.929
trp_01192,psg_0656,rte_amsterdam_newcastle,20250723,ctx_mini_cruise,prd_sea_view_cabin,chn_website,src_behavior_model_01,1,3,3,0,0,True,camper,73,True,636.02,108.54,744.56,True,False,0.957
trp_01193,psg_0656,rte_dieppe_newhaven,20260417,ctx_mini_cruise,prd_commodore_cabin,chn_call_center,src_behavior_model_01,2,3,3,0,0,False,foot,81,True,237.87,100.2,338.07,True,True,0.897
trp_01194,psg_0656,rte_dunkirk_dover,20261228,ctx_weekend_getaway,prd_sea_view_cabin,chn_travel_agency,src_behavior_model_01,3,3,3,0,0,False,foot,38,True,233.33,100.42,333.75,True,True,0.898
trp_01195,psg_0656,rte_amsterdam_newcastle,20240728,ctx_weekend_getaway,prd_premium_lounge_pass,chn_website,src_behavior_model_01,4,3,3,0,0,False,foot,89,True,651.62,106.9,758.52,True,True,0.932
trp_01196,psg_0657,rte_amsterdam_newcastle,20261231,ctx_mini_cruise,prd_mini_cruise_package,chn_website,src_behavior_model_01,1,1,0,0,1,False,foot,109,True,254.24,93.97,348.21,True,False,0.891
trp_01197,psg_0657,rte_amsterdam_newcastle,20240727,ctx_weekend_getaway,prd_commodore_cabin,chn_website,src_behavior_model_01,2,1,1,0,0,False,foot,99,True,177.48,76.22,253.7,True,True,0.85
trp_01198,psg_0657,rte_amsterdam_newcastle,20261222,ctx_mini_cruise,prd_mini_cruise_package,chn_call_center,src_behavior_model_01,3,1,1,0,0,False,foot,45,True,241.18,94.28,335.46,True,True,0.86
trp_01199,psg_0658,rte_dunkirk_dover,20240701,ctx_weekend_getaway,prd_mini_cruise_package,chn_website,src_behavior_model_01,1,3,3,0,0,False,foot,3,True,268.03,61.89,329.92,True,False,0.911
trp_01200,psg_0659,rte_dunkirk_dover,20260913,ctx_event,prd_basic_seat,chn_mobile_app,src_behavior_model_01,1,3,3,0,0,False,foot,29,False,157.11,36.31,193.42,True,False,0.877
trp_01201,psg_0659,rte_dieppe_newhaven,20241231,ctx_weekend_getaway,prd_standard_inside_cabin,chn_website,src_behavior_model_01,2,1,1,0,0,True,car,3,True,112.77,40.16,152.93,True,True,0.87
trp_01202,psg_0660,rte_dieppe_newhaven,20250626,ctx_family_holiday,prd_vehicle_crossing_basic,chn_website,src_behavior_model_01,1,2,2,0,0,True,van,59,True,178.1,37.05,215.15,True,False,0.859
trp_01203,psg_0661,rte_calais_dover,20251226,ctx_transport,prd_standard_inside_cabin,chn_search_engine,src_behavior_model_01,1,2,2,0,0,False,foot,8,True,149.55,61.37,210.92,True,False,0.832
trp_01204,psg_0662,rte_jersey_stmalo,20260124,ctx_shopping,prd_basic_seat,chn_social_media,src_behavior_model_01,1,2,2,0,0,False,foot,32,True,125.69,26.85,152.54,True,False,0.733
trp_01205,psg_0663,rte_rosslare_dunkirk,20241214,ctx_family_holiday,prd_family_cabin_package,chn_email_campaign,src_behavior_model_01,1,3,1,2,0,True,car,28,True,538.6,69.26,607.86,True,False,0.826
trp_01206,psg_0663,rte_rosslare_dunkirk,20260725,ctx_visiting_friends,prd_mini_cruise_package,chn_email_campaign,src_behavior_model_01,2,5,3,2,0,True,camper,32,True,1110.97,104.42,1215.39,True,True,0.793
trp_01207,psg_0663,rte_rosslare_dunkirk,20260830,ctx_transport,prd_family_cabin_package,chn_email_campaign,src_behavior_model_01,3,3,2,1,0,True,car,49,True,534.32,75.72,610.04,True,True,0.802
trp_01208,psg_0664,rte_dunkirk_dover,20260518,ctx_visiting_friends,prd_sea_view_cabin,chn_returning_portal,src_behavior_model_01,1,3,2,0,1,True,van,17,True,262.9,106.69,369.59,True,False,0.975
trp_01209,psg_0664,rte_rosslare_dunkirk,20250503,ctx_weekend_getaway,prd_premium_lounge_pass,chn_website,src_behavior_model_01,2,2,2,0,0,False,foot,48,True,414.35,97.16,511.51,True,True,0.839
trp_01210,psg_0665,rte_dieppe_newhaven,20260705,ctx_weekend_getaway,prd_mini_cruise_package,chn_mobile_app,src_behavior_model_01,1,2,2,0,0,False,foot,24,True,179.19,60.91,240.1,True,False,0.831
trp_01211,psg_0666,rte_dunkirk_dover,20250809,ctx_mini_cruise,prd_mini_cruise_package,chn_social_media,src_behavior_model_01,1,1,1,0,0,False,foot,20,True,85.24,67.58,152.82,True,False,0.86
trp_01212,psg_0667,rte_dunkirk_dover,20251103,ctx_transport,prd_vehicle_crossing_basic,chn_search_engine,src_behavior_model_01,1,4,4,0,0,False,foot,45,True,235.77,39.41,275.18,True,False,0.826
trp_01213,psg_0667,rte_rosslare_dunkirk,20250321,ctx_family_holiday,prd_pet_friendly_travel,chn_website,src_behavior_model_01,2,1,1,0,0,False,foot,38,True,145.62,37.01,182.63,True,True,0.739
trp_01214,psg_0668,rte_dunkirk_dover,20240806,ctx_transport,prd_pet_friendly_travel,chn_search_engine,src_behavior_model_01,1,4,4,0,0,True,car,11,True,292.8,51.46,344.26,True,False,0.827
trp_01215,psg_0669,rte_jersey_stmalo,20261227,ctx_visiting_friends,prd_commodore_cabin,chn_call_center,src_behavior_model_01,1,3,1,2,0,False,foot,24,True,284.97,79.27,364.24,True,False,0.881
trp_01216,psg_0669,rte_rosslare_dunkirk,20250804,ctx_family_holiday,prd_standard_inside_cabin,chn_mobile_app,src_behavior_model_01,2,3,2,1,0,True,car,65,True,479.72,81.43,561.15,True,True,0.838
trp_01217,psg_0670,rte_kapellskar_paldiski,20260701,ctx_business,prd_sea_view_cabin,chn_call_center,src_behavior_model_01,1,1,1,0,0,True,car,10,True,253.77,64.93,318.7,True,False,0.825
trp_01218,psg_0671,rte_dunkirk_dover,20241227,ctx_visiting_friends,prd_vehicle_crossing_basic,chn_email_campaign,src_behavior_model_01,1,3,2,1,0,True,car,20,True,179.02,75.78,254.8,True,False,0.941
trp_01219,psg_0671,rte_calais_dover,20240623,ctx_family_holiday,prd_family_cabin_package,chn_website,src_behavior_model_01,2,5,2,3,0,True,camper,43,True,472.99,90.04,563.03,True,True,0.944
trp_01220,psg_0672,rte_rosslare_dunkirk,20260909,ctx_transport,prd_vehicle_crossing_basic,chn_returning_portal,src_behavior_model_01,1,4,4,0,0,True,bicycle,47,True,589.96,59.55,649.51,True,False,0.758
trp_01221,psg_0673,rte_amsterdam_newcastle,20260710,ctx_business,prd_standard_inside_cabin,chn_returning_portal,src_behavior_model_01,1,1,1,0,0,False,foot,10,True,187.71,58.1,245.81,True,False,0.872
trp_01222,psg_0673,rte_dieppe_newhaven,20240819,ctx_transport,prd_premium_lounge_pass,chn_website,src_behavior_model_01,2,2,2,0,0,True,car,6,True,197.69,67.64,265.33,True,True,0.871
trp_01223,psg_0674,rte_karlshamn_klaipeda,20260521,ctx_shopping,prd_flexible_combi_ticket,chn_travel_agency,src_behavior_model_01,1,4,4,0,0,True,bicycle,54,True,850.46,53.27,903.73,True,False,0.811
trp_01224,psg_0675,rte_amsterdam_newcastle,20260608,ctx_mini_cruise,prd_mini_cruise_package,chn_call_center,src_behavior_model_01,1,2,0,0,2,False,foot,99,True,507.7,103.98,611.68,True,False,0.897
trp_01225,psg_0675,rte_kiel_klaipeda,20260529,ctx_event,prd_mini_cruise_package,chn_website,src_behavior_model_01,2,2,2,0,0,True,van,53,True,651.65,100.18,751.83,True,True,0.762
trp_01226,psg_0676,rte_dieppe_newhaven,20240615,ctx_transport,prd_vehicle_crossing_basic,chn_website,src_behavior_model_01,1,4,3,0,1,True,car,51,True,319.42,60.14,379.56,True,False,0.872
trp_01227,psg_0677,rte_kiel_klaipeda,20251024,ctx_event,prd_flexible_combi_ticket,chn_returning_portal,src_behavior_model_01,1,2,2,0,0,False,foot,6,True,412.78,41.76,454.54,True,False,0.879
trp_01228,psg_0677,rte_dieppe_newhaven,20240807,ctx_transport,prd_flexible_combi_ticket,chn_returning_portal,src_behavior_model_01,2,2,2,0,0,False,foot,13,False,135.65,40.19,175.84,True,True,0.865
trp_01229,psg_0677,rte_dieppe_newhaven,20250703,ctx_visiting_friends,prd_flexible_combi_ticket,chn_website,src_behavior_model_01,3,1,1,0,0,False,foot,14,False,59.05,43.32,102.37,True,True,0.88
trp_01230,psg_0677,rte_amsterdam_newcastle,20261201,ctx_transport,prd_basic_seat,chn_website,src_behavior_model_01,4,2,2,0,0,False,foot,9,True,278.02,50.0,328.02,True,True,0.814
trp_01231,psg_0678,rte_calais_dover,20250818,ctx_weekend_getaway,prd_flexible_combi_ticket,chn_search_engine,src_behavior_model_01,1,2,2,0,0,True,van,8,False,165.02,50.23,215.25,True,False,0.841
trp_01232,psg_0679,rte_calais_dover,20240612,ctx_shopping,prd_vehicle_crossing_basic,chn_website,src_behavior_model_01,1,2,2,0,0,False,foot,21,True,103.68,40.3,143.98,True,False,0.92
trp_01233,psg_0679,rte_dieppe_newhaven,20241228,ctx_event,prd_standard_inside_cabin,chn_email_campaign,src_behavior_model_01,2,3,3,0,0,False,foot,10,True,189.69,35.09,224.78,True,True,0.811
trp_01234,psg_0680,rte_karlshamn_klaipeda,20260928,ctx_shopping,prd_sea_view_cabin,chn_website,src_behavior_model_01,1,5,2,3,0,True,van,56,True,1206.9,86.49,1293.39,True,False,0.86
trp_01235,psg_0680,rte_dieppe_newhaven,20240630,ctx_family_holiday,prd_vehicle_crossing_basic,chn_email_campaign,src_behavior_model_01,2,4,1,3,0,True,car,68,True,259.36,71.89,331.25,True,True,0.946
trp_01236,psg_0680,rte_jersey_portsmouth,20250518,ctx_shopping,prd_family_cabin_package,chn_call_center,src_behavior_model_01,3,4,3,1,0,False,foot,21,True,459.37,74.52,533.89,True,True,0.896
trp_01237,psg_0681,rte_kiel_klaipeda,20240910,ctx_transport,prd_vehicle_crossing_basic,chn_website,src_behavior_model_01,1,4,3,1,0,True,car,10,True,762.84,43.55,806.39,True,False,0.756
trp_01238,psg_0682,rte_dieppe_newhaven,20250813,ctx_weekend_getaway,prd_flexible_combi_ticket,chn_website,src_behavior_model_01,1,3,3,0,0,True,motorcycle,7,False,191.05,43.12,234.17,True,False,0.906
trp_01239,psg_0683,rte_amsterdam_newcastle,20250703,ctx_mini_cruise,prd_sea_view_cabin,chn_returning_portal,src_behavior_model_01,1,1,0,0,1,True,van,65,True,238.51,89.79,328.3,True,False,0.885
trp_01240,psg_0684,rte_dieppe_newhaven,20241116,ctx_transport,prd_basic_seat,chn_email_campaign,src_behavior_model_01,1,1,1,0,0,False,foot,7,False,39.49,32.16,71.65,True,False,0.851
trp_01241,psg_0685,rte_calais_dover,20240217,ctx_business,prd_premium_lounge_pass,chn_returning_portal,src_behavior_model_01,1,2,2,0,0,False,foot,12,True,198.95,60.97,259.92,True,False,0.933
trp_01242,psg_0685,rte_karlshamn_klaipeda,20261221,ctx_event,prd_commodore_cabin,chn_travel_agency,src_behavior_model_01,2,2,2,0,0,False,foot,2,True,490.16,47.02,537.18,True,True,0.86
trp_01243,psg_0686,rte_amsterdam_newcastle,20260605,ctx_weekend_getaway,prd_mini_cruise_package,chn_website,src_behavior_model_01,1,1,1,0,0,False,foot,30,True,240.61,51.89,292.5,True,False,0.843
trp_01244,psg_0687,rte_dunkirk_dover,20250414,ctx_transport,prd_vehicle_crossing_basic,chn_search_engine,src_behavior_model_01,1,3,1,1,1,True,car,22,True,215.19,35.17,250.36,True,False,0.828
trp_01245,psg_0688,rte_jersey_portsmouth,20261104,ctx_weekend_getaway,prd_standard_inside_cabin,chn_mobile_app,src_behavior_model_01,1,3,2,1,0,False,foot,25,True,286.06,45.62,331.68,True,False,0.828
trp_01246,psg_0688,rte_amsterdam_newcastle,20251217,ctx_weekend_getaway,prd_standard_inside_cabin,chn_social_media,src_behavior_model_01,2,2,2,0,0,False,foot,19,True,336.01,36.84,372.85,True,True,0.77
trp_01247,psg_0689,rte_dunkirk_dover,20260403,ctx_family_holiday,prd_family_cabin_package,chn_website,src_behavior_model_01,1,5,3,2,0,True,car,71,True,401.38,93.76,495.14,True,False,0.971
trp_01248,psg_0689,rte_dieppe_newhaven,20250105,ctx_family_holiday,prd_flexible_combi_ticket,chn_travel_agency,src_behavior_model_01,2,4,1,3,0,True,car,88,False,278.47,76.73,355.2,True,True,0.955
trp_01249,psg_0690,rte_trelleborg_klaipeda,20260729,ctx_transport,prd_vehicle_crossing_basic,chn_search_engine,src_behavior_model_01,1,1,1,0,0,True,car,25,True,211.38,42.17,253.55,True,False,0.778
trp_01250,psg_0690,rte_rosslare_dunkirk,20241129,ctx_family_holiday,prd_flexible_combi_ticket,chn_website,src_behavior_model_01,2,3,3,0,0,True,motorcycle,21,True,429.65,48.99,478.64,True,True,0.755
trp_01251,psg_0691,rte_amsterdam_newcastle,20250805,ctx_weekend_getaway,prd_basic_seat,chn_social_media,src_behavior_model_01,1,3,2,0,1,False,foot,19,True,389.67,35.0,424.67,True,False,0.843
trp_01252,psg_0691,rte_jersey_poole,20240924,ctx_weekend_getaway,prd_mini_cruise_package,chn_mobile_app,src_behavior_model_01,2,2,2,0,0,False,foot,16,True,261.14,68.68,329.82,True,True,0.737
trp_01253,psg_0692,rte_dieppe_newhaven,20240920,ctx_weekend_getaway,prd_basic_seat,chn_email_campaign,src_behavior_model_01,1,4,3,1,0,True,motorcycle,19,False,190.45,35.18,225.63,True,False,0.885
trp_01254,psg_0692,rte_dieppe_newhaven,20240515,ctx_shopping,prd_basic_seat,chn_email_campaign,src_behavior_model_01,2,2,2,0,0,False,foot,12,False,89.37,38.59,127.96,True,True,0.858
trp_01255,psg_0692,rte_dieppe_newhaven,20261229,ctx_weekend_getaway,prd_basic_seat,chn_email_campaign,src_behavior_model_01,3,4,4,0,0,False,foot,23,False,187.45,48.08,235.53,True,True,0.918
trp_01256,psg_0693,rte_dunkirk_dover,20250109,ctx_transport,prd_flexible_combi_ticket,chn_returning_portal,src_behavior_model_01,1,2,2,0,0,True,car,47,False,171.74,46.95,218.69,True,False,0.82
trp_01257,psg_0694,rte_amsterdam_newcastle,20240821,ctx_weekend_getaway,prd_mini_cruise_package,chn_website,src_behavior_model_01,1,2,2,0,0,False,foot,60,True,561.85,110.01,671.86,True,False,0.877
trp_01258,psg_0695,rte_trelleborg_klaipeda,20260620,ctx_family_holiday,prd_standard_inside_cabin,chn_mobile_app,src_behavior_model_01,1,3,1,2,0,False,foot,37,True,679.14,65.04,744.18,True,False,0.791
trp_01259,psg_0695,rte_rosslare_dunkirk,20260623,ctx_family_holiday,prd_vehicle_crossing_basic,chn_website,src_behavior_model_01,2,5,3,2,0,True,van,47,True,741.35,75.83,817.18,True,True,0.836
trp_01260,psg_0696,rte_dieppe_newhaven,20260328,ctx_family_holiday,prd_family_cabin_package,chn_travel_agency,src_behavior_model_01,1,5,3,2,0,False,foot,50,True,344.56,90.57,435.13,True,False,0.965
trp_01261,psg_0697,rte_dieppe_newhaven,20241108,ctx_weekend_getaway,prd_mini_cruise_package,chn_search_engine,src_behavior_model_01,1,1,1,0,0,False,foot,8,True,95.86,69.84,165.7,True,False,0.909
trp_01262,psg_0697,rte_kapellskar_paldiski,20250926,ctx_mini_cruise,prd_flexible_combi_ticket,chn_mobile_app,src_behavior_model_01,2,1,1,0,0,False,foot,19,True,207.28,45.3,252.58,True,True,0.741
trp_01263,psg_0697,rte_amsterdam_newcastle,20260830,ctx_weekend_getaway,prd_standard_inside_cabin,chn_social_media,src_behavior_model_01,3,1,1,0,0,False,foot,22,True,181.37,37.19,218.56,True,True,0.819
trp_01264,psg_0698,rte_jersey_stmalo,20240504,ctx_shopping,prd_basic_seat,chn_email_campaign,src_behavior_model_01,1,2,2,0,0,False,foot,7,True,129.86,29.95,159.81,True,False,0.837
trp_01265,psg_0699,rte_trelleborg_klaipeda,20240711,ctx_weekend_getaway,prd_mini_cruise_package,chn_website,src_behavior_model_01,1,1,1,0,0,True,car,49,True,348.46,100.06,448.52,True,False,0.735
trp_01266,psg_0700,rte_dunkirk_dover,20251209,ctx_visiting_friends,prd_standard_inside_cabin,chn_call_center,src_behavior_model_01,1,4,3,1,0,True,car,24,True,299.21,58.63,357.84,True,False,0.909
trp_01267,psg_0700,rte_dieppe_newhaven,20240802,ctx_visiting_friends,prd_pet_friendly_travel,chn_website,src_behavior_model_01,2,3,3,0,0,False,foot,29,True,188.85,49.66,238.51,True,True,0.838
trp_01268,psg_0701,rte_dieppe_newhaven,20261221,ctx_shopping,prd_vehicle_crossing_basic,chn_returning_portal,src_behavior_model_01,1,4,3,1,0,True,car,46,True,266.55,50.95,317.5,True,False,0.824
trp_01269,psg_0702,rte_dunkirk_dover,20260508,ctx_family_holiday,prd_vehicle_crossing_basic,chn_website,src_behavior_model_01,1,1,1,0,0,True,car,58,True,95.49,33.77,129.26,True,False,0.842
trp_01270,psg_0702,rte_calais_dover,20250308,ctx_transport,prd_vehicle_crossing_basic,chn_call_center,src_behavior_model_01,2,1,1,0,0,False,foot,52,True,66.64,35.48,102.12,True,True,0.828
trp_01271,psg_0703,rte_amsterdam_newcastle,20240209,ctx_weekend_getaway,prd_mini_cruise_package,chn_website,src_behavior_model_01,1,1,1,0,0,True,car,7,True,269.5,63.09,332.59,True,False,0.741
trp_01272,psg_0704,rte_rosslare_dunkirk,20261116,ctx_event,prd_commodore_cabin,chn_travel_agency,src_behavior_model_01,1,3,3,0,0,True,motorcycle,16,True,483.99,111.5,595.49,True,False,0.782
trp_01273,psg_0705,rte_kapellskar_paldiski,20260122,ctx_weekend_getaway,prd_premium_lounge_pass,chn_call_center,src_behavior_model_01,1,1,1,0,0,False,foot,41,True,321.39,108.11,429.5,True,False,0.863
trp_01274,psg_0706,rte_dunkirk_dover,20250703,ctx_weekend_getaway,prd_mini_cruise_package,chn_mobile_app,src_behavior_model_01,1,1,1,0,0,True,van,18,True,144.35,61.18,205.53,True,False,0.832
trp_01275,psg_0706,rte_calais_dover,20241117,ctx_mini_cruise,prd_standard_inside_cabin,chn_website,src_behavior_model_01,2,3,3,0,0,False,foot,32,True,182.28,43.44,225.72,True,True,0.85
trp_01276,psg_0707,rte_rosslare_dunkirk,20240707,ctx_transport,prd_vehicle_crossing_basic,chn_travel_agency,src_behavior_model_01,1,4,1,3,0,True,car,28,True,611.53,66.19,677.72,True,False,0.805
trp_01277,psg_0707,rte_rosslare_dunkirk,20240721,ctx_family_holiday,prd_mini_cruise_package,chn_travel_agency,src_behavior_model_01,2,3,1,2,0,False,foot,76,True,628.05,87.24,715.29,True,True,0.803
trp_01278,psg_0708,rte_karlshamn_klaipeda,20241004,ctx_transport,prd_vehicle_crossing_basic,chn_website,src_behavior_model_01,1,3,3,0,0,True,car,37,True,677.83,44.41,722.24,True,False,0.843
trp_01279,psg_0709,rte_dunkirk_dover,20241231,ctx_family_holiday,prd_family_cabin_package,chn_email_campaign,src_behavior_model_01,1,3,1,2,0,True,camper,79,True,298.52,71.48,370.0,True,False,0.896
trp_01280,psg_0710,rte_amsterdam_newcastle,20240720,ctx_family_holiday,prd_pet_friendly_travel,chn_returning_portal,src_behavior_model_01,1,2,2,0,0,False,foot,18,True,330.09,60.17,390.26,True,False,0.739
trp_01281,psg_0711,rte_calais_dover,20240410,ctx_transport,prd_vehicle_crossing_basic,chn_website,src_behavior_model_01,1,2,2,0,0,True,car,28,True,151.15,49.0,200.15,True,False,0.851
trp_01282,psg_0712,rte_rosslare_dunkirk,20261206,ctx_transport,prd_commodore_cabin,chn_website,src_behavior_model_01,1,4,4,0,0,False,foot,21,True,663.65,66.45,730.1,True,False,0.79
trp_01283,psg_0713,rte_dunkirk_dover,20251124,ctx_transport,prd_flexible_combi_ticket,chn_search_engine,src_behavior_model_01,1,2,2,0,0,False,foot,11,False,126.57,53.03,179.6,True,False,0.909
trp_01284,psg_0713,rte_calais_dover,20261211,ctx_business,prd_flexible_combi_ticket,chn_returning_portal,src_behavior_model_01,2,1,1,0,0,True,car,9,False,104.49,41.57,146.06,True,True,0.905
trp_01285,psg_0714,rte_jersey_portsmouth,20260423,ctx_mini_cruise,prd_mini_cruise_package,chn_social_media,src_behavior_model_01,1,2,2,0,0,False,foot,17,True,263.1,63.98,327.08,True,False,0.794
trp_01286,psg_0714,rte_jersey_stmalo,20250622,ctx_mini_cruise,prd_mini_cruise_package,chn_mobile_app,src_behavior_model_01,2,3,1,1,1,False,foot,26,True,418.68,67.85,486.53,True,True,0.734
trp_01287,psg_0715,rte_calais_dover,20240122,ctx_family_holiday,prd_vehicle_crossing_basic,chn_call_center,src_behavior_model_01,1,3,3,0,0,True,van,37,True,251.04,51.65,302.69,True,False,0.908
trp_01288,psg_0716,rte_dieppe_newhaven,20251225,ctx_business,prd_basic_seat,chn_travel_agency,src_behavior_model_01,1,2,2,0,0,False,foot,10,False,119.28,54.66,173.94,True,False,0.975
trp_01289,psg_0717,rte_dieppe_newhaven,20260408,ctx_family_holiday,prd_vehicle_crossing_basic,chn_website,src_behavior_model_01,1,5,1,4,0,True,car,69,True,346.93,69.64,416.57,True,False,0.876
trp_01290,psg_0717,rte_dieppe_newhaven,20260828,ctx_transport,prd_vehicle_crossing_basic,chn_travel_agency,src_behavior_model_01,2,5,4,1,0,True,car,73,True,345.14,67.73,412.87,True,True,0.93
trp_01291,psg_0718,rte_dieppe_newhaven,20260622,ctx_mini_cruise,prd_sea_view_cabin,chn_website,src_behavior_model_01,1,3,2,1,0,False,foot,76,True,207.43,108.34,315.77,True,False,0.946
trp_01292,psg_0718,rte_kiel_klaipeda,20260126,ctx_weekend_getaway,prd_premium_lounge_pass,chn_travel_agency,src_behavior_model_01,2,3,3,0,0,True,car,44,True,865.17,114.47,979.64,True,True,0.785
trp_01293,psg_0718,rte_amsterdam_newcastle,20251115,ctx_weekend_getaway,prd_commodore_cabin,chn_travel_agency,src_behavior_model_01,3,3,3,0,0,False,foot,83,True,560.89,94.94,655.83,True,True,0.884
trp_01294,psg_0718,rte_amsterdam_newcastle,20251225,ctx_visiting_friends,prd_sea_view_cabin,chn_call_center,src_behavior_model_01,4,3,2,0,1,False,foot,55,True,523.23,101.03,624.26,True,True,0.905
trp_01295,psg_0719,rte_trelleborg_klaipeda,20261204,ctx_visiting_friends,prd_premium_lounge_pass,chn_website,src_behavior_model_01,1,3,3,0,0,True,car,90,True,975.64,109.5,1085.14,True,False,0.813
trp_01296,psg_0720,rte_kiel_klaipeda,20240407,ctx_weekend_getaway,prd_flexible_combi_ticket,chn_mobile_app,src_behavior_model_01,1,2,2,0,0,False,foot,9,True,374.92,44.94,419.86,True,False,0.85
trp_01297,psg_0721,rte_karlshamn_klaipeda,20241122,ctx_family_holiday,prd_flexible_combi_ticket,chn_website,src_behavior_model_01,1,4,3,1,0,True,van,48,True,902.3,53.57,955.87,True,False,0.822
trp_01298,psg_0722,rte_jersey_stmalo,20261105,ctx_weekend_getaway,prd_mini_cruise_package,chn_returning_portal,src_behavior_model_01,1,2,1,0,1,False,foot,36,True,254.37,104.89,359.26,True,False,0.806
trp_01299,psg_0723,rte_amsterdam_newcastle,20260709,ctx_visiting_friends,prd_commodore_cabin,chn_returning_portal,src_behavior_model_01,1,3,3,0,0,True,car,66,True,594.52,104.97,699.49,True,False,0.94
trp_01300,psg_0723,rte_kiel_klaipeda,20240822,ctx_mini_cruise,prd_vehicle_crossing_basic,chn_call_center,src_behavior_model_01,2,3,3,0,0,True,car,81,True,588.57,99.93,688.5,True,True,0.796
trp_01301,psg_0723,rte_amsterdam_newcastle,20260712,ctx_mini_cruise,prd_commodore_cabin,chn_travel_agency,src_behavior_model_01,3,3,3,0,0,False,foot,21,True,554.33,102.71,657.04,True,True,0.923
trp_01302,psg_0724,rte_amsterdam_newcastle,20250914,ctx_event,prd_standard_inside_cabin,chn_returning_portal,src_behavior_model_01,1,1,1,0,0,False,foot,12,True,169.9,60.77,230.67,True,False,0.784
trp_01303,psg_0725,rte_jersey_poole,20260113,ctx_visiting_friends,prd_pet_friendly_travel,chn_call_center,src_behavior_model_01,1,4,3,1,0,False,foot,32,True,346.88,72.48,419.36,True,False,0.804
trp_01304,psg_0726,rte_dunkirk_dover,20241215,ctx_weekend_getaway,prd_mini_cruise_package,chn_mobile_app,src_behavior_model_01,1,1,1,0,0,False,foot,8,True,92.74,67.07,159.81,True,False,0.903
trp_01305,psg_0726,rte_jersey_poole,20250708,ctx_weekend_getaway,prd_basic_seat,chn_search_engine,src_behavior_model_01,2,2,2,0,0,False,foot,22,False,120.63,26.93,147.56,True,True,0.77
trp_01306,psg_0727,rte_calais_dover,20240308,ctx_visiting_friends,prd_flexible_combi_ticket,chn_returning_portal,src_behavior_model_01,1,1,1,0,0,True,car,5,False,109.47,58.4,167.87,True,False,0.901
trp_01307,psg_0727,rte_rosslare_dunkirk,20260514,ctx_visiting_friends,prd_flexible_combi_ticket,chn_website,src_behavior_model_01,2,2,2,0,0,False,foot,1,True,312.64,57.84,370.48,True,True,0.868
trp_01308,psg_0728,rte_calais_dover,20250320,ctx_weekend_getaway,prd_standard_inside_cabin,chn_social_media,src_behavior_model_01,1,2,2,0,0,False,foot,15,True,133.72,52.29,186.01,True,False,0.868
trp_01309,psg_0728,rte_jersey_poole,20260723,ctx_mini_cruise,prd_flexible_combi_ticket,chn_mobile_app,src_behavior_model_01,2,1,1,0,0,False,foot,16,False,84.82,35.89,120.71,True,True,0.753
trp_01310,psg_0729,rte_calais_dover,20240630,ctx_family_holiday,prd_vehicle_crossing_basic,chn_returning_portal,src_behavior_model_01,1,2,2,0,0,True,car,59,True,150.65,50.16,200.81,True,False,0.836
trp_01311,psg_0729,rte_rosslare_dunkirk,20250702,ctx_transport,prd_vehicle_crossing_basic,chn_website,src_behavior_model_01,2,1,1,0,0,True,van,48,True,172.02,34.68,206.7,True,True,0.755
trp_01312,psg_0730,rte_jersey_stmalo,20240731,ctx_family_holiday,prd_pet_friendly_travel,chn_call_center,src_behavior_model_01,1,2,2,0,0,False,foot,75,True,182.88,56.36,239.24,True,False,0.755
trp_01313,psg_0731,rte_dunkirk_dover,20251116,ctx_shopping,prd_vehicle_crossing_basic,chn_search_engine,src_behavior_model_01,1,1,1,0,0,True,bicycle,40,True,68.69,29.82,98.51,True,False,0.906
trp_01314,psg_0732,rte_kapellskar_paldiski,20250911,ctx_event,prd_premium_lounge_pass,chn_website,src_behavior_model_01,1,2,0,0,2,False,foot,58,True,484.7,93.44,578.14,True,False,0.774
trp_01315,psg_0733,rte_kapellskar_paldiski,20251230,ctx_business,prd_sea_view_cabin,chn_website,src_behavior_model_01,1,1,1,0,0,False,foot,1,True,219.98,52.51,272.49,True,False,0.819
trp_01316,psg_0733,rte_trelleborg_klaipeda,20251005,ctx_business,prd_flexible_combi_ticket,chn_returning_portal,src_behavior_model_01,2,2,2,0,0,True,bicycle,4,True,458.42,62.82,521.24,True,True,0.856
trp_01317,psg_0734,rte_calais_dover,20260111,ctx_event,prd_vehicle_crossing_basic,chn_email_campaign,src_behavior_model_01,1,2,2,0,0,False,foot,9,True,122.22,29.56,151.78,True,False,0.83
trp_01318,psg_0734,rte_dunkirk_dover,20250203,ctx_shopping,prd_flexible_combi_ticket,chn_email_campaign,src_behavior_model_01,2,1,1,0,0,False,foot,2,False,56.17,23.44,79.61,True,True,0.858
trp_01319,psg_0735,rte_dieppe_newhaven,20251206,ctx_shopping,prd_basic_seat,chn_email_campaign,src_behavior_model_01,1,2,2,0,0,False,foot,29,False,99.74,30.83,130.57,True,False,0.846
trp_01320,psg_0736,rte_dieppe_newhaven,20251031,ctx_shopping,prd_basic_seat,chn_email_campaign,src_behavior_model_01,1,1,1,0,0,False,foot,29,False,44.45,23.64,68.09,True,False,0.866
trp_01321,psg_0736,rte_calais_dover,20250430,ctx_event,prd_vehicle_crossing_basic,chn_email_campaign,src_behavior_model_01,2,2,2,0,0,False,foot,21,True,100.0,26.24,126.24,True,True,0.841
trp_01322,psg_0736,rte_dieppe_newhaven,20260408,ctx_shopping,prd_basic_seat,chn_email_campaign,src_behavior_model_01,3,4,4,0,0,False,foot,18,False,198.37,37.81,236.18,True,True,0.869
trp_01323,psg_0737,rte_amsterdam_newcastle,20261025,ctx_visiting_friends,prd_commodore_cabin,chn_returning_portal,src_behavior_model_01,1,1,1,0,0,False,foot,35,True,189.11,100.21,289.32,True,False,0.902
trp_01324,psg_0738,rte_amsterdam_newcastle,20260920,ctx_mini_cruise,prd_mini_cruise_package,chn_returning_portal,src_behavior_model_01,1,2,1,0,1,True,van,106,True,562.16,93.5,655.66,True,False,0.857
trp_01325,psg_0739,rte_kiel_klaipeda,20260325,ctx_transport,prd_standard_inside_cabin,chn_returning_portal,src_behavior_model_01,1,2,2,0,0,True,car,5,True,442.38,49.55,491.93,True,False,0.817
trp_01326,psg_0740,rte_amsterdam_newcastle,20241027,ctx_mini_cruise,prd_mini_cruise_package,chn_social_media,src_behavior_model_01,1,2,2,0,0,False,foot,4,True,499.53,73.1,572.63,True,False,0.802
trp_01327,psg_0740,rte_dunkirk_dover,20250829,ctx_mini_cruise,prd_flexible_combi_ticket,chn_social_media,src_behavior_model_01,2,1,1,0,0,True,bicycle,20,False,64.43,45.24,109.67,True,True,0.86
trp_01328,psg_0741,rte_kapellskar_paldiski,20250428,ctx_weekend_getaway,prd_standard_inside_cabin,chn_search_engine,src_behavior_model_01,1,3,3,0,0,True,car,35,True,636.06,46.99,683.05,True,False,0.843
trp_01329,psg_0741,rte_dunkirk_dover,20250501,ctx_mini_cruise,prd_standard_inside_cabin,chn_search_engine,src_behavior_model_01,2,2,2,0,0,False,foot,35,True,138.19,49.65,187.84,True,True,0.838
trp_01330,psg_0741,rte_calais_dover,20241218,ctx_weekend_getaway,prd_standard_inside_cabin,chn_social_media,src_behavior_model_01,3,1,1,0,0,False,foot,6,True,66.43,49.68,116.11,True,True,0.828
trp_01331,psg_0742,rte_dieppe_newhaven,20251128,ctx_visiting_friends,prd_vehicle_crossing_basic,chn_website,src_behavior_model_01,1,4,3,1,0,True,motorcycle,81,True,233.35,66.24,299.59,True,False,0.909
trp_01332,psg_0742,rte_calais_dover,20250517,ctx_family_holiday,prd_vehicle_crossing_basic,chn_website,src_behavior_model_01,2,3,2,1,0,True,car,51,True,191.53,64.15,255.68,True,True,0.906
trp_01333,psg_0743,rte_amsterdam_newcastle,20241021,ctx_weekend_getaway,prd_commodore_cabin,chn_returning_portal,src_behavior_model_01,1,2,2,0,0,False,foot,24,True,398.23,103.11,501.34,True,False,0.911
trp_01334,psg_0743,rte_amsterdam_newcastle,20260701,ctx_visiting_friends,prd_commodore_cabin,chn_call_center,src_behavior_model_01,2,2,2,0,0,False,foot,66,True,382.4,100.68,483.08,True,True,0.945
trp_01335,psg_0743,rte_dieppe_newhaven,20240521,ctx_visiting_friends,prd_premium_lounge_pass,chn_website,src_behavior_model_01,3,3,3,0,0,True,van,65,True,318.77,107.07,425.84,True,True,0.86
trp_01336,psg_0744,rte_dieppe_newhaven,20251002,ctx_mini_cruise,prd_commodore_cabin,chn_travel_agency,src_behavior_model_01,1,2,2,0,0,False,foot,24,True,156.69,95.8,252.49,True,False,0.818
trp_01337,psg_0744,rte_dunkirk_dover,20250829,ctx_event,prd_mini_cruise_package,chn_call_center,src_behavior_model_01,2,2,0,0,2,False,foot,98,True,201.8,105.75,307.55,True,True,0.878
trp_01338,psg_0745,rte_calais_dover,20250126,ctx_shopping,prd_vehicle_crossing_basic,chn_website,src_behavior_model_01,1,1,1,0,0,False,foot,20,True,55.51,34.51,90.02,True,False,0.837
trp_01339,psg_0745,rte_rosslare_dunkirk,20240425,ctx_weekend_getaway,prd_basic_seat,chn_email_campaign,src_behavior_model_01,2,1,1,0,0,False,foot,6,True,101.09,30.54,131.63,True,True,0.802
trp_01340,psg_0746,rte_calais_dover,20261110,ctx_weekend_getaway,prd_flexible_combi_ticket,chn_search_engine,src_behavior_model_01,1,3,2,1,0,False,foot,20,False,200.27,59.3,259.57,True,False,0.828
trp_01341,psg_0746,rte_amsterdam_newcastle,20240709,ctx_visiting_friends,prd_pet_friendly_travel,chn_website,src_behavior_model_01,2,2,2,0,0,False,foot,43,True,283.66,63.77,347.43,True,True,0.735
trp_01342,psg_0746,rte_calais_dover,20250825,ctx_family_holiday,prd_flexible_combi_ticket,chn_call_center,src_behavior_model_01,3,3,2,1,0,True,van,23,False,244.26,54.44,298.7,True,True,0.818
trp_01343,psg_0747,rte_rosslare_dunkirk,20251219,ctx_transport,prd_sea_view_cabin,chn_call_center,src_behavior_model_01,1,1,1,0,0,False,foot,2,True,179.88,61.59,241.47,True,False,0.832
trp_01344,psg_0747,rte_calais_dover,20240403,ctx_business,prd_premium_lounge_pass,chn_search_engine,src_behavior_model_01,2,1,1,0,0,True,car,11,True,132.66,63.87,196.53,True,True,0.954
trp_01345,psg_0747,rte_karlshamn_klaipeda,20250703,ctx_business,prd_premium_lounge_pass,chn_search_engine,src_behavior_model_01,3,1,1,0,0,True,car,13,True,281.03,53.59,334.62,True,True,0.814
trp_01346,psg_0748,rte_trelleborg_klaipeda,20260712,ctx_event,prd_mini_cruise_package,chn_call_center,src_behavior_model_01,1,1,1,0,0,False,foot,87,True,325.37,118.07,443.44,True,False,0.872
trp_01347,psg_0748,rte_calais_dover,20240609,ctx_weekend_getaway,prd_commodore_cabin,chn_website,src_behavior_model_01,2,1,1,0,0,False,foot,29,True,75.7,84.64,160.34,True,True,0.909
trp_01348,psg_0749,rte_calais_dover,20260403,ctx_family_holiday,prd_vehicle_crossing_basic,chn_returning_portal,src_behavior_model_01,1,3,3,0,0,False,foot,73,True,197.32,58.41,255.73,True,False,0.919
trp_01349,psg_0749,rte_dieppe_newhaven,20250911,ctx_family_holiday,prd_pet_friendly_travel,chn_call_center,src_behavior_model_01,2,3,2,1,0,False,foot,52,True,179.45,66.17,245.62,True,True,0.909
trp_01350,psg_0750,rte_kiel_klaipeda,20250329,ctx_weekend_getaway,prd_basic_seat,chn_search_engine,src_behavior_model_01,1,3,3,0,0,False,foot,5,True,437.76,37.51,475.27,True,False,0.788
trp_01351,psg_0750,rte_dunkirk_dover,20250515,ctx_mini_cruise,prd_flexible_combi_ticket,chn_mobile_app,src_behavior_model_01,2,3,3,0,0,True,car,21,False,220.37,51.01,271.38,True,True,0.864
trp_01352,psg_0751,rte_jersey_poole,20240406,ctx_shopping,prd_basic_seat,chn_email_campaign,src_behavior_model_01,1,4,4,0,0,False,foot,5,False,262.87,41.49,304.36,True,False,0.786
trp_01353,psg_0751,rte_dieppe_newhaven,20261119,ctx_shopping,prd_vehicle_crossing_basic,chn_email_campaign,src_behavior_model_01,2,4,3,1,0,False,foot,14,True,257.17,45.45,302.62,True,True,0.826
trp_01354,psg_0752,rte_trelleborg_klaipeda,20240918,ctx_business,prd_standard_inside_cabin,chn_website,src_behavior_model_01,1,2,2,0,0,False,foot,13,True,478.8,60.52,539.32,True,False,0.861
trp_01355,psg_0752,rte_calais_dover,20260119,ctx_business,prd_flexible_combi_ticket,chn_returning_portal,src_behavior_model_01,2,1,1,0,0,True,car,8,False,91.65,55.4,147.05,True,True,0.974
trp_01356,psg_0752,rte_dieppe_newhaven,20250108,ctx_visiting_friends,prd_flexible_combi_ticket,chn_website,src_behavior_model_01,3,2,2,0,0,False,foot,9,False,144.6,40.78,185.38,True,True,0.899
trp_01357,psg_0753,rte_amsterdam_newcastle,20261110,ctx_weekend_getaway,prd_commodore_cabin,chn_social_media,src_behavior_model_01,1,1,1,0,0,False,foot,17,True,174.72,46.9,221.62,True,False,0.77
trp_01358,psg_0753,rte_amsterdam_newcastle,20241228,ctx_weekend_getaway,prd_mini_cruise_package,chn_mobile_app,src_behavior_model_01,2,3,2,1,0,False,foot,10,True,729.51,75.01,804.52,True,True,0.731
trp_01359,psg_0753,rte_calais_dover,20240829,ctx_event,prd_mini_cruise_package,chn_search_engine,src_behavior_model_01,3,1,1,0,0,False,foot,7,True,97.62,67.56,165.18,True,True,0.844
trp_01360,psg_0754,rte_dieppe_newhaven,20260602,ctx_transport,prd_premium_lounge_pass,chn_website,src_behavior_model_01,1,1,1,0,0,False,foot,8,True,96.49,68.65,165.14,True,False,0.931
trp_01361,psg_0754,rte_amsterdam_newcastle,20240825,ctx_business,prd_vehicle_crossing_basic,chn_returning_portal,src_behavior_model_01,2,1,1,0,0,True,car,12,True,196.84,53.41,250.25,True,True,0.842
trp_01362,psg_0755,rte_dieppe_newhaven,20240705,ctx_transport,prd_flexible_combi_ticket,chn_search_engine,src_behavior_model_01,1,4,4,0,0,True,car,8,False,256.22,41.01,297.23,True,False,0.892
trp_01363,psg_0755,rte_dunkirk_dover,20240523,ctx_shopping,prd_basic_seat,chn_social_media,src_behavior_model_01,2,2,2,0,0,False,foot,19,False,99.41,32.02,131.43,True,True,0.827
trp_01364,psg_0756,rte_dunkirk_dover,20240523,ctx_weekend_getaway,prd_mini_cruise_package,chn_call_center,src_behavior_model_01,1,2,2,0,0,False,foot,88,True,195.16,102.72,297.88,True,False,0.892
trp_01365,psg_0756,rte_dieppe_newhaven,20260402,ctx_mini_cruise,prd_mini_cruise_package,chn_call_center,src_behavior_model_01,2,1,0,0,1,True,car,81,True,114.7,98.65,213.35,True,True,0.862
trp_01366,psg_0757,rte_rosslare_dunkirk,20260317,ctx_weekend_getaway,prd_premium_lounge_pass,chn_travel_agency,src_behavior_model_01,1,3,3,0,0,False,foot,23,True,589.66,104.71,694.37,True,False,0.862
trp_01367,psg_0758,rte_morocco_spain,20260319,ctx_transport,prd_vehicle_crossing_basic,chn_search_engine,src_behavior_model_01,1,4,3,1,0,False,foot,4,True,319.27,44.37,363.64,True,False,0.761
trp_01368,psg_0759,rte_spain_morocco,20241114,ctx_transport,prd_vehicle_crossing_basic,chn_website,src_behavior_model_01,1,2,2,0,0,True,motorcycle,26,True,225.35,39.78,265.13,True,False,0.772
trp_01369,psg_0759,rte_dunkirk_dover,20250613,ctx_family_holiday,prd_vehicle_crossing_basic,chn_search_engine,src_behavior_model_01,2,1,1,0,0,False,foot,22,True,63.73,32.72,96.45,True,True,0.916
trp_01370,psg_0760,rte_rosslare_dunkirk,20240323,ctx_transport,prd_standard_inside_cabin,chn_website,src_behavior_model_01,1,2,2,0,0,True,car,45,True,381.5,46.77,428.27,True,False,0.802
trp_01371,psg_0761,rte_dieppe_newhaven,20240401,ctx_weekend_getaway,prd_standard_inside_cabin,chn_social_media,src_behavior_model_01,1,3,2,0,1,False,foot,11,True,212.88,40.73,253.61,True,False,0.824
trp_01372,psg_0762,rte_calais_dover,20240522,ctx_transport,prd_flexible_combi_ticket,chn_returning_portal,src_behavior_model_01,1,3,2,0,1,True,car,18,False,255.3,41.18,296.48,True,False,0.837
trp_01373,psg_0763,rte_kapellskar_paldiski,20240811,ctx_weekend_getaway,prd_mini_cruise_package,chn_returning_portal,src_behavior_model_01,1,1,1,0,0,False,foot,81,True,330.47,123.7,454.17,True,False,0.806
trp_01374,psg_0763,rte_amsterdam_newcastle,20240819,ctx_mini_cruise,prd_vehicle_crossing_basic,chn_website,src_behavior_model_01,2,2,2,0,0,True,car,65,True,353.21,96.53,449.74,True,True,0.862
trp_01375,psg_0763,rte_trelleborg_klaipeda,20240627,ctx_visiting_friends,prd_commodore_cabin,chn_travel_agency,src_behavior_model_01,3,1,1,0,0,True,van,88,True,290.73,87.42,378.15,True,True,0.879
trp_01376,psg_0764,rte_amsterdam_newcastle,20260503,ctx_weekend_getaway,prd_commodore_cabin,chn_call_center,src_behavior_model_01,1,1,0,0,1,False,foot,46,True,171.47,83.27,254.74,True,False,0.912
trp_01377,psg_0764,rte_jersey_poole,20250605,ctx_event,prd_commodore_cabin,chn_travel_agency,src_behavior_model_01,2,1,1,0,0,False,foot,25,True,111.66,91.73,203.39,True,True,0.836
trp_01378,psg_0764,rte_karlshamn_klaipeda,20250729,ctx_event,prd_sea_view_cabin,chn_website,src_behavior_model_01,3,2,0,0,2,True,car,87,True,499.99,75.59,575.58,True,True,0.809
trp_01379,psg_0764,rte_jersey_portsmouth,20240622,ctx_mini_cruise,prd_mini_cruise_package,chn_website,src_behavior_model_01,4,2,0,0,2,False,foot,117,True,264.56,94.03,358.59,True,True,0.815
trp_01380,psg_0765,rte_dieppe_newhaven,20250805,ctx_mini_cruise,prd_basic_seat,chn_mobile_app,src_behavior_model_01,1,1,1,0,0,False,foot,26,False,50.62,35.83,86.45,True,False,0.899
trp_01381,psg_0765,rte_amsterdam_newcastle,20250906,ctx_weekend_getaway,prd_standard_inside_cabin,chn_mobile_app,src_behavior_model_01,2,1,1,0,0,False,foot,15,True,200.4,52.12,252.52,True,True,0.839
trp_01382,psg_0765,rte_dieppe_newhaven,20250613,ctx_mini_cruise,prd_standard_inside_cabin,chn_social_media,src_behavior_model_01,3,2,2,0,0,False,foot,7,True,135.12,48.86,183.98,True,True,0.835
trp_01383,psg_0766,rte_rosslare_dunkirk,20261228,ctx_visiting_friends,prd_family_cabin_package,chn_website,src_behavior_model_01,1,3,1,2,0,True,bicycle,38,True,487.98,85.16,573.14,True,False,0.804
trp_01384,psg_0767,rte_jersey_poole,20260804,ctx_weekend_getaway,prd_flexible_combi_ticket,chn_website,src_behavior_model_01,1,1,1,0,0,False,foot,24,False,88.34,40.53,128.87,True,False,0.767
trp_01385,psg_0768,rte_jersey_portsmouth,20240830,ctx_mini_cruise,prd_mini_cruise_package,chn_travel_agency,src_behavior_model_01,1,1,1,0,0,False,foot,21,True,132.61,88.79,221.4,True,False,0.834
trp_01386,psg_0769,rte_trelleborg_klaipeda,20250702,ctx_weekend_getaway,prd_mini_cruise_package,chn_travel_agency,src_behavior_model_01,1,3,2,1,0,True,bicycle,25,True,1008.17,123.63,1131.8,True,False,0.821
trp_01387,psg_0769,rte_rosslare_dunkirk,20250907,ctx_mini_cruise,prd_commodore_cabin,chn_website,src_behavior_model_01,2,2,2,0,0,False,foot,18,True,344.47,92.17,436.64,True,True,0.85
trp_01388,psg_0769,rte_amsterdam_newcastle,20240821,ctx_mini_cruise,prd_standard_inside_cabin,chn_returning_portal,src_behavior_model_01,3,1,1,0,0,False,foot,86,True,174.9,93.4,268.3,True,True,0.913
trp_01389,psg_0769,rte_amsterdam_newcastle,20260421,ctx_mini_cruise,prd_premium_lounge_pass,chn_returning_portal,src_behavior_model_01,4,2,2,0,0,False,foot,34,True,476.15,108.22,584.37,True,True,0.952
trp_01390,psg_0770,rte_amsterdam_newcastle,20250612,ctx_transport,prd_standard_inside_cabin,chn_call_center,src_behavior_model_01,1,3,2,1,0,True,van,10,True,630.09,71.05,701.14,True,False,0.828
trp_01391,psg_0770,rte_amsterdam_newcastle,20260423,ctx_visiting_friends,prd_flexible_combi_ticket,chn_call_center,src_behavior_model_01,2,2,2,0,0,True,van,70,True,428.17,57.49,485.66,True,True,0.754
trp_01392,psg_0771,rte_dunkirk_dover,20251005,ctx_visiting_friends,prd_vehicle_crossing_basic,chn_call_center,src_behavior_model_01,1,2,2,0,0,False,foot,33,True,130.15,53.84,183.99,True,False,0.843
trp_01393,psg_0771,rte_kiel_klaipeda,20260827,ctx_family_holiday,prd_standard_inside_cabin,chn_call_center,src_behavior_model_01,2,3,3,0,0,True,car,48,True,708.1,55.42,763.52,True,True,0.819
trp_01394,psg_0772,rte_dunkirk_dover,20250116,ctx_transport,prd_premium_lounge_pass,chn_travel_agency,src_behavior_model_01,1,1,1,0,0,False,foot,6,True,90.52,54.31,144.83,True,False,0.938
trp_01395,psg_0772,rte_karlshamn_klaipeda,20240108,ctx_transport,prd_premium_lounge_pass,chn_returning_portal,src_behavior_model_01,2,2,2,0,0,True,camper,6,True,655.16,66.06,721.22,True,True,0.885
trp_01396,psg_0773,rte_amsterdam_newcastle,20241026,ctx_event,prd_flexible_combi_ticket,chn_returning_portal,src_behavior_model_01,1,1,1,0,0,False,foot,4,True,187.26,36.67,223.93,True,False,0.844
trp_01397,psg_0773,rte_dieppe_newhaven,20240518,ctx_transport,prd_premium_lounge_pass,chn_website,src_behavior_model_01,2,2,2,0,0,False,foot,1,True,195.38,69.03,264.41,True,True,0.944
trp_01398,psg_0774,rte_calais_dover,20250120,ctx_family_holiday,prd_family_cabin_package,chn_call_center,src_behavior_model_01,1,5,1,4,0,True,car,17,True,382.63,88.75,471.38,True,False,0.898
trp_01399,psg_0774,rte_dieppe_newhaven,20250521,ctx_transport,prd_vehicle_crossing_basic,chn_email_campaign,src_behavior_model_01,2,5,1,4,0,False,foot,73,True,260.74,82.76,343.5,True,True,0.894
trp_01400,psg_0774,rte_dieppe_newhaven,20260411,ctx_transport,prd_standard_inside_cabin,chn_travel_agency,src_behavior_model_01,3,3,2,1,0,False,foot,39,True,205.27,84.28,289.55,True,True,0.959
trp_01401,psg_0775,rte_jersey_portsmouth,20240415,ctx_weekend_getaway,prd_basic_seat,chn_mobile_app,src_behavior_model_01,1,3,3,0,0,False,foot,34,False,210.01,33.62,243.63,True,False,0.782
trp_01402,psg_0776,rte_dieppe_newhaven,20241011,ctx_visiting_friends,prd_vehicle_crossing_basic,chn_website,src_behavior_model_01,1,4,4,0,0,True,motorcycle,60,True,257.34,43.43,300.77,True,False,0.813
trp_01403,psg_0777,rte_amsterdam_newcastle,20250621,ctx_visiting_friends,prd_vehicle_crossing_basic,chn_website,src_behavior_model_01,1,3,2,1,0,True,car,37,True,572.77,97.88,670.65,True,False,0.909
trp_01404,psg_0777,rte_amsterdam_newcastle,20240329,ctx_visiting_friends,prd_premium_lounge_pass,chn_website,src_behavior_model_01,2,1,1,0,0,True,car,29,True,280.29,102.96,383.25,True,True,0.973
trp_01405,psg_0778,rte_jersey_stmalo,20240813,ctx_family_holiday,prd_commodore_cabin,chn_website,src_behavior_model_01,1,3,2,1,0,False,foot,89,True,278.97,71.87,350.84,True,False,0.843
trp_01406,psg_0778,rte_dieppe_newhaven,20261017,ctx_family_holiday,prd_family_cabin_package,chn_travel_agency,src_behavior_model_01,2,4,3,1,0,True,camper,15,True,350.08,86.91,436.99,True,True,0.919
trp_01407,psg_0779,rte_amsterdam_newcastle,20260818,ctx_weekend_getaway,prd_standard_inside_cabin,chn_call_center,src_behavior_model_01,1,2,2,0,0,False,foot,81,True,365.99,110.21,476.2,True,False,0.885
trp_01408,psg_0779,rte_kapellskar_paldiski,20240111,ctx_weekend_getaway,prd_standard_inside_cabin,chn_returning_portal,src_behavior_model_01,2,2,2,0,0,False,foot,69,True,440.9,98.64,539.54,True,True,0.892
trp_01409,psg_0779,rte_amsterdam_newcastle,20240610,ctx_weekend_getaway,prd_commodore_cabin,chn_website,src_behavior_model_01,3,1,1,0,0,False,foot,71,True,190.38,88.85,279.23,True,True,0.926
trp_01410,psg_0779,rte_calais_dover,20260328,ctx_weekend_getaway,prd_premium_lounge_pass,chn_call_center,src_behavior_model_01,4,1,1,0,0,False,foot,78,True,91.03,97.99,189.02,True,True,0.959
trp_01411,psg_0779,rte_rosslare_dunkirk,20261229,ctx_event,prd_premium_lounge_pass,chn_returning_portal,src_behavior_model_01,5,3,2,1,0,False,foot,61,True,596.75,108.11,704.86,True,True,0.832
trp_01412,psg_0780,rte_dunkirk_dover,20240811,ctx_weekend_getaway,prd_vehicle_crossing_basic,chn_website,src_behavior_model_01,1,3,1,1,1,True,van,39,True,265.92,91.75,357.67,True,False,0.886
trp_01413,psg_0780,rte_rosslare_dunkirk,20261206,ctx_weekend_getaway,prd_sea_view_cabin,chn_travel_agency,src_behavior_model_01,2,1,1,0,0,False,foot,59,True,148.78,98.14,246.92,True,True,0.813
trp_01414,psg_0780,rte_calais_dover,20240511,ctx_weekend_getaway,prd_sea_view_cabin,chn_website,src_behavior_model_01,3,3,3,0,0,False,foot,51,True,212.87,91.6,304.47,True,True,0.875
trp_01415,psg_0781,rte_dieppe_newhaven,20240525,ctx_weekend_getaway,prd_flexible_combi_ticket,chn_search_engine,src_behavior_model_01,1,2,2,0,0,True,car,14,False,145.84,59.98,205.82,True,False,0.878
trp_01416,psg_0781,rte_jersey_stmalo,20260403,ctx_visiting_friends,prd_commodore_cabin,chn_website,src_behavior_model_01,2,2,2,0,0,False,foot,72,True,224.94,65.4,290.34,True,True,0.802
trp_01417,psg_0782,rte_dieppe_newhaven,20241227,ctx_visiting_friends,prd_premium_lounge_pass,chn_website,src_behavior_model_01,1,2,2,0,0,False,foot,89,True,191.34,98.73,290.07,True,False,0.829
trp_01418,psg_0782,rte_amsterdam_newcastle,20240610,ctx_mini_cruise,prd_commodore_cabin,chn_call_center,src_behavior_model_01,2,2,2,0,0,False,foot,103,True,384.3,81.33,465.63,True,True,0.866
trp_01419,psg_0783,rte_dieppe_newhaven,20251007,ctx_shopping,prd_mini_cruise_package,chn_mobile_app,src_behavior_model_01,1,1,1,0,0,False,foot,24,True,84.62,64.73,149.35,True,False,0.911
trp_01420,psg_0783,rte_dieppe_newhaven,20260304,ctx_weekend_getaway,prd_basic_seat,chn_website,src_behavior_model_01,2,2,2,0,0,False,foot,23,False,103.37,43.01,146.38,True,True,0.898
trp_01421,psg_0784,rte_jersey_stmalo,20240401,ctx_mini_cruise,prd_flexible_combi_ticket,chn_mobile_app,src_behavior_model_01,1,2,2,0,0,False,foot,26,True,156.83,39.5,196.33,True,False,0.772
trp_01422,psg_0785,rte_dieppe_newhaven,20250719,ctx_transport,prd_pet_friendly_travel,chn_website,src_behavior_model_01,1,1,1,0,0,False,foot,35,True,60.25,47.77,108.02,True,False,0.863
trp_01423,psg_0785,rte_dunkirk_dover,20260812,ctx_transport,prd_flexible_combi_ticket,chn_search_engine,src_behavior_model_01,2,3,3,0,0,True,car,25,False,204.91,40.91,245.82,True,True,0.898
trp_01424,psg_0785,rte_karlshamn_klaipeda,20260817,ctx_family_holiday,prd_vehicle_crossing_basic,chn_search_engine,src_behavior_model_01,3,3,3,0,0,True,car,36,True,627.76,51.46,679.22,True,True,0.838
trp_01425,psg_0786,rte_kiel_klaipeda,20250417,ctx_weekend_getaway,prd_basic_seat,chn_social_media,src_behavior_model_01,1,2,2,0,0,False,foot,24,True,283.48,39.48,322.96,True,False,0.838
trp_01426,psg_0787,rte_rosslare_dunkirk,20241204,ctx_shopping,prd_basic_seat,chn_website,src_behavior_model_01,1,2,2,0,0,False,foot,23,True,210.06,31.29,241.35,True,False,0.788
trp_01427,psg_0787,rte_calais_dover,20240807,ctx_weekend_getaway,prd_flexible_combi_ticket,chn_social_media,src_behavior_model_01,2,1,1,0,0,False,foot,3,False,51.95,39.34,91.29,True,True,0.851
trp_01428,psg_0788,rte_jersey_portsmouth,20251013,ctx_mini_cruise,prd_commodore_cabin,chn_travel_agency,src_behavior_model_01,1,2,1,0,1,False,foot,75,True,214.72,95.04,309.76,True,False,0.849
trp_01429,psg_0788,rte_jersey_poole,20251218,ctx_event,prd_mini_cruise_package,chn_call_center,src_behavior_model_01,2,2,1,0,1,False,foot,66,True,279.45,109.99,389.44,True,True,0.821
trp_01430,psg_0788,rte_amsterdam_newcastle,20240424,ctx_mini_cruise,prd_commodore_cabin,chn_website,src_behavior_model_01,3,2,0,0,2,True,car,101,True,410.06,76.65,486.71,True,True,0.896
trp_01431,psg_0789,rte_karlshamn_klaipeda,20261119,ctx_mini_cruise,prd_vehicle_crossing_basic,chn_call_center,src_behavior_model_01,1,1,1,0,0,True,van,80,True,263.72,87.54,351.26,True,False,0.898
trp_01432,psg_0789,rte_kiel_klaipeda,20240805,ctx_visiting_friends,prd_commodore_cabin,chn_website,src_behavior_model_01,2,1,1,0,0,False,foot,19,True,209.04,89.21,298.25,True,True,0.799
trp_01433,psg_0790,rte_calais_dover,20250908,ctx_family_holiday,prd_standard_inside_cabin,chn_website,src_behavior_model_01,1,3,1,2,0,True,car,44,True,248.6,63.56,312.16,True,False,0.925
trp_01434,psg_0790,rte_jersey_poole,20250817,ctx_shopping,prd_family_cabin_package,chn_mobile_app,src_behavior_model_01,2,5,3,2,0,False,foot,80,True,584.29,94.1,678.39,True,True,0.792
trp_01435,psg_0791,rte_rosslare_dunkirk,20260424,ctx_transport,prd_vehicle_crossing_basic,chn_call_center,src_behavior_model_01,1,5,3,2,0,True,car,37,True,671.51,65.77,737.28,True,False,0.869
trp_01436,psg_0791,rte_dunkirk_dover,20241004,ctx_transport,prd_vehicle_crossing_basic,chn_website,src_behavior_model_01,2,5,3,2,0,True,car,90,True,339.2,79.02,418.22,True,True,0.958
trp_01437,psg_0792,rte_dunkirk_dover,20250820,ctx_weekend_getaway,prd_vehicle_crossing_basic,chn_email_campaign,src_behavior_model_01,1,4,4,0,0,False,foot,16,True,237.37,36.93,274.3,True,False,0.89
trp_01438,psg_0792,rte_dunkirk_dover,20260211,ctx_weekend_getaway,prd_vehicle_crossing_basic,chn_social_media,src_behavior_model_01,2,2,2,0,0,False,foot,14,True,103.76,39.59,143.35,True,True,0.847
trp_01439,psg_0793,rte_dieppe_newhaven,20240116,ctx_business,prd_basic_seat,chn_call_center,src_behavior_model_01,1,2,2,0,0,True,bicycle,7,False,107.91,44.94,152.85,True,False,0.94
trp_01440,psg_0793,rte_kiel_klaipeda,20240607,ctx_business,prd_flexible_combi_ticket,chn_travel_agency,src_behavior_model_01,2,1,1,0,0,False,foot,11,True,193.11,50.99,244.1,True,True,0.796
trp_01441,psg_0794,rte_dunkirk_dover,20250828,ctx_weekend_getaway,prd_basic_seat,chn_search_engine,src_behavior_model_01,1,3,2,1,0,True,motorcycle,11,False,163.97,33.01,196.98,True,False,0.895
trp_01442,psg_0795,rte_kapellskar_paldiski,20250303,ctx_family_holiday,prd_vehicle_crossing_basic,chn_mobile_app,src_behavior_model_01,1,4,1,3,0,True,car,61,True,802.49,72.99,875.48,True,False,0.879
trp_01443,psg_0796,rte_dunkirk_dover,20240602,ctx_transport,prd_vehicle_crossing_basic,chn_website,src_behavior_model_01,1,4,1,3,0,True,car,46,True,280.93,64.01,344.94,True,False,0.973
trp_01444,psg_0797,rte_dunkirk_dover,20241002,ctx_weekend_getaway,prd_basic_seat,chn_mobile_app,src_behavior_model_01,1,2,2,0,0,False,foot,14,False,92.98,44.39,137.37,True,False,0.815
trp_01445,psg_0797,rte_calais_dover,20240420,ctx_weekend_getaway,prd_mini_cruise_package,chn_social_media,src_behavior_model_01,2,2,2,0,0,False,foot,8,True,172.09,56.9,228.99,True,True,0.879
trp_01446,psg_0798,rte_jersey_poole,20250401,ctx_weekend_getaway,prd_flexible_combi_ticket,chn_mobile_app,src_behavior_model_01,1,1,1,0,0,False,foot,23,False,88.51,46.1,134.61,True,False,0.736
trp_01447,psg_0798,rte_dunkirk_dover,20250707,ctx_mini_cruise,prd_flexible_combi_ticket,chn_website,src_behavior_model_01,2,2,2,0,0,False,foot,14,False,136.83,52.89,189.72,True,True,0.913
trp_01448,psg_0799,rte_rosslare_dunkirk,20250416,ctx_family_holiday,prd_pet_friendly_travel,chn_website,src_behavior_model_01,1,4,4,0,0,False,foot,56,True,495.45,51.99,547.44,True,False,0.748
trp_01449,psg_0800,rte_jersey_poole,20260622,ctx_transport,prd_family_cabin_package,chn_email_campaign,src_behavior_model_01,1,4,1,3,0,False,foot,16,True,471.65,83.22,554.87,True,False,0.82
trp_01450,psg_0800,rte_calais_dover,20241114,ctx_family_holiday,prd_standard_inside_cabin,chn_website,src_behavior_model_01,2,4,1,3,0,True,car,14,True,340.22,88.67,428.89,True,True,0.935
trp_01451,psg_0800,rte_dieppe_newhaven,20251010,ctx_family_holiday,prd_family_cabin_package,chn_website,src_behavior_model_01,3,3,2,1,0,False,foot,57,True,214.24,75.98,290.22,True,True,0.956
trp_01452,psg_0800,rte_dunkirk_dover,20240919,ctx_family_holiday,prd_family_cabin_package,chn_call_center,src_behavior_model_01,4,5,3,2,0,True,bicycle,66,True,405.99,74.5,480.49,True,True,0.911
trp_01453,psg_0801,rte_calais_dover,20250716,ctx_family_holiday,prd_pet_friendly_travel,chn_call_center,src_behavior_model_01,1,3,3,0,0,True,car,63,True,211.12,55.28,266.4,True,False,0.865
trp_01454,psg_0801,rte_calais_dover,20240611,ctx_transport,prd_pet_friendly_travel,chn_search_engine,src_behavior_model_01,2,4,2,1,1,False,foot,65,True,260.6,68.21,328.81,True,True,0.876
trp_01455,psg_0802,rte_dieppe_newhaven,20260217,ctx_family_holiday,prd_family_cabin_package,chn_website,src_behavior_model_01,1,3,1,2,0,True,car,37,True,256.93,70.16,327.09,True,False,0.977
trp_01456,psg_0803,rte_calais_dover,20250213,ctx_visiting_friends,prd_flexible_combi_ticket,chn_website,src_behavior_model_01,1,5,2,3,0,True,car,67,False,352.7,86.77,439.47,True,False,0.9
trp_01457,psg_0803,rte_rosslare_dunkirk,20240711,ctx_family_holiday,prd_vehicle_crossing_basic,chn_mobile_app,src_behavior_model_01,2,3,1,2,0,True,car,56,True,463.62,66.65,530.27,True,True,0.855
trp_01458,psg_0803,rte_jersey_poole,20241106,ctx_visiting_friends,prd_family_cabin_package,chn_website,src_behavior_model_01,3,5,4,1,0,False,foot,54,True,559.46,84.1,643.56,True,True,0.792
trp_01459,psg_0804,rte_karlshamn_klaipeda,20260424,ctx_mini_cruise,prd_commodore_cabin,chn_website,src_behavior_model_01,1,1,1,0,0,True,camper,52,True,273.12,92.97,366.09,True,False,0.803
trp_01460,psg_0804,rte_calais_dover,20241010,ctx_visiting_friends,prd_vehicle_crossing_basic,chn_website,src_behavior_model_01,2,2,2,0,0,True,motorcycle,26,True,162.13,93.88,256.01,True,True,0.954
trp_01461,psg_0804,rte_amsterdam_newcastle,20260809,ctx_visiting_friends,prd_commodore_cabin,chn_website,src_behavior_model_01,3,1,1,0,0,False,foot,41,True,190.72,103.01,293.73,True,True,0.97
trp_01462,psg_0805,rte_trelleborg_klaipeda,20250627,ctx_mini_cruise,prd_vehicle_crossing_basic,chn_website,src_behavior_model_01,1,3,2,0,1,True,van,86,True,666.84,99.51,766.35,True,False,0.809
trp_01463,psg_0806,rte_rosslare_dunkirk,20251003,ctx_shopping,prd_pet_friendly_travel,chn_travel_agency,src_behavior_model_01,1,4,4,0,0,False,foot,20,True,523.34,54.23,577.57,True,False,0.849
trp_01464,psg_0806,rte_dieppe_newhaven,20250316,ctx_transport,prd_pet_friendly_travel,chn_website,src_behavior_model_01,2,3,3,0,0,True,car,19,True,219.96,47.18,267.14,True,True,0.922
trp_01465,psg_0806,rte_calais_dover,20241009,ctx_transport,prd_flexible_combi_ticket,chn_call_center,src_behavior_model_01,3,2,2,0,0,True,motorcycle,27,False,155.66,54.26,209.92,True,True,0.861
trp_01466,psg_0807,rte_karlshamn_klaipeda,20260420,ctx_mini_cruise,prd_sea_view_cabin,chn_returning_portal,src_behavior_model_01,1,2,0,0,2,False,foot,86,True,484.3,85.91,570.21,True,False,0.833
trp_01467,psg_0808,rte_calais_dover,20251001,ctx_event,prd_flexible_combi_ticket,chn_mobile_app,src_behavior_model_01,1,1,1,0,0,True,van,7,False,110.09,26.58,136.67,True,False,0.888
trp_01468,psg_0809,rte_calais_dover,20240128,ctx_family_holiday,prd_vehicle_crossing_basic,chn_email_campaign,src_behavior_model_01,1,5,1,4,0,False,foot,20,True,289.49,72.9,362.39,True,False,0.87
trp_01469,psg_0810,rte_rosslare_dunkirk,20250104,ctx_transport,prd_vehicle_crossing_basic,chn_returning_portal,src_behavior_model_01,1,4,3,0,1,True,car,45,True,620.53,45.31,665.84,True,False,0.773
trp_01470,psg_0811,rte_jersey_poole,20240711,ctx_event,prd_mini_cruise_package,chn_search_engine,src_behavior_model_01,1,2,2,0,0,False,foot,16,True,265.58,57.76,323.34,True,False,0.774
trp_01471,psg_0811,rte_dieppe_newhaven,20260328,ctx_mini_cruise,prd_flexible_combi_ticket,chn_social_media,src_behavior_model_01,2,3,3,0,0,False,foot,20,False,168.89,43.26,212.15,True,True,0.916
trp_01472,psg_0812,rte_rosslare_dunkirk,20250714,ctx_family_holiday,prd_pet_friendly_travel,chn_search_engine,src_behavior_model_01,1,4,4,0,0,True,car,30,True,627.85,56.97,684.82,True,False,0.834
trp_01473,psg_0813,rte_kapellskar_paldiski,20251020,ctx_weekend_getaway,prd_sea_view_cabin,chn_returning_portal,src_behavior_model_01,1,3,2,0,1,False,foot,39,True,639.55,110.87,750.42,True,False,0.787
trp_01474,psg_0813,rte_amsterdam_newcastle,20240521,ctx_visiting_friends,prd_premium_lounge_pass,chn_website,src_behavior_model_01,2,1,1,0,0,False,foot,40,True,242.12,103.73,345.85,True,True,0.904
trp_01475,psg_0814,rte_rosslare_dunkirk,20251211,ctx_family_holiday,prd_flexible_combi_ticket,chn_call_center,src_behavior_model_01,1,4,3,1,0,True,car,52,True,655.12,54.34,709.46,True,False,0.831
trp_01476,psg_0815,rte_dieppe_newhaven,20241002,ctx_visiting_friends,prd_standard_inside_cabin,chn_travel_agency,src_behavior_model_01,1,1,1,0,0,True,car,49,True,95.18,45.77,140.95,True,False,0.881
trp_01477,psg_0815,rte_dunkirk_dover,20240824,ctx_transport,prd_flexible_combi_ticket,chn_call_center,src_behavior_model_01,2,4,4,0,0,True,car,43,False,271.35,59.24,330.59,True,True,0.888
trp_01478,psg_0816,rte_jersey_portsmouth,20241201,ctx_mini_cruise,prd_standard_inside_cabin,chn_website,src_behavior_model_01,1,2,2,0,0,False,foot,8,True,204.76,47.1,251.86,True,False,0.785
trp_01479,psg_0817,rte_calais_dover,20240923,ctx_family_holiday,prd_pet_friendly_travel,chn_call_center,src_behavior_model_01,1,4,3,1,0,False,foot,68,True,258.4,64.52,322.92,True,False,0.829
trp_01480,psg_0818,rte_jersey_poole,20260327,ctx_family_holiday,prd_family_cabin_package,chn_mobile_app,src_behavior_model_01,1,4,2,2,0,False,foot,46,True,437.41,73.29,510.7,True,False,0.804
trp_01481,psg_0819,rte_amsterdam_newcastle,20260619,ctx_visiting_friends,prd_commodore_cabin,chn_call_center,src_behavior_model_01,1,2,2,0,0,False,foot,4,True,373.26,63.46,436.72,True,False,0.873
trp_01482,psg_0819,rte_amsterdam_newcastle,20260729,ctx_business,prd_mini_cruise_package,chn_website,src_behavior_model_01,2,2,2,0,0,True,car,10,True,546.97,71.4,618.37,True,True,0.798
trp_01483,psg_0820,rte_rosslare_dunkirk,20250502,ctx_weekend_getaway,prd_basic_seat,chn_email_campaign,src_behavior_model_01,1,1,1,0,0,True,car,22,True,133.27,35.99,169.26,True,False,0.8
trp_01484,psg_0821,rte_dunkirk_dover,20241223,ctx_transport,prd_flexible_combi_ticket,chn_search_engine,src_behavior_model_01,1,4,3,1,0,True,car,60,False,285.51,55.79,341.3,True,False,0.859
trp_01485,psg_0821,rte_karlshamn_klaipeda,20261220,ctx_transport,prd_vehicle_crossing_basic,chn_returning_portal,src_behavior_model_01,2,1,1,0,0,True,car,28,True,232.87,46.6,279.47,True,True,0.815
trp_01486,psg_0822,rte_karlshamn_klaipeda,20260413,ctx_event,prd_premium_lounge_pass,chn_returning_portal,src_behavior_model_01,1,1,1,0,0,True,car,1,True,343.8,57.35,401.15,True,False,0.89
trp_01487,psg_0822,rte_kapellskar_paldiski,20240228,ctx_transport,prd_flexible_combi_ticket,chn_returning_portal,src_behavior_model_01,2,1,1,0,0,False,foot,14,True,224.75,49.63,274.38,True,True,0.898
trp_01488,psg_0823,rte_dieppe_newhaven,20240406,ctx_family_holiday,prd_pet_friendly_travel,chn_website,src_behavior_model_01,1,4,3,0,1,False,foot,23,True,220.44,54.81,275.25,True,False,0.869
trp_01489,psg_0823,rte_dunkirk_dover,20250802,ctx_transport,prd_pet_friendly_travel,chn_website,src_behavior_model_01,2,3,2,1,0,True,motorcycle,56,True,183.4,57.5,240.9,True,True,0.898
trp_01490,psg_0824,rte_dieppe_newhaven,20260917,ctx_business,prd_standard_inside_cabin,chn_search_engine,src_behavior_model_01,1,2,2,0,0,False,foot,11,True,143.05,60.09,203.14,True,False,0.905
trp_01491,psg_0824,rte_calais_dover,20251007,ctx_event,prd_basic_seat,chn_website,src_behavior_model_01,2,1,1,0,0,False,foot,11,False,49.13,35.17,84.3,True,True,0.872
trp_01492,psg_0825,rte_dieppe_newhaven,20241102,ctx_shopping,prd_vehicle_crossing_basic,chn_email_campaign,src_behavior_model_01,1,1,1,0,0,False,foot,24,True,51.36,25.82,77.18,True,False,0.858
trp_01493,psg_0825,rte_calais_dover,20240106,ctx_shopping,prd_basic_seat,chn_search_engine,src_behavior_model_01,2,1,1,0,0,False,foot,16,False,45.31,17.2,62.51,True,True,0.846
trp_01494,psg_0826,rte_calais_dover,20250713,ctx_visiting_friends,prd_family_cabin_package,chn_website,src_behavior_model_01,1,5,1,4,0,True,car,83,True,406.78,85.01,491.79,True,False,0.878
trp_01495,psg_0826,rte_dieppe_newhaven,20261102,ctx_shopping,prd_vehicle_crossing_basic,chn_mobile_app,src_behavior_model_01,2,4,2,2,0,True,van,54,True,309.73,71.26,380.99,True,True,0.883
trp_01496,psg_0826,rte_calais_dover,20260819,ctx_family_holiday,prd_family_cabin_package,chn_website,src_behavior_model_01,3,3,2,1,0,True,car,35,True,247.67,77.77,325.44,True,True,0.966
trp_01497,psg_0827,rte_amsterdam_newcastle,20240627,ctx_weekend_getaway,prd_mini_cruise_package,chn_returning_portal,src_behavior_model_01,1,2,1,0,1,False,foot,101,True,481.89,111.17,593.06,True,False,0.839
trp_01498,psg_0827,rte_calais_dover,20260819,ctx_event,prd_mini_cruise_package,chn_returning_portal,src_behavior_model_01,2,1,1,0,0,False,foot,78,True,97.83,89.41,187.24,True,True,0.867
trp_01499,psg_0828,rte_calais_dover,20251004,ctx_family_holiday,prd_standard_inside_cabin,chn_search_engine,src_behavior_model_01,1,4,4,0,0,True,camper,10,True,331.35,57.8,389.15,True,False,0.927
trp_01500,psg_0829,rte_amsterdam_newcastle,20240720,ctx_mini_cruise,prd_basic_seat,chn_mobile_app,src_behavior_model_01,1,2,2,0,0,False,foot,16,True,298.1,31.55,329.65,True,False,0.814
trp_01501,psg_0829,rte_amsterdam_newcastle,20251007,ctx_event,prd_basic_seat,chn_social_media,src_behavior_model_01,2,2,2,0,0,False,foot,11,True,291.89,44.36,336.25,True,True,0.771
trp_01502,psg_0830,rte_dunkirk_dover,20260104,ctx_family_holiday,prd_flexible_combi_ticket,chn_mobile_app,src_behavior_model_01,1,5,3,2,0,True,car,43,False,330.19,81.81,412.0,True,False,0.93
trp_01503,psg_0831,rte_calais_dover,20250918,ctx_event,prd_vehicle_crossing_basic,chn_search_engine,src_behavior_model_01,1,4,4,0,0,True,van,22,True,255.32,38.57,293.89,True,False,0.861
trp_01504,psg_0831,rte_dieppe_newhaven,20260915,ctx_shopping,prd_basic_seat,chn_email_campaign,src_behavior_model_01,2,4,4,0,0,False,foot,4,False,178.83,40.31,219.14,True,True,0.908
trp_01505,psg_0832,rte_dieppe_newhaven,20240926,ctx_weekend_getaway,prd_commodore_cabin,chn_website,src_behavior_model_01,1,3,2,0,1,False,foot,14,True,197.53,111.16,308.69,True,False,0.919
trp_01506,psg_0833,rte_dieppe_newhaven,20251025,ctx_visiting_friends,prd_vehicle_crossing_basic,chn_call_center,src_behavior_model_01,1,3,2,1,0,True,bicycle,63,True,193.88,52.07,245.95,True,False,0.825
trp_01507,psg_0834,rte_dieppe_newhaven,20251026,ctx_transport,prd_standard_inside_cabin,chn_returning_portal,src_behavior_model_01,1,3,3,0,0,False,foot,44,True,209.24,64.21,273.45,True,False,0.85
trp_01508,psg_0834,rte_calais_dover,20250402,ctx_transport,prd_flexible_combi_ticket,chn_website,src_behavior_model_01,2,3,2,1,0,True,camper,38,False,290.69,51.22,341.91,True,True,0.847
trp_01509,psg_0835,rte_calais_dover,20250125,ctx_transport,prd_standard_inside_cabin,chn_search_engine,src_behavior_model_01,1,1,1,0,0,False,foot,11,True,75.44,37.2,112.64,True,False,0.869
trp_01510,psg_0835,rte_calais_dover,20260514,ctx_shopping,prd_flexible_combi_ticket,chn_travel_agency,src_behavior_model_01,2,4,4,0,0,True,car,50,False,332.94,62.98,395.92,True,True,0.831
trp_01511,psg_0835,rte_rosslare_dunkirk,20251118,ctx_transport,prd_vehicle_crossing_basic,chn_travel_agency,src_behavior_model_01,3,2,2,0,0,True,car,54,True,296.67,46.52,343.19,True,True,0.812
trp_01512,psg_0836,rte_jersey_stmalo,20250614,ctx_event,prd_mini_cruise_package,chn_search_engine,src_behavior_model_01,1,3,3,0,0,False,foot,4,True,385.5,71.29,456.79,True,False,0.741
trp_01513,psg_0837,rte_jersey_stmalo,20261226,ctx_event,prd_standard_inside_cabin,chn_search_engine,src_behavior_model_01,1,3,3,0,0,False,foot,19,True,263.11,57.14,320.25,True,False,0.811
trp_01514,psg_0837,rte_calais_dover,20260214,ctx_weekend_getaway,prd_mini_cruise_package,chn_social_media,src_behavior_model_01,2,2,2,0,0,False,foot,5,True,184.15,57.13,241.28,True,True,0.92
trp_01515,psg_0838,rte_dieppe_newhaven,20240603,ctx_business,prd_flexible_combi_ticket,chn_returning_portal,src_behavior_model_01,1,2,2,0,0,True,car,8,False,191.29,54.59,245.88,True,False,0.924
trp_01516,psg_0838,rte_amsterdam_newcastle,20260727,ctx_event,prd_standard_inside_cabin,chn_returning_portal,src_behavior_model_01,2,1,1,0,0,True,car,11,True,224.26,48.94,273.2,True,True,0.817
trp_01517,psg_0839,rte_amsterdam_newcastle,20250210,ctx_family_holiday,prd_pet_friendly_travel,chn_website,src_behavior_model_01,1,2,2,0,0,False,foot,18,True,351.62,53.09,404.71,True,False,0.731
trp_01518,psg_0840,rte_amsterdam_newcastle,20240612,ctx_mini_cruise,prd_commodore_cabin,chn_travel_agency,src_behavior_model_01,1,2,2,0,0,True,car,66,True,436.0,78.34,514.34,True,False,0.861
trp_01519,psg_0841,rte_rosslare_dunkirk,20260703,ctx_visiting_friends,prd_vehicle_crossing_basic,chn_mobile_app,src_behavior_model_01,1,5,1,4,0,True,car,76,True,709.59,80.43,790.02,True,False,0.831
trp_01520,psg_0841,rte_rosslare_dunkirk,20240629,ctx_visiting_friends,prd_family_cabin_package,chn_email_campaign,src_behavior_model_01,2,3,2,1,0,False,foot,34,True,511.32,79.64,590.96,True,True,0.785
trp_01521,psg_0842,rte_calais_dover,20250330,ctx_family_holiday,prd_flexible_combi_ticket,chn_website,src_behavior_model_01,1,1,1,0,0,True,car,21,False,98.06,49.55,147.61,True,False,0.844
trp_01522,psg_0843,rte_dieppe_newhaven,20260116,ctx_shopping,prd_vehicle_crossing_basic,chn_email_campaign,src_behavior_model_01,1,2,2,0,0,True,bicycle,17,True,113.21,29.0,142.21,True,False,0.907
trp_01523,psg_0844,rte_dieppe_newhaven,20251226,ctx_shopping,prd_standard_inside_cabin,chn_email_campaign,src_behavior_model_01,1,2,2,0,0,True,van,21,True,140.65,49.03,189.68,True,False,0.833
trp_01524,psg_0845,rte_calais_dover,20250721,ctx_transport,prd_vehicle_crossing_basic,chn_website,src_behavior_model_01,1,4,3,0,1,True,van,11,True,322.41,60.16,382.57,True,False,0.902
trp_01525,psg_0846,rte_dieppe_newhaven,20260125,ctx_business,prd_flexible_combi_ticket,chn_returning_portal,src_behavior_model_01,1,2,2,0,0,False,foot,5,False,137.43,55.5,192.93,True,False,0.894
trp_01526,psg_0846,rte_kiel_klaipeda,20250409,ctx_business,prd_mini_cruise_package,chn_returning_portal,src_behavior_model_01,2,2,2,0,0,False,foot,13,True,639.72,77.09,716.81,True,True,0.851
trp_01527,psg_0847,rte_rosslare_dunkirk,20240315,ctx_family_holiday,prd_sea_view_cabin,chn_mobile_app,src_behavior_model_01,1,3,2,1,0,False,foot,53,True,530.16,80.89,611.05,True,False,0.839
trp_01528,psg_0847,rte_kiel_klaipeda,20250813,ctx_visiting_friends,prd_family_cabin_package,chn_email_campaign,src_behavior_model_01,2,3,1,2,0,True,car,53,True,637.41,87.41,724.82,True,True,0.846
trp_01529,psg_0847,rte_calais_dover,20241117,ctx_family_holiday,prd_family_cabin_package,chn_travel_agency,src_behavior_model_01,3,4,3,1,0,True,car,24,True,353.66,78.53,432.19,True,True,0.874
trp_01530,psg_0848,rte_calais_dover,20241225,ctx_weekend_getaway,prd_standard_inside_cabin,chn_mobile_app,src_behavior_model_01,1,1,1,0,0,False,foot,4,True,68.97,37.65,106.62,True,False,0.866
trp_01531,psg_0848,rte_dunkirk_dover,20250618,ctx_mini_cruise,prd_mini_cruise_package,chn_social_media,src_behavior_model_01,2,2,2,0,0,False,foot,16,True,175.86,56.38,232.24,True,True,0.887
trp_01532,psg_0849,rte_calais_dover,20250707,ctx_shopping,prd_flexible_combi_ticket,chn_search_engine,src_behavior_model_01,1,2,2,0,0,True,car,36,False,145.21,37.7,182.91,True,False,0.813
trp_01533,psg_0850,rte_kiel_klaipeda,20261203,ctx_visiting_friends,prd_pet_friendly_travel,chn_website,src_behavior_model_01,1,2,2,0,0,True,bicycle,55,True,378.43,50.08,428.51,True,False,0.813
trp_01534,psg_0850,rte_kiel_klaipeda,20250611,ctx_transport,prd_vehicle_crossing_basic,chn_call_center,src_behavior_model_01,2,2,2,0,0,True,car,44,True,410.35,56.46,466.81,True,True,0.754
trp_01535,psg_0851,rte_rosslare_dunkirk,20260710,ctx_family_holiday,prd_sea_view_cabin,chn_email_campaign,src_behavior_model_01,1,5,2,3,0,False,foot,33,True,734.42,72.6,807.02,True,False,0.805
trp_01536,psg_0851,rte_dunkirk_dover,20251205,ctx_shopping,prd_family_cabin_package,chn_call_center,src_behavior_model_01,2,3,1,2,0,True,van,88,True,269.05,82.45,351.5,True,True,0.884
trp_01537,psg_0852,rte_rosslare_dunkirk,20240718,ctx_transport,prd_vehicle_crossing_basic,chn_returning_portal,src_behavior_model_01,1,4,4,0,0,False,foot,59,True,640.57,55.34,695.91,True,False,0.754
trp_01538,psg_0852,rte_calais_dover,20241210,ctx_visiting_friends,prd_vehicle_crossing_basic,chn_search_engine,src_behavior_model_01,2,3,2,0,1,True,car,59,True,236.57,40.83,277.4,True,True,0.85
trp_01539,psg_0853,rte_dunkirk_dover,20240314,ctx_visiting_friends,prd_vehicle_crossing_basic,chn_mobile_app,src_behavior_model_01,1,3,1,2,0,True,car,53,True,225.12,74.1,299.22,True,False,0.976
trp_01540,psg_0853,rte_calais_dover,20240309,ctx_family_holiday,prd_vehicle_crossing_basic,chn_website,src_behavior_model_01,2,3,1,2,0,True,car,57,True,237.61,66.41,304.02,True,True,0.863
trp_01541,psg_0853,rte_rosslare_dunkirk,20260826,ctx_visiting_friends,prd_sea_view_cabin,chn_website,src_behavior_model_01,3,4,3,1,0,True,car,30,True,608.11,85.92,694.03,True,True,0.823
trp_01542,psg_0853,rte_dieppe_newhaven,20250323,ctx_family_holiday,prd_family_cabin_package,chn_mobile_app,src_behavior_model_01,4,5,3,2,0,True,car,20,True,386.02,91.05,477.07,True,True,0.912
trp_01543,psg_0853,rte_dieppe_newhaven,20240529,ctx_family_holiday,prd_flexible_combi_ticket,chn_website,src_behavior_model_01,5,5,1,4,0,False,foot,73,False,310.52,69.28,379.8,True,True,0.931
trp_01544,psg_0854,rte_jersey_poole,20260705,ctx_shopping,prd_basic_seat,chn_email_campaign,src_behavior_model_01,1,1,1,0,0,False,foot,29,False,71.95,17.01,88.96,True,False,0.76
trp_01545,psg_0854,rte_dunkirk_dover,20260410,ctx_shopping,prd_standard_inside_cabin,chn_email_campaign,src_behavior_model_01,2,1,1,0,0,True,bicycle,28,True,63.75,46.15,109.9,True,True,0.837
trp_01546,psg_0855,rte_kapellskar_paldiski,20250130,ctx_visiting_friends,prd_premium_lounge_pass,chn_website,src_behavior_model_01,1,1,1,0,0,False,foot,7,True,308.25,51.36,359.61,True,False,0.873
trp_01547,psg_0856,rte_dunkirk_dover,20241122,ctx_mini_cruise,prd_flexible_combi_ticket,chn_search_engine,src_behavior_model_01,1,3,3,0,0,True,motorcycle,32,False,185.22,55.07,240.29,True,False,0.877
trp_01548,psg_0856,rte_dieppe_newhaven,20260922,ctx_weekend_getaway,prd_standard_inside_cabin,chn_website,src_behavior_model_01,2,3,3,0,0,False,foot,25,True,225.6,55.57,281.17,True,True,0.895
trp_01549,psg_0856,rte_dunkirk_dover,20260311,ctx_mini_cruise,prd_flexible_combi_ticket,chn_mobile_app,src_behavior_model_01,3,2,2,0,0,False,foot,12,False,134.09,46.74,180.83,True,True,0.863
trp_01550,psg_0856,rte_calais_dover,20251016,ctx_weekend_getaway,prd_flexible_combi_ticket,chn_search_engine,src_behavior_model_01,4,1,1,0,0,True,car,27,False,87.75,29.47,117.22,True,True,0.822
trp_01551,psg_0857,rte_dunkirk_dover,20260314,ctx_business,prd_basic_seat,chn_website,src_behavior_model_01,1,2,2,0,0,False,foot,9,False,105.41,37.86,143.27,True,False,0.905
trp_01552,psg_0857,rte_amsterdam_newcastle,20260617,ctx_transport,prd_premium_lounge_pass,chn_travel_agency,src_behavior_model_01,2,1,1,0,0,False,foot,11,True,220.78,55.21,275.99,True,True,0.821
trp_01553,psg_0858,rte_dieppe_newhaven,20250415,ctx_visiting_friends,prd_pet_friendly_travel,chn_search_engine,src_behavior_model_01,1,4,4,0,0,False,foot,55,True,249.08,49.09,298.17,True,False,0.838
trp_01554,psg_0859,rte_rosslare_dunkirk,20250505,ctx_transport,prd_commodore_cabin,chn_search_engine,src_behavior_model_01,1,2,2,0,0,True,camper,7,True,321.78,42.75,364.53,True,False,0.747
trp_01555,psg_0859,rte_dunkirk_dover,20240927,ctx_family_holiday,prd_vehicle_crossing_basic,chn_website,src_behavior_model_01,2,4,4,0,0,False,foot,28,True,251.13,59.31,310.44,True,True,0.836
trp_01556,psg_0860,rte_dunkirk_dover,20240720,ctx_shopping,prd_basic_seat,chn_search_engine,src_behavior_model_01,1,2,2,0,0,False,foot,27,False,83.91,20.7,104.61,True,False,0.878
trp_01557,psg_0861,rte_dunkirk_dover,20260911,ctx_event,prd_basic_seat,chn_returning_portal,src_behavior_model_01,1,1,1,0,0,False,foot,5,False,58.4,55.24,113.64,True,False,0.973
trp_01558,psg_0861,rte_kapellskar_paldiski,20261230,ctx_transport,prd_flexible_combi_ticket,chn_returning_portal,src_behavior_model_01,2,1,1,0,0,True,bicycle,1,True,220.57,52.97,273.54,True,True,0.853
trp_01559,psg_0862,rte_calais_dover,20240515,ctx_shopping,prd_mini_cruise_package,chn_website,src_behavior_model_01,1,3,3,0,0,True,van,23,True,329.0,81.41,410.41,True,False,0.878
trp_01560,psg_0862,rte_amsterdam_newcastle,20251113,ctx_mini_cruise,prd_mini_cruise_package,chn_social_media,src_behavior_model_01,2,3,3,0,0,True,car,15,True,740.23,72.78,813.01,True,True,0.75
trp_01561,psg_0862,rte_dieppe_newhaven,20251020,ctx_weekend_getaway,prd_basic_seat,chn_social_media,src_behavior_model_01,3,1,1,0,0,False,foot,20,False,51.18,44.46,95.64,True,True,0.825
trp_01562,psg_0863,rte_calais_dover,20260208,ctx_shopping,prd_vehicle_crossing_basic,chn_email_campaign,src_behavior_model_01,1,4,4,0,0,True,car,20,True,216.0,41.52,257.52,True,False,0.9
trp_01563,psg_0863,rte_calais_dover,20250309,ctx_event,prd_flexible_combi_ticket,chn_email_campaign,src_behavior_model_01,2,3,2,0,1,False,foot,19,False,161.88,35.3,197.18,True,True,0.919
trp_01564,psg_0864,rte_dieppe_newhaven,20260426,ctx_weekend_getaway,prd_flexible_combi_ticket,chn_search_engine,src_behavior_model_01,1,3,3,0,0,True,car,17,False,190.09,30.86,220.95,True,False,0.915
trp_01565,psg_0865,rte_amsterdam_newcastle,20241106,ctx_mini_cruise,prd_sea_view_cabin,chn_website,src_behavior_model_01,1,2,0,0,2,False,foot,25,True,394.87,78.9,473.77,True,False,0.863
trp_01566,psg_0866,rte_amsterdam_newcastle,20260713,ctx_mini_cruise,prd_standard_inside_cabin,chn_website,src_behavior_model_01,1,2,2,0,0,False,foot,8,True,362.07,50.27,412.34,True,False,0.737
trp_01567,psg_0866,rte_jersey_portsmouth,20261004,ctx_weekend_getaway,prd_standard_inside_cabin,chn_mobile_app,src_behavior_model_01,2,3,3,0,0,False,foot,16,True,298.96,60.03,358.99,True,True,0.785
trp_01568,psg_0867,rte_calais_dover,20241015,ctx_weekend_getaway,prd_basic_seat,chn_website,src_behavior_model_01,1,2,2,0,0,False,foot,16,False,106.82,25.68,132.5,True,False,0.876
trp_01569,psg_0867,rte_calais_dover,20240322,ctx_shopping,prd_basic_seat,chn_email_campaign,src_behavior_model_01,2,4,4,0,0,False,foot,20,False,172.59,43.04,215.63,True,True,0.827
trp_01570,psg_0868,rte_amsterdam_newcastle,20261123,ctx_event,prd_mini_cruise_package,chn_website,src_behavior_model_01,1,2,2,0,0,False,foot,44,True,478.72,103.13,581.85,True,False,0.929
trp_01571,psg_0868,rte_amsterdam_newcastle,20250122,ctx_visiting_friends,prd_commodore_cabin,chn_travel_agency,src_behavior_model_01,2,1,0,0,1,True,van,120,True,220.48,73.68,294.16,True,True,0.857
trp_01572,psg_0868,rte_amsterdam_newcastle,20250409,ctx_mini_cruise,prd_mini_cruise_package,chn_call_center,src_behavior_model_01,3,1,1,0,0,False,foot,52,True,221.07,94.68,315.75,True,True,0.909
trp_01573,psg_0868,rte_karlshamn_klaipeda,20260901,ctx_mini_cruise,prd_commodore_cabin,chn_returning_portal,src_behavior_model_01,4,2,0,0,2,True,car,84,True,479.53,73.64,553.17,True,True,0.826
trp_01574,psg_0869,rte_calais_dover,20260810,ctx_transport,prd_vehicle_crossing_basic,chn_website,src_behavior_model_01,1,1,1,0,0,True,bicycle,12,True,76.65,44.36,121.01,True,False,0.898
trp_01575,psg_0870,rte_kapellskar_paldiski,20251226,ctx_mini_cruise,prd_mini_cruise_package,chn_call_center,src_behavior_model_01,1,2,2,0,0,False,foot,31,True,584.1,102.04,686.14,True,False,0.839
trp_01576,psg_0871,rte_trelleborg_klaipeda,20250401,ctx_business,prd_sea_view_cabin,chn_call_center,src_behavior_model_01,1,2,2,0,0,False,foot,9,True,442.33,52.68,495.01,True,False,0.867
trp_01577,psg_0872,rte_dunkirk_dover,20260311,ctx_family_holiday,prd_vehicle_crossing_basic,chn_call_center,src_behavior_model_01,1,4,4,0,0,True,car,32,True,272.82,61.78,334.6,True,False,0.82
trp_01578,psg_0873,rte_calais_dover,20260902,ctx_event,prd_mini_cruise_package,chn_social_media,src_behavior_model_01,1,1,1,0,0,False,foot,32,True,82.46,52.05,134.51,True,False,0.894
trp_01579,psg_0873,rte_calais_dover,20241006,ctx_shopping,prd_basic_seat,chn_website,src_behavior_model_01,2,2,2,0,0,False,foot,26,False,93.7,37.11,130.81,True,True,0.91
trp_01580,psg_0874,rte_kiel_klaipeda,20241116,ctx_mini_cruise,prd_commodore_cabin,chn_travel_agency,src_behavior_model_01,1,2,0,0,2,False,foot,33,True,455.84,74.94,530.78,True,False,0.778
trp_01581,psg_0874,rte_dunkirk_dover,20260101,ctx_weekend_getaway,prd_commodore_cabin,chn_call_center,src_behavior_model_01,2,2,1,0,1,False,foot,70,True,147.61,89.55,237.16,True,True,0.858
trp_01582,psg_0875,rte_dunkirk_dover,20260722,ctx_shopping,prd_basic_seat,chn_social_media,src_behavior_model_01,1,1,1,0,0,True,car,14,False,82.69,42.75,125.44,True,False,0.818
trp_01583,psg_0876,rte_amsterdam_newcastle,20250823,ctx_mini_cruise,prd_commodore_cabin,chn_call_center,src_behavior_model_01,1,2,2,0,0,False,foot,42,True,377.02,79.35,456.37,True,False,0.811
trp_01584,psg_0876,rte_amsterdam_newcastle,20250806,ctx_mini_cruise,prd_commodore_cabin,chn_travel_agency,src_behavior_model_01,2,1,0,0,1,False,foot,82,True,200.8,70.92,271.72,True,True,0.827
trp_01585,psg_0877,rte_dunkirk_dover,20240306,ctx_transport,prd_vehicle_crossing_basic,chn_call_center,src_behavior_model_01,1,1,1,0,0,True,car,22,True,99.86,40.53,140.39,True,False,0.839
trp_01586,psg_0878,rte_calais_dover,20250123,ctx_shopping,prd_vehicle_crossing_basic,chn_search_engine,src_behavior_model_01,1,3,3,0,0,True,car,20,True,180.37,32.68,213.05,True,False,0.857
trp_01587,psg_0879,rte_amsterdam_newcastle,20250728,ctx_visiting_friends,prd_vehicle_crossing_basic,chn_website,src_behavior_model_01,1,2,2,0,0,True,van,83,True,362.98,92.15,455.13,True,False,0.884
trp_01588,psg_0880,rte_amsterdam_newcastle,20260915,ctx_weekend_getaway,prd_pet_friendly_travel,chn_email_campaign,src_behavior_model_01,1,3,3,0,0,False,foot,55,True,423.64,66.08,489.72,True,False,0.815
trp_01589,psg_0881,rte_rosslare_dunkirk,20260201,ctx_transport,prd_sea_view_cabin,chn_returning_portal,src_behavior_model_01,1,1,1,0,0,True,car,14,True,198.42,53.75,252.17,True,False,0.823
trp_01590,psg_0881,rte_morocco_spain,20260310,ctx_transport,prd_flexible_combi_ticket,chn_website,src_behavior_model_01,2,2,2,0,0,True,motorcycle,41,False,246.63,54.36,300.99,True,True,0.764
trp_01591,psg_0882,rte_dunkirk_dover,20250623,ctx_family_holiday,prd_vehicle_crossing_basic,chn_email_campaign,src_behavior_model_01,1,5,4,1,0,False,foot,77,True,254.92,64.52,319.44,True,False,0.958
trp_01592,psg_0882,rte_jersey_stmalo,20260418,ctx_family_holiday,prd_flexible_combi_ticket,chn_travel_agency,src_behavior_model_01,2,5,3,2,0,False,foot,72,True,505.25,86.47,591.72,True,True,0.799
trp_01593,psg_0882,rte_kiel_klaipeda,20251121,ctx_family_holiday,prd_sea_view_cabin,chn_mobile_app,src_behavior_model_01,3,4,1,3,0,False,foot,48,True,922.57,74.01,996.58,True,True,0.83
trp_01594,psg_0883,rte_calais_dover,20240817,ctx_shopping,prd_vehicle_crossing_basic,chn_email_campaign,src_behavior_model_01,1,3,2,1,0,True,car,9,True,193.91,27.45,221.36,True,False,0.891
trp_01595,psg_0884,rte_dunkirk_dover,20260411,ctx_shopping,prd_flexible_combi_ticket,chn_website,src_behavior_model_01,1,3,2,1,0,True,car,26,False,221.82,44.01,265.83,True,False,0.833
trp_01596,psg_0884,rte_spain_morocco,20260811,ctx_transport,prd_pet_friendly_travel,chn_travel_agency,src_behavior_model_01,2,2,2,0,0,True,car,43,True,237.21,50.71,287.92,True,True,0.803
trp_01597,psg_0885,rte_calais_dover,20251109,ctx_weekend_getaway,prd_flexible_combi_ticket,chn_mobile_app,src_behavior_model_01,1,2,2,0,0,True,car,24,False,153.72,34.0,187.72,True,False,0.894
trp_01598,psg_0885,rte_calais_dover,20250423,ctx_weekend_getaway,prd_standard_inside_cabin,chn_social_media,src_behavior_model_01,2,2,2,0,0,False,foot,31,True,126.41,46.06,172.47,True,True,0.853
trp_01599,psg_0886,rte_morocco_spain,20260915,ctx_transport,prd_vehicle_crossing_basic,chn_search_engine,src_behavior_model_01,1,4,4,0,0,True,van,43,True,481.64,56.37,538.01,True,False,0.819
trp_01600,psg_0886,rte_dunkirk_dover,20261017,ctx_transport,prd_vehicle_crossing_basic,chn_returning_portal,src_behavior_model_01,2,1,1,0,0,True,van,47,True,111.06,47.14,158.2,True,True,0.84
trp_01601,psg_0886,rte_calais_dover,20250710,ctx_shopping,prd_flexible_combi_ticket,chn_search_engine,src_behavior_model_01,3,3,3,0,0,True,motorcycle,60,False,183.57,50.49,234.06,True,True,0.826
trp_01602,psg_0887,rte_kiel_klaipeda,20250120,ctx_visiting_friends,prd_sea_view_cabin,chn_website,src_behavior_model_01,1,1,1,0,0,True,bicycle,11,True,231.92,49.75,281.67,True,False,0.89
trp_01603,psg_0887,rte_rosslare_dunkirk,20240304,ctx_visiting_friends,prd_basic_seat,chn_returning_portal,src_behavior_model_01,2,2,2,0,0,True,camper,2,True,323.91,43.48,367.39,True,True,0.786
trp_01604,psg_0887,rte_kapellskar_paldiski,20260628,ctx_business,prd_flexible_combi_ticket,chn_website,src_behavior_model_01,3,2,2,0,0,True,car,13,True,467.66,43.6,511.26,True,True,0.898
trp_01605,psg_0888,rte_dieppe_newhaven,20260314,ctx_mini_cruise,prd_mini_cruise_package,chn_returning_portal,src_behavior_model_01,1,1,0,0,1,True,van,85,True,138.57,107.99,246.56,True,False,0.918
trp_01606,psg_0889,rte_kapellskar_paldiski,20250215,ctx_family_holiday,prd_standard_inside_cabin,chn_website,src_behavior_model_01,1,3,2,1,0,True,car,68,True,635.13,64.88,700.01,True,False,0.805
trp_01607,psg_0889,rte_kapellskar_paldiski,20241229,ctx_family_holiday,prd_standard_inside_cabin,chn_email_campaign,src_behavior_model_01,2,4,2,2,0,True,motorcycle,53,True,871.62,70.81,942.43,True,True,0.896
trp_01608,psg_0889,rte_jersey_stmalo,20240814,ctx_visiting_friends,prd_vehicle_crossing_basic,chn_call_center,src_behavior_model_01,3,5,2,3,0,False,foot,66,True,474.06,79.65,553.71,True,True,0.883
trp_01609,psg_0890,rte_calais_dover,20250529,ctx_shopping,prd_vehicle_crossing_basic,chn_website,src_behavior_model_01,1,4,3,1,0,False,foot,5,True,223.19,39.84,263.03,True,False,0.905
trp_01610,psg_0891,rte_amsterdam_newcastle,20250210,ctx_event,prd_flexible_combi_ticket,chn_mobile_app,src_behavior_model_01,1,3,3,0,0,False,foot,17,True,433.19,48.23,481.42,True,False,0.815
trp_01611,psg_0891,rte_dunkirk_dover,20240607,ctx_weekend_getaway,prd_mini_cruise_package,chn_mobile_app,src_behavior_model_01,2,1,1,0,0,True,van,23,True,150.52,71.91,222.43,True,True,0.821
trp_01612,psg_0891,rte_dunkirk_dover,20250514,ctx_mini_cruise,prd_mini_cruise_package,chn_mobile_app,src_behavior_model_01,3,1,1,0,0,False,foot,7,True,89.09,52.54,141.63,True,True,0.844
trp_01613,psg_0892,rte_rosslare_dunkirk,20260617,ctx_shopping,prd_vehicle_crossing_basic,chn_search_engine,src_behavior_model_01,1,2,2,0,0,True,car,21,True,256.3,23.8,280.1,True,False,0.823
trp_01614,psg_0893,rte_calais_dover,20250211,ctx_mini_cruise,prd_basic_seat,chn_mobile_app,src_behavior_model_01,1,1,1,0,0,True,bicycle,22,False,60.53,44.22,104.75,True,False,0.878
trp_01615,psg_0894,rte_kapellskar_paldiski,20240802,ctx_event,prd_sea_view_cabin,chn_returning_portal,src_behavior_model_01,1,1,1,0,0,True,camper,11,True,313.02,63.98,377.0,True,False,0.9
trp_01616,psg_0895,rte_amsterdam_newcastle,20250514,ctx_event,prd_mini_cruise_package,chn_website,src_behavior_model_01,1,1,1,0,0,False,foot,62,True,255.04,126.05,381.09,True,False,0.933
trp_01617,psg_0896,rte_rosslare_dunkirk,20240817,ctx_family_holiday,prd_vehicle_crossing_basic,chn_returning_portal,src_behavior_model_01,1,4,4,0,0,True,van,27,True,622.61,38.38,660.99,True,False,0.77
trp_01618,psg_0897,rte_dieppe_newhaven,20250910,ctx_shopping,prd_vehicle_crossing_basic,chn_website,src_behavior_model_01,1,2,2,0,0,False,foot,16,True,98.29,24.28,122.57,True,False,0.898
trp_01619,psg_0897,rte_calais_dover,20250812,ctx_weekend_getaway,prd_basic_seat,chn_website,src_behavior_model_01,2,2,2,0,0,False,foot,16,False,101.71,35.69,137.4,True,True,0.831
trp_01620,psg_0898,rte_rosslare_dunkirk,20240324,ctx_transport,prd_vehicle_crossing_basic,chn_search_engine,src_behavior_model_01,1,1,1,0,0,True,car,31,True,188.53,44.26,232.79,True,False,0.74
trp_01621,psg_0899,rte_dunkirk_dover,20260412,ctx_transport,prd_vehicle_crossing_basic,chn_search_engine,src_behavior_model_01,1,4,4,0,0,False,foot,23,True,214.76,51.89,266.65,True,False,0.917
trp_01622,psg_0900,rte_rosslare_dunkirk,20240830,ctx_shopping,prd_standard_inside_cabin,chn_website,src_behavior_model_01,1,3,3,0,0,True,bicycle,13,True,550.99,58.58,609.57,True,False,0.795
trp_01623,psg_0900,rte_calais_dover,20240531,ctx_transport,prd_vehicle_crossing_basic,chn_search_engine,src_behavior_model_01,2,2,2,0,0,True,camper,22,True,180.76,53.3,234.06,True,True,0.886
trp_01624,psg_0900,rte_rosslare_dunkirk,20250401,ctx_transport,prd_vehicle_crossing_basic,chn_returning_portal,src_behavior_model_01,3,1,1,0,0,True,van,47,True,197.29,28.21,225.5,True,True,0.748
trp_01625,psg_0901,rte_kapellskar_paldiski,20260414,ctx_mini_cruise,prd_mini_cruise_package,chn_returning_portal,src_behavior_model_01,1,1,1,0,0,True,car,31,True,334.88,101.23,436.11,True,False,0.75
trp_01626,psg_0902,rte_calais_dover,20240721,ctx_event,prd_mini_cruise_package,chn_mobile_app,src_behavior_model_01,1,2,2,0,0,True,van,9,True,229.05,76.82,305.87,True,False,0.89
trp_01627,psg_0902,rte_dieppe_newhaven,20260206,ctx_mini_cruise,prd_flexible_combi_ticket,chn_mobile_app,src_behavior_model_01,2,3,3,0,0,True,motorcycle,24,False,200.08,42.15,242.23,True,True,0.911
trp_01628,psg_0902,rte_amsterdam_newcastle,20240818,ctx_weekend_getaway,prd_sea_view_cabin,chn_social_media,src_behavior_model_01,3,3,3,0,0,False,foot,34,True,532.65,46.05,578.7,True,True,0.767
trp_01629,psg_0903,rte_rosslare_dunkirk,20240627,ctx_transport,prd_vehicle_crossing_basic,chn_search_engine,src_behavior_model_01,1,2,2,0,0,True,van,23,True,339.43,31.76,371.19,True,False,0.736
trp_01630,psg_0904,rte_jersey_poole,20260806,ctx_family_holiday,prd_flexible_combi_ticket,chn_mobile_app,src_behavior_model_01,1,5,3,2,0,False,foot,36,False,425.57,79.25,504.82,True,False,0.88
trp_01631,psg_0905,rte_dunkirk_dover,20240720,ctx_visiting_friends,prd_vehicle_crossing_basic,chn_mobile_app,src_behavior_model_01,1,5,4,1,0,True,car,58,True,351.16,78.43,429.59,True,False,0.882
trp_01632,psg_0905,rte_calais_dover,20240422,ctx_family_holiday,prd_family_cabin_package,chn_website,src_behavior_model_01,2,4,1,3,0,True,van,41,True,359.66,81.17,440.83,True,True,0.88
trp_01633,psg_0905,rte_dieppe_newhaven,20260610,ctx_family_holiday,prd_family_cabin_package,chn_email_campaign,src_behavior_model_01,3,4,1,3,0,True,camper,14,True,349.95,90.92,440.87,True,True,0.882
trp_01634,psg_0906,rte_calais_dover,20240907,ctx_weekend_getaway,prd_flexible_combi_ticket,chn_website,src_behavior_model_01,1,1,1,0,0,False,foot,8,False,62.02,39.69,101.71,True,False,0.868
trp_01635,psg_0907,rte_kapellskar_paldiski,20240803,ctx_transport,prd_vehicle_crossing_basic,chn_search_engine,src_behavior_model_01,1,3,2,0,1,True,motorcycle,7,True,561.1,52.79,613.89,True,False,0.793
trp_01636,psg_0907,rte_calais_dover,20250710,ctx_family_holiday,prd_flexible_combi_ticket,chn_website,src_behavior_model_01,2,4,4,0,0,True,car,8,False,305.59,57.7,363.29,True,True,0.888
trp_01637,psg_0908,rte_dieppe_newhaven,20241225,ctx_shopping,prd_basic_seat,chn_social_media,src_behavior_model_01,1,1,1,0,0,False,foot,16,False,38.42,26.66,65.08,True,False,0.887
trp_01638,psg_0909,rte_spain_morocco,20260728,ctx_transport,prd_vehicle_crossing_basic,chn_website,src_behavior_model_01,1,2,2,0,0,False,foot,17,True,203.61,33.07,236.68,True,False,0.738
trp_01639,psg_0909,rte_calais_dover,20251012,ctx_shopping,prd_vehicle_crossing_basic,chn_website,src_behavior_model_01,2,3,2,1,0,True,car,47,True,226.9,50.01,276.91,True,True,0.896
trp_01640,psg_0910,rte_dunkirk_dover,20241022,ctx_mini_cruise,prd_mini_cruise_package,chn_social_media,src_behavior_model_01,1,2,2,0,0,False,foot,35,True,186.14,68.04,254.18,True,False,0.877
trp_01641,psg_0910,rte_kiel_klaipeda,20251224,ctx_weekend_getaway,prd_mini_cruise_package,chn_website,src_behavior_model_01,2,1,1,0,0,True,bicycle,18,True,292.16,67.25,359.41,True,True,0.795
trp_01642,psg_0911,rte_amsterdam_newcastle,20260720,ctx_transport,prd_commodore_cabin,chn_website,src_behavior_model_01,1,2,2,0,0,False,foot,8,True,398.3,61.99,460.29,True,False,0.833
trp_01643,psg_0911,rte_rosslare_dunkirk,20240711,ctx_business,prd_commodore_cabin,chn_website,src_behavior_model_01,2,1,1,0,0,True,van,8,True,220.44,44.23,264.67,True,True,0.884
trp_01644,psg_0911,rte_calais_dover,20250117,ctx_transport,prd_flexible_combi_ticket,chn_website,src_behavior_model_01,3,1,1,0,0,True,car,8,False,97.68,40.23,137.91,True,True,0.939
trp_01645,psg_0912,rte_calais_dover,20251208,ctx_mini_cruise,prd_basic_seat,chn_search_engine,src_behavior_model_01,1,1,1,0,0,False,foot,18,False,48.68,35.28,83.96,True,False,0.853
trp_01646,psg_0912,rte_jersey_stmalo,20260809,ctx_mini_cruise,prd_mini_cruise_package,chn_search_engine,src_behavior_model_01,2,1,1,0,0,False,foot,4,True,119.76,67.61,187.37,True,True,0.75
trp_01647,psg_0913,rte_rosslare_dunkirk,20250512,ctx_mini_cruise,prd_premium_lounge_pass,chn_returning_portal,src_behavior_model_01,1,3,3,0,0,False,foot,31,True,688.14,104.08,792.22,True,False,0.861
trp_01648,psg_0914,rte_dieppe_newhaven,20240916,ctx_family_holiday,prd_vehicle_crossing_basic,chn_mobile_app,src_behavior_model_01,1,3,1,2,0,True,van,33,True,241.05,72.65,313.7,True,False,0.917
trp_01649,psg_0915,rte_calais_dover,20251122,ctx_shopping,prd_flexible_combi_ticket,chn_website,src_behavior_model_01,1,1,1,0,0,False,foot,20,False,67.83,30.97,98.8,True,False,0.904
trp_01650,psg_0915,rte_dieppe_newhaven,20260824,ctx_weekend_getaway,prd_basic_seat,chn_mobile_app,src_behavior_model_01,2,2,2,0,0,False,foot,13,False,89.74,30.87,120.61,True,True,0.906
trp_01651,psg_0915,rte_jersey_portsmouth,20240317,ctx_weekend_getaway,prd_basic_seat,chn_mobile_app,src_behavior_model_01,3,2,2,0,0,False,foot,22,False,141.72,42.48,184.2,True,True,0.754
trp_01652,psg_0915,rte_amsterdam_newcastle,20261225,ctx_weekend_getaway,prd_mini_cruise_package,chn_website,src_behavior_model_01,4,2,2,0,0,True,car,8,True,532.96,72.6,605.56,True,True,0.806
trp_01653,psg_0915,rte_jersey_portsmouth,20240823,ctx_weekend_getaway,prd_basic_seat,chn_social_media,src_behavior_model_01,5,1,1,0,0,False,foot,10,False,80.23,36.85,117.08,True,True,0.847
trp_01654,psg_0916,rte_dunkirk_dover,20240717,ctx_weekend_getaway,prd_basic_seat,chn_mobile_app,src_behavior_model_01,1,3,3,0,0,False,foot,16,False,142.01,34.2,176.21,True,False,0.888
trp_01655,psg_0916,rte_jersey_poole,20260709,ctx_mini_cruise,prd_flexible_combi_ticket,chn_mobile_app,src_behavior_model_01,2,2,2,0,0,False,foot,10,False,183.87,40.69,224.56,True,True,0.761
trp_01656,psg_0917,rte_kiel_klaipeda,20240721,ctx_transport,prd_family_cabin_package,chn_website,src_behavior_model_01,1,5,3,2,0,False,foot,85,True,1034.62,91.19,1125.81,True,False,0.801
trp_01657,psg_0917,rte_calais_dover,20250327,ctx_family_holiday,prd_family_cabin_package,chn_email_campaign,src_behavior_model_01,2,4,3,1,0,False,foot,63,True,313.78,84.65,398.43,True,True,0.973
trp_01658,psg_0918,rte_dieppe_newhaven,20250422,ctx_family_holiday,prd_family_cabin_package,chn_website,src_behavior_model_01,1,5,1,4,0,True,camper,90,True,438.67,91.11,529.78,True,False,0.935
trp_01659,psg_0919,rte_dunkirk_dover,20260729,ctx_business,prd_premium_lounge_pass,chn_search_engine,src_behavior_model_01,1,1,1,0,0,False,foot,11,True,91.71,70.48,162.19,True,False,0.864
trp_01660,psg_0920,rte_amsterdam_newcastle,20240515,ctx_mini_cruise,prd_commodore_cabin,chn_call_center,src_behavior_model_01,1,1,0,0,1,True,camper,74,True,217.75,73.89,291.64,True,False,0.815
trp_01661,psg_0921,rte_kiel_klaipeda,20250412,ctx_mini_cruise,prd_basic_seat,chn_search_engine,src_behavior_model_01,1,3,3,0,0,True,bicycle,8,True,441.61,42.25,483.86,True,False,0.762
trp_01662,psg_0922,rte_rosslare_dunkirk,20251024,ctx_transport,prd_flexible_combi_ticket,chn_website,src_behavior_model_01,1,4,4,0,0,True,car,12,True,595.48,42.55,638.03,True,False,0.763
trp_01663,psg_0922,rte_dunkirk_dover,20260716,ctx_transport,prd_vehicle_crossing_basic,chn_search_engine,src_behavior_model_01,2,4,3,1,0,True,van,60,True,308.28,54.21,362.49,True,True,0.849
trp_01664,psg_0923,rte_amsterdam_newcastle,20260826,ctx_business,prd_premium_lounge_pass,chn_returning_portal,src_behavior_model_01,1,2,2,0,0,False,foot,4,True,511.97,55.92,567.89,True,False,0.783
trp_01665,psg_0923,rte_dunkirk_dover,20260706,ctx_business,prd_premium_lounge_pass,chn_returning_portal,src_behavior_model_01,2,2,2,0,0,False,foot,11,True,193.93,59.17,253.1,True,True,0.872
trp_01666,psg_0923,rte_calais_dover,20260427,ctx_business,prd_basic_seat,chn_returning_portal,src_behavior_model_01,3,1,1,0,0,False,foot,13,False,52.43,40.34,92.77,True,True,0.912
trp_01667,psg_0924,rte_calais_dover,20261122,ctx_mini_cruise,prd_mini_cruise_package,chn_social_media,src_behavior_model_01,1,2,2,0,0,False,foot,25,True,178.74,64.64,243.38,True,False,0.847
trp_01668,psg_0924,rte_dunkirk_dover,20240410,ctx_weekend_getaway,prd_vehicle_crossing_basic,chn_website,src_behavior_model_01,2,2,2,0,0,True,car,22,True,147.2,30.15,177.35,True,True,0.911
trp_01669,psg_0925,rte_calais_dover,20250925,ctx_weekend_getaway,prd_flexible_combi_ticket,chn_mobile_app,src_behavior_model_01,1,1,1,0,0,False,foot,17,False,59.06,40.45,99.51,True,False,0.849
trp_01670,psg_0925,rte_dunkirk_dover,20261031,ctx_mini_cruise,prd_standard_inside_cabin,chn_website,src_behavior_model_01,2,2,2,0,0,True,car,26,True,153.33,56.57,209.9,True,True,0.903
trp_01671,psg_0925,rte_calais_dover,20260312,ctx_mini_cruise,prd_flexible_combi_ticket,chn_social_media,src_behavior_model_01,3,3,3,0,0,False,foot,21,False,173.84,41.11,214.95,True,True,0.86
trp_01672,psg_0926,rte_rosslare_dunkirk,20250711,ctx_family_holiday,prd_vehicle_crossing_basic,chn_website,src_behavior_model_01,1,5,3,2,0,True,car,68,True,728.01,79.0,807.01,True,False,0.819
trp_01673,psg_0926,rte_dieppe_newhaven,20240317,ctx_family_holiday,prd_vehicle_crossing_basic,chn_travel_agency,src_behavior_model_01,2,3,2,1,0,True,car,14,True,223.91,55.38,279.29,True,True,0.867
trp_01674,psg_0927,rte_calais_dover,20250404,ctx_weekend_getaway,prd_mini_cruise_package,chn_search_engine,src_behavior_model_01,1,3,3,0,0,False,foot,15,True,248.3,66.34,314.64,True,False,0.891
trp_01675,psg_0928,rte_trelleborg_klaipeda,20240507,ctx_weekend_getaway,prd_commodore_cabin,chn_website,src_behavior_model_01,1,1,1,0,0,False,foot,21,True,229.71,85.0,314.71,True,False,0.841
trp_01676,psg_0928,rte_amsterdam_newcastle,20250731,ctx_weekend_getaway,prd_commodore_cabin,chn_call_center,src_behavior_model_01,2,2,2,0,0,False,foot,36,True,395.27,91.31,486.58,True,True,0.938
trp_01677,psg_0929,rte_karlshamn_klaipeda,20261106,ctx_weekend_getaway,prd_flexible_combi_ticket,chn_mobile_app,src_behavior_model_01,1,1,1,0,0,False,foot,6,True,186.04,45.02,231.06,True,False,0.849
trp_01678,psg_0930,rte_dieppe_newhaven,20241029,ctx_transport,prd_vehicle_crossing_basic,chn_search_engine,src_behavior_model_01,1,3,2,1,0,False,foot,8,True,204.42,38.66,243.08,True,False,0.886
trp_01679,psg_0931,rte_jersey_stmalo,20260429,ctx_visiting_friends,prd_pet_friendly_travel,chn_email_campaign,src_behavior_model_01,1,4,3,0,1,False,foot,62,True,332.07,67.67,399.74,True,False,0.79
trp_01680,psg_0931,rte_amsterdam_newcastle,20250204,ctx_family_holiday,prd_standard_inside_cabin,chn_email_campaign,src_behavior_model_01,2,3,2,1,0,True,motorcycle,74,True,613.96,72.19,686.15,True,True,0.743
trp_01681,psg_0932,rte_dieppe_newhaven,20240609,ctx_shopping,prd_flexible_combi_ticket,chn_mobile_app,src_behavior_model_01,1,3,2,1,0,True,car,11,False,199.29,45.86,245.15,True,False,0.833
trp_01682,psg_0933,rte_dieppe_newhaven,20240402,ctx_family_holiday,prd_vehicle_crossing_basic,chn_website,src_behavior_model_01,1,3,3,0,0,False,foot,34,True,193.67,40.26,233.93,True,False,0.827
trp_01683,psg_0934,rte_rosslare_dunkirk,20260717,ctx_family_holiday,prd_family_cabin_package,chn_mobile_app,src_behavior_model_01,1,4,1,3,0,True,car,67,True,767.21,90.45,857.66,True,False,0.895
trp_01684,psg_0934,rte_jersey_stmalo,20260318,ctx_family_holiday,prd_standard_inside_cabin,chn_website,src_behavior_model_01,2,5,1,4,0,False,foot,69,True,487.49,76.98,564.47,True,True,0.848
trp_01685,psg_0935,rte_karlshamn_klaipeda,20250212,ctx_family_holiday,prd_vehicle_crossing_basic,chn_travel_agency,src_behavior_model_01,1,2,2,0,0,True,van,41,True,422.67,34.7,457.37,True,False,0.752
trp_01686,psg_0935,rte_dieppe_newhaven,20261113,ctx_transport,prd_standard_inside_cabin,chn_call_center,src_behavior_model_01,2,3,3,0,0,True,car,52,True,251.87,45.05,296.92,True,True,0.894
trp_01687,psg_0936,rte_dunkirk_dover,20241221,ctx_shopping,prd_basic_seat,chn_search_engine,src_behavior_model_01,1,2,2,0,0,False,foot,13,False,106.1,25.93,132.03,True,False,0.83
trp_01688,psg_0937,rte_trelleborg_klaipeda,20260624,ctx_event,prd_premium_lounge_pass,chn_website,src_behavior_model_01,1,2,2,0,0,False,foot,1,True,607.51,59.97,667.48,True,False,0.795
trp_01689,psg_0937,rte_amsterdam_newcastle,20240826,ctx_transport,prd_flexible_combi_ticket,chn_travel_agency,src_behavior_model_01,2,2,2,0,0,False,foot,1,True,326.23,47.91,374.14,True,True,0.869
trp_01690,psg_0937,rte_rosslare_dunkirk,20240301,ctx_visiting_friends,prd_sea_view_cabin,chn_returning_portal,src_behavior_model_01,3,2,2,0,0,True,van,11,True,358.73,55.74,414.47,True,True,0.81
trp_01691,psg_0938,rte_calais_dover,20260601,ctx_mini_cruise,prd_basic_seat,chn_social_media,src_behavior_model_01,1,3,2,1,0,False,foot,25,False,144.47,33.58,178.05,True,False,0.845
trp_01692,psg_0938,rte_dieppe_newhaven,20250906,ctx_weekend_getaway,prd_mini_cruise_package,chn_mobile_app,src_behavior_model_01,2,2,2,0,0,False,foot,8,True,176.31,62.78,239.09,True,True,0.925
trp_01693,psg_0939,rte_trelleborg_klaipeda,20250305,ctx_weekend_getaway,prd_sea_view_cabin,chn_travel_agency,src_behavior_model_01,1,2,2,0,0,False,foot,67,True,421.12,107.22,528.34,True,False,0.79
trp_01694,psg_0940,rte_dieppe_newhaven,20250415,ctx_transport,prd_standard_inside_cabin,chn_returning_portal,src_behavior_model_01,1,2,2,0,0,False,foot,43,True,139.15,40.33,179.48,True,False,0.916
trp_01695,psg_0941,rte_dieppe_newhaven,20250101,ctx_shopping,prd_flexible_combi_ticket,chn_search_engine,src_behavior_model_01,1,2,2,0,0,False,foot,4,False,111.68,32.54,144.22,True,False,0.871
trp_01696,psg_0942,rte_dieppe_newhaven,20260915,ctx_family_holiday,prd_vehicle_crossing_basic,chn_website,src_behavior_model_01,1,4,4,0,0,True,van,44,True,297.5,58.18,355.68,True,False,0.868
trp_01697,psg_0943,rte_amsterdam_newcastle,20260409,ctx_event,prd_sea_view_cabin,chn_returning_portal,src_behavior_model_01,1,1,1,0,0,False,foot,34,True,187.41,85.84,273.25,True,False,0.919
trp_01698,psg_0943,rte_amsterdam_newcastle,20250120,ctx_weekend_getaway,prd_commodore_cabin,chn_travel_agency,src_behavior_model_01,2,3,3,0,0,False,foot,75,True,555.72,94.27,649.99,True,True,0.894
trp_01699,psg_0944,rte_dieppe_newhaven,20260415,ctx_event,prd_basic_seat,chn_search_engine,src_behavior_model_01,1,1,1,0,0,False,foot,16,False,46.05,26.28,72.33,True,False,0.93
trp_01700,psg_0945,rte_jersey_poole,20240111,ctx_event,prd_standard_inside_cabin,chn_mobile_app,src_behavior_model_01,1,1,1,0,0,False,foot,29,True,97.82,36.84,134.66,True,False,0.786
trp_01701,psg_0946,rte_kapellskar_paldiski,20260420,ctx_weekend_getaway,prd_sea_view_cabin,chn_returning_portal,src_behavior_model_01,1,3,2,0,1,False,foot,18,True,691.14,110.78,801.92,True,False,0.806
trp_01702,psg_0946,rte_dunkirk_dover,20250503,ctx_weekend_getaway,prd_commodore_cabin,chn_call_center,src_behavior_model_01,2,3,3,0,0,True,car,57,True,275.22,108.17,383.39,True,True,0.961
trp_01703,psg_0947,rte_dieppe_newhaven,20240105,ctx_weekend_getaway,prd_pet_friendly_travel,chn_website,src_behavior_model_01,1,3,3,0,0,True,camper,62,True,248.67,55.08,303.75,True,False,0.926
trp_01704,psg_0947,rte_rosslare_dunkirk,20251223,ctx_family_holiday,prd_sea_view_cabin,chn_website,src_behavior_model_01,2,2,2,0,0,True,van,13,True,389.39,59.14,448.53,True,True,0.827
trp_01705,psg_0947,rte_dunkirk_dover,20250615,ctx_visiting_friends,prd_standard_inside_cabin,chn_returning_portal,src_behavior_model_01,3,4,3,1,0,True,car,45,True,298.01,68.37,366.38,True,True,0.85
trp_01706,psg_0947,rte_dieppe_newhaven,20261224,ctx_family_holiday,prd_pet_friendly_travel,chn_call_center,src_behavior_model_01,4,2,2,0,0,True,car,35,True,160.76,58.56,219.32,True,True,0.89
trp_01707,psg_0948,rte_amsterdam_newcastle,20260201,ctx_mini_cruise,prd_commodore_cabin,chn_returning_portal,src_behavior_model_01,1,2,1,0,1,True,car,114,True,426.99,80.87,507.86,True,False,0.84
trp_01708,psg_0948,rte_amsterdam_newcastle,20260514,ctx_weekend_getaway,prd_commodore_cabin,chn_website,src_behavior_model_01,2,2,2,0,0,False,foot,90,True,342.1,79.72,421.82,True,True,0.882
trp_01709,psg_0949,rte_calais_dover,20260905,ctx_weekend_getaway,prd_vehicle_crossing_basic,chn_email_campaign,src_behavior_model_01,1,1,1,0,0,False,foot,20,True,63.84,20.28,84.12,True,False,0.866
trp_01710,psg_0950,rte_kapellskar_paldiski,20250121,ctx_mini_cruise,prd_commodore_cabin,chn_call_center,src_behavior_model_01,1,2,2,0,0,False,foot,35,True,493.81,108.75,602.56,True,False,0.895
trp_01711,psg_0951,rte_rosslare_dunkirk,20251231,ctx_shopping,prd_vehicle_crossing_basic,chn_website,src_behavior_model_01,1,3,2,1,0,True,van,51,True,463.13,60.56,523.69,True,False,0.803
trp_01712,psg_0952,rte_rosslare_dunkirk,20250428,ctx_transport,prd_vehicle_crossing_basic,chn_email_campaign,src_behavior_model_01,1,4,3,1,0,False,foot,69,True,570.83,70.47,641.3,True,False,0.821
trp_01713,psg_0952,rte_dieppe_newhaven,20240420,ctx_family_holiday,prd_flexible_combi_ticket,chn_mobile_app,src_behavior_model_01,2,4,1,3,0,False,foot,38,False,246.48,71.2,317.68,True,True,0.877
trp_01714,psg_0952,rte_dieppe_newhaven,20260420,ctx_visiting_friends,prd_flexible_combi_ticket,chn_travel_agency,src_behavior_model_01,3,4,3,1,0,True,camper,33,False,332.9,67.55,400.45,True,True,0.936
trp_01715,psg_0952,rte_dunkirk_dover,20250705,ctx_visiting_friends,prd_standard_inside_cabin,chn_email_campaign,src_behavior_model_01,4,3,1,2,0,True,camper,42,True,230.69,64.17,294.86,True,True,0.971
trp_01716,psg_0953,rte_rosslare_dunkirk,20250515,ctx_visiting_friends,prd_pet_friendly_travel,chn_returning_portal,src_behavior_model_01,1,3,2,1,0,False,foot,66,True,411.03,47.9,458.93,True,False,0.757
trp_01717,psg_0954,rte_jersey_poole,20250711,ctx_shopping,prd_basic_seat,chn_website,src_behavior_model_01,1,4,4,0,0,False,foot,12,False,293.01,42.17,335.18,True,False,0.789
trp_01718,psg_0955,rte_calais_dover,20240806,ctx_shopping,prd_vehicle_crossing_basic,chn_website,src_behavior_model_01,1,2,2,0,0,True,car,44,True,149.13,44.73,193.86,True,False,0.924
trp_01719,psg_0956,rte_rosslare_dunkirk,20261203,ctx_business,prd_commodore_cabin,chn_returning_portal,src_behavior_model_01,1,1,1,0,0,False,foot,9,True,173.25,54.06,227.31,True,False,0.795
trp_01720,psg_0956,rte_kapellskar_paldiski,20260820,ctx_business,prd_flexible_combi_ticket,chn_search_engine,src_behavior_model_01,2,1,1,0,0,True,car,1,True,216.89,54.38,271.27,True,True,0.862
trp_01721,psg_0957,rte_jersey_poole,20241020,ctx_weekend_getaway,prd_basic_seat,chn_mobile_app,src_behavior_model_01,1,1,1,0,0,False,foot,3,False,76.75,33.24,109.99,True,False,0.735
trp_01722,psg_0958,rte_dieppe_newhaven,20250727,ctx_weekend_getaway,prd_standard_inside_cabin,chn_social_media,src_behavior_model_01,1,3,3,0,0,False,foot,17,True,203.6,40.61,244.21,True,False,0.844
trp_01723,psg_0958,rte_spain_morocco,20240528,ctx_weekend_getaway,prd_vehicle_crossing_basic,chn_search_engine,src_behavior_model_01,2,1,1,0,0,False,foot,17,True,99.0,30.73,129.73,True,True,0.738
trp_01724,psg_0959,rte_calais_dover,20240929,ctx_mini_cruise,prd_standard_inside_cabin,chn_search_engine,src_behavior_model_01,1,3,2,1,0,True,car,5,True,197.29,52.91,250.2,True,False,0.834
trp_01725,psg_0960,rte_amsterdam_newcastle,20241030,ctx_mini_cruise,prd_commodore_cabin,chn_website,src_behavior_model_01,1,1,1,0,0,False,foot,89,True,185.46,98.87,284.33,True,False,0.864
trp_01726,psg_0960,rte_karlshamn_klaipeda,20260727,ctx_mini_cruise,prd_premium_lounge_pass,chn_returning_portal,src_behavior_model_01,2,1,1,0,0,True,car,81,True,360.46,94.3,454.76,True,True,0.849
trp_01727,psg_0961,rte_calais_dover,20240815,ctx_business,prd_basic_seat,chn_search_engine,src_behavior_model_01,1,2,2,0,0,False,foot,11,False,105.07,42.6,147.67,True,False,0.944
trp_01728,psg_0961,rte_dieppe_newhaven,20240813,ctx_business,prd_flexible_combi_ticket,chn_returning_portal,src_behavior_model_01,2,2,2,0,0,True,car,4,False,180.4,57.3,237.7,True,True,0.921
trp_01729,psg_0961,rte_trelleborg_klaipeda,20240815,ctx_business,prd_standard_inside_cabin,chn_returning_portal,src_behavior_model_01,3,1,1,0,0,True,bicycle,6,True,215.64,52.04,267.68,True,True,0.833
trp_01730,psg_0962,rte_dunkirk_dover,20250827,ctx_transport,prd_flexible_combi_ticket,chn_mobile_app,src_behavior_model_01,1,5,3,2,0,True,van,33,False,365.18,65.86,431.04,True,False,0.924
trp_01731,psg_0963,rte_trelleborg_klaipeda,20240729,ctx_visiting_friends,prd_family_cabin_package,chn_email_campaign,src_behavior_model_01,1,5,4,1,0,True,car,81,True,1194.97,82.57,1277.54,True,False,0.838
trp_01732,psg_0963,rte_jersey_poole,20260906,ctx_family_holiday,prd_family_cabin_package,chn_mobile_app,src_behavior_model_01,2,4,2,2,0,False,foot,65,True,418.22,70.48,488.7,True,True,0.814
trp_01733,psg_0964,rte_trelleborg_klaipeda,20241130,ctx_family_holiday,prd_pet_friendly_travel,chn_website,src_behavior_model_01,1,4,4,0,0,False,foot,50,True,768.86,61.56,830.42,True,False,0.827
trp_01734,psg_0965,rte_amsterdam_newcastle,20261030,ctx_mini_cruise,prd_standard_inside_cabin,chn_website,src_behavior_model_01,1,3,3,0,0,False,foot,9,True,578.78,41.9,620.68,True,False,0.828
trp_01735,psg_0966,rte_dunkirk_dover,20250521,ctx_transport,prd_vehicle_crossing_basic,chn_call_center,src_behavior_model_01,1,3,3,0,0,True,car,55,True,203.81,49.7,253.51,True,False,0.914
trp_01736,psg_0966,rte_spain_morocco,20240415,ctx_transport,prd_flexible_combi_ticket,chn_search_engine,src_behavior_model_01,2,2,2,0,0,False,foot,55,False,211.8,35.39,247.19,True,True,0.788
trp_01737,psg_0967,rte_trelleborg_klaipeda,20240805,ctx_weekend_getaway,prd_sea_view_cabin,chn_call_center,src_behavior_model_01,1,1,1,0,0,True,bicycle,45,True,245.0,97.8,342.8,True,False,0.816
trp_01738,psg_0968,rte_kapellskar_paldiski,20260818,ctx_family_holiday,prd_standard_inside_cabin,chn_website,src_behavior_model_01,1,4,1,3,0,True,camper,31,True,888.85,88.91,977.76,True,False,0.828
trp_01739,psg_0968,rte_jersey_stmalo,20240915,ctx_family_holiday,prd_sea_view_cabin,chn_website,src_behavior_model_01,2,5,3,2,0,False,foot,63,True,496.85,85.8,582.65,True,True,0.873
trp_01740,psg_0969,rte_rosslare_dunkirk,20240729,ctx_visiting_friends,prd_commodore_cabin,chn_email_campaign,src_behavior_model_01,1,3,1,2,0,True,car,49,True,422.87,71.42,494.29,True,False,0.836
trp_01741,psg_0969,rte_rosslare_dunkirk,20251101,ctx_family_holiday,prd_flexible_combi_ticket,chn_website,src_behavior_model_01,2,3,1,2,0,True,car,42,True,407.64,79.65,487.29,True,True,0.797
trp_01742,psg_0970,rte_rosslare_dunkirk,20240910,ctx_family_holiday,prd_standard_inside_cabin,chn_call_center,src_behavior_model_01,1,5,2,3,0,False,foot,49,True,866.89,82.04,948.93,True,False,0.821
trp_01743,psg_0970,rte_dieppe_newhaven,20240416,ctx_shopping,prd_vehicle_crossing_basic,chn_call_center,src_behavior_model_01,2,3,2,1,0,True,car,39,True,233.3,59.67,292.97,True,True,0.969
trp_01744,psg_0971,rte_amsterdam_newcastle,20240113,ctx_visiting_friends,prd_mini_cruise_package,chn_travel_agency,src_behavior_model_01,1,2,0,0,2,False,foot,77,True,537.48,100.75,638.23,True,False,0.822
trp_01745,psg_0971,rte_dieppe_newhaven,20260511,ctx_mini_cruise,prd_mini_cruise_package,chn_website,src_behavior_model_01,2,2,2,0,0,False,foot,89,True,200.8,104.42,305.22,True,True,0.848
trp_01746,psg_0972,rte_dieppe_newhaven,20261025,ctx_shopping,prd_vehicle_crossing_basic,chn_search_engine,src_behavior_model_01,1,2,2,0,0,True,car,41,True,143.38,50.57,193.95,True,False,0.863
trp_01747,psg_0972,rte_dieppe_newhaven,20240408,ctx_transport,prd_flexible_combi_ticket,chn_search_engine,src_behavior_model_01,2,2,2,0,0,True,car,9,False,144.53,40.75,185.28,True,True,0.822
trp_01748,psg_0973,rte_dunkirk_dover,20240812,ctx_shopping,prd_basic_seat,chn_website,src_behavior_model_01,1,4,3,0,1,False,foot,17,False,208.77,47.38,256.15,True,False,0.844
trp_01749,psg_0973,rte_calais_dover,20240826,ctx_weekend_getaway,prd_standard_inside_cabin,chn_search_engine,src_behavior_model_01,2,1,1,0,0,False,foot,24,True,62.73,42.91,105.64,True,True,0.822
trp_01750,psg_0973,rte_dunkirk_dover,20250203,ctx_weekend_getaway,prd_standard_inside_cabin,chn_social_media,src_behavior_model_01,3,3,3,0,0,False,foot,29,True,161.64,43.94,205.58,True,True,0.924
trp_01751,psg_0974,rte_dieppe_newhaven,20250424,ctx_family_holiday,prd_family_cabin_package,chn_website,src_behavior_model_01,1,3,1,2,0,True,camper,21,True,295.77,82.69,378.46,True,False,0.882
trp_01752,psg_0974,rte_calais_dover,20250102,ctx_visiting_friends,prd_standard_inside_cabin,chn_email_campaign,src_behavior_model_01,2,5,4,1,0,True,van,31,True,394.93,91.0,485.93,True,True,0.968
trp_01753,psg_0974,rte_calais_dover,20260812,ctx_shopping,prd_standard_inside_cabin,chn_website,src_behavior_model_01,3,3,2,1,0,True,van,36,True,276.24,64.79,341.03,True,True,0.969
trp_01754,psg_0974,rte_calais_dover,20240116,ctx_transport,prd_vehicle_crossing_basic,chn_mobile_app,src_behavior_model_01,4,3,2,1,0,True,van,35,True,251.55,65.17,316.72,True,True,0.934
trp_01755,psg_0974,rte_calais_dover,20260717,ctx_visiting_friends,prd_flexible_combi_ticket,chn_mobile_app,src_behavior_model_01,5,4,2,2,0,True,van,42,False,275.9,66.38,342.28,True,True,0.939
trp_01756,psg_0975,rte_jersey_portsmouth,20241202,ctx_weekend_getaway,prd_vehicle_crossing_basic,chn_search_engine,src_behavior_model_01,1,3,2,0,1,False,foot,7,True,226.62,37.21,263.83,True,False,0.765
trp_01757,psg_0975,rte_jersey_stmalo,20261017,ctx_shopping,prd_basic_seat,chn_website,src_behavior_model_01,2,1,1,0,0,False,foot,20,True,64.67,17.59,82.26,True,True,0.833
trp_01758,psg_0976,rte_rosslare_dunkirk,20240714,ctx_visiting_friends,prd_flexible_combi_ticket,chn_website,src_behavior_model_01,1,4,3,1,0,True,car,21,True,650.52,51.98,702.5,True,False,0.848
trp_01759,psg_0976,rte_dieppe_newhaven,20240317,ctx_transport,prd_vehicle_crossing_basic,chn_call_center,src_behavior_model_01,2,2,2,0,0,False,foot,23,True,118.74,34.87,153.61,True,True,0.882
trp_01760,psg_0977,rte_karlshamn_klaipeda,20261030,ctx_visiting_friends,prd_vehicle_crossing_basic,chn_website,src_behavior_model_01,1,2,2,0,0,True,car,45,True,423.55,36.91,460.46,True,False,0.8
trp_01761,psg_0977,rte_dieppe_newhaven,20250730,ctx_visiting_friends,prd_flexible_combi_ticket,chn_website,src_behavior_model_01,2,3,3,0,0,True,car,48,False,231.02,40.44,271.46,True,True,0.816
trp_01762,psg_0977,rte_calais_dover,20250703,ctx_transport,prd_vehicle_crossing_basic,chn_returning_portal,src_behavior_model_01,3,1,1,0,0,True,car,42,True,97.41,34.74,132.15,True,True,0.825
trp_01763,psg_0978,rte_dunkirk_dover,20250913,ctx_shopping,prd_basic_seat,chn_search_engine,src_behavior_model_01,1,2,2,0,0,True,car,17,False,116.8,30.85,147.65,True,False,0.923
trp_01764,psg_0979,rte_calais_dover,20260124,ctx_visiting_friends,prd_sea_view_cabin,chn_returning_portal,src_behavior_model_01,1,3,3,0,0,True,van,49,True,277.87,98.26,376.13,True,False,0.932
trp_01765,psg_0980,rte_kiel_klaipeda,20241110,ctx_mini_cruise,prd_mini_cruise_package,chn_call_center,src_behavior_model_01,1,2,1,0,1,False,foot,21,True,579.48,94.43,673.91,True,False,0.753
trp_01766,psg_0981,rte_jersey_stmalo,20240703,ctx_event,prd_mini_cruise_package,chn_mobile_app,src_behavior_model_01,1,3,3,0,0,False,foot,26,True,397.25,71.86,469.11,True,False,0.744
trp_01767,psg_0981,rte_dunkirk_dover,20240529,ctx_weekend_getaway,prd_mini_cruise_package,chn_social_media,src_behavior_model_01,2,2,2,0,0,False,foot,6,True,181.41,67.86,249.27,True,True,0.836
trp_01768,psg_0981,rte_amsterdam_newcastle,20251214,ctx_weekend_getaway,prd_basic_seat,chn_mobile_app,src_behavior_model_01,3,1,1,0,0,True,car,20,True,161.13,31.37,192.5,True,True,0.749
trp_01769,psg_0982,rte_dieppe_newhaven,20250207,ctx_weekend_getaway,prd_mini_cruise_package,chn_returning_portal,src_behavior_model_01,1,2,2,0,0,True,van,87,True,246.22,101.13,347.35,True,False,0.888
trp_01770,psg_0982,rte_jersey_stmalo,20260811,ctx_visiting_friends,prd_mini_cruise_package,chn_returning_portal,src_behavior_model_01,2,2,0,0,2,False,foot,98,True,314.05,97.84,411.89,True,True,0.789
trp_01771,psg_0983,rte_rosslare_dunkirk,20251222,ctx_family_holiday,prd_vehicle_crossing_basic,chn_search_engine,src_behavior_model_01,1,4,3,1,0,False,foot,36,True,630.36,60.61,690.97,True,False,0.794
trp_01772,psg_0984,rte_jersey_portsmouth,20250825,ctx_transport,prd_flexible_combi_ticket,chn_search_engine,src_behavior_model_01,1,4,3,1,0,False,foot,23,False,380.88,35.61,416.49,True,False,0.76
trp_01773,psg_0984,rte_calais_dover,20240417,ctx_transport,prd_basic_seat,chn_social_media,src_behavior_model_01,2,1,1,0,0,False,foot,5,False,43.39,23.25,66.64,True,True,0.895
trp_01774,psg_0985,rte_kapellskar_paldiski,20260727,ctx_weekend_getaway,prd_premium_lounge_pass,chn_call_center,src_behavior_model_01,1,1,1,0,0,False,foot,78,True,298.5,102.07,400.57,True,False,0.835
trp_01775,psg_0986,rte_kiel_klaipeda,20250319,ctx_mini_cruise,prd_sea_view_cabin,chn_travel_agency,src_behavior_model_01,1,3,3,0,0,False,foot,47,True,626.71,94.23,720.94,True,False,0.845
trp_01776,psg_0986,rte_amsterdam_newcastle,20260624,ctx_weekend_getaway,prd_commodore_cabin,chn_travel_agency,src_behavior_model_01,2,3,2,1,0,False,foot,29,True,598.29,109.21,707.5,True,True,0.88
trp_01777,psg_0986,rte_kapellskar_paldiski,20240318,ctx_mini_cruise,prd_commodore_cabin,chn_returning_portal,src_behavior_model_01,3,2,2,0,0,False,foot,58,True,406.65,90.3,496.95,True,True,0.861
trp_01778,psg_0987,rte_jersey_portsmouth,20240425,ctx_mini_cruise,prd_flexible_combi_ticket,chn_mobile_app,src_behavior_model_01,1,2,2,0,0,False,foot,23,False,163.9,34.67,198.57,True,False,0.774
trp_01779,psg_0988,rte_dunkirk_dover,20250818,ctx_family_holiday,prd_vehicle_crossing_basic,chn_mobile_app,src_behavior_model_01,1,3,1,2,0,True,motorcycle,48,True,216.45,55.86,272.31,True,False,0.864
trp_01780,psg_0989,rte_dunkirk_dover,20241210,ctx_family_holiday,prd_vehicle_crossing_basic,chn_website,src_behavior_model_01,1,1,1,0,0,True,car,44,True,89.75,38.68,128.43,True,False,0.859
trp_01781,psg_0989,rte_rosslare_dunkirk,20241208,ctx_family_holiday,prd_flexible_combi_ticket,chn_call_center,src_behavior_model_01,2,4,4,0,0,False,foot,59,True,559.43,52.16,611.59,True,True,0.819
trp_01782,psg_0990,rte_dunkirk_dover,20250331,ctx_business,prd_vehicle_crossing_basic,chn_returning_portal,src_behavior_model_01,1,2,2,0,0,True,motorcycle,9,True,158.54,58.61,217.15,True,False,0.968
trp_01783,psg_0990,rte_dieppe_newhaven,20251231,ctx_business,prd_standard_inside_cabin,chn_travel_agency,src_behavior_model_01,2,1,1,0,0,False,foot,10,True,76.33,49.92,126.25,True,True,0.949
trp_01784,psg_0991,rte_dieppe_newhaven,20250525,ctx_transport,prd_basic_seat,chn_email_campaign,src_behavior_model_01,1,3,2,1,0,False,foot,9,False,154.63,30.16,184.79,True,False,0.894
trp_01785,psg_0992,rte_calais_dover,20240420,ctx_weekend_getaway,prd_basic_seat,chn_mobile_app,src_behavior_model_01,1,3,3,0,0,True,bicycle,31,False,155.5,52.49,207.99,True,False,0.823
trp_01786,psg_0993,rte_dunkirk_dover,20250416,ctx_business,prd_basic_seat,chn_returning_portal,src_behavior_model_01,1,2,2,0,0,False,foot,3,False,94.32,53.5,147.82,True,False,0.98
trp_01787,psg_0993,rte_dieppe_newhaven,20250822,ctx_business,prd_standard_inside_cabin,chn_returning_portal,src_behavior_model_01,2,1,1,0,0,False,foot,3,True,71.2,53.12,124.32,True,True,0.972
trp_01788,psg_0993,rte_dunkirk_dover,20261217,ctx_business,prd_premium_lounge_pass,chn_travel_agency,src_behavior_model_01,3,1,1,0,0,True,camper,7,True,162.63,55.61,218.24,True,True,0.893
trp_01789,psg_0994,rte_dunkirk_dover,20260828,ctx_weekend_getaway,prd_flexible_combi_ticket,chn_mobile_app,src_behavior_model_01,1,1,1,0,0,False,foot,4,False,72.52,31.2,103.72,True,False,0.857
trp_01790,psg_0995,rte_morocco_spain,20250408,ctx_shopping,prd_flexible_combi_ticket,chn_website,src_behavior_model_01,1,1,1,0,0,False,foot,37,False,112.26,44.85,157.11,True,False,0.757
trp_01791,psg_0996,rte_calais_dover,20250228,ctx_weekend_getaway,prd_commodore_cabin,chn_returning_portal,src_behavior_model_01,1,2,1,0,1,False,foot,50,True,157.39,73.1,230.49,True,False,0.898
trp_01792,psg_0996,rte_amsterdam_newcastle,20250829,ctx_mini_cruise,prd_premium_lounge_pass,chn_travel_agency,src_behavior_model_01,2,1,0,0,1,False,foot,116,True,235.82,97.73,333.55,True,True,0.862
trp_01793,psg_0996,rte_amsterdam_newcastle,20240217,ctx_event,prd_commodore_cabin,chn_website,src_behavior_model_01,3,2,1,0,1,False,foot,77,True,365.82,81.7,447.52,True,True,0.913
trp_01794,psg_0997,rte_rosslare_dunkirk,20240228,ctx_family_holiday,prd_standard_inside_cabin,chn_call_center,src_behavior_model_01,1,2,2,0,0,True,car,73,True,393.85,56.4,450.25,True,False,0.731
trp_01795,psg_0997,rte_jersey_stmalo,20250803,ctx_visiting_friends,prd_vehicle_crossing_basic,chn_website,src_behavior_model_01,2,3,2,1,0,False,foot,65,True,261.61,63.85,325.46,True,True,0.809
trp_01796,psg_0998,rte_kapellskar_paldiski,20240211,ctx_family_holiday,prd_vehicle_crossing_basic,chn_website,src_behavior_model_01,1,5,3,2,0,True,van,75,True,967.56,69.92,1037.48,True,False,0.876
trp_01797,psg_0999,rte_rosslare_dunkirk,20260817,ctx_weekend_getaway,prd_sea_view_cabin,chn_call_center,src_behavior_model_01,1,2,2,0,0,False,foot,36,True,344.08,107.21,451.29,True,False,0.835
trp_01798,psg_0999,rte_amsterdam_newcastle,20251113,ctx_mini_cruise,prd_sea_view_cabin,chn_returning_portal,src_behavior_model_01,2,2,2,0,0,False,foot,48,True,388.29,92.54,480.83,True,True,0.91
trp_01799,psg_1000,rte_dunkirk_dover,20260925,ctx_weekend_getaway,prd_basic_seat,chn_search_engine,src_behavior_model_01,1,3,2,1,0,False,foot,30,False,121.99,29.52,151.51,True,False,0.903
trp_01800,psg_1000,rte_dieppe_newhaven,20260207,ctx_shopping,prd_standard_inside_cabin,chn_search_engine,src_behavior_model_01,2,2,2,0,0,False,foot,19,True,126.09,44.15,170.24,True,True,0.843
